bom_id,product_id,component_id,qty_per_unit,unit_consumption,scrap_factor
BOM-001,PROD-P1,COMP-C1,2.0,pcs,1.002
BOM-002,PROD-P1,COMP-C3,1.0,pcs,1.005
BOM-003,PROD-P1,COMP-C5,4.0,pcs,1.001
BOM-004,PROD-P1,COMP-C6,0.5,pcs,1.002
BOM-005,PROD-P1,COMP-C2,1.0,pcs,1.002
BOM-006,PROD-P2,COMP-C1,1.5,pcs,1.002
BOM-007,PROD-P2,COMP-C2,2.0,pcs,1.002
BOM-008,PROD-P2,COMP-C3,0.5,pcs,1.005
BOM-009,PROD-P2,COMP-C5,3.0,pcs,1.001
BOM-010,PROD-P3,COMP-C2,1.0,pcs,1.002
BOM-011,PROD-P3,COMP-C4,0.2,kg,1.01
BOM-012,PROD-P3,COMP-C5,2.0,pcs,1.001
BOM-013,PROD-P4,COMP-C2,2.0,pcs,1.002
BOM-014,PROD-P4,COMP-C4,0.15,kg,1.01
BOM-015,PROD-P4,COMP-C6,1.0,pcs,1.002
BOM-016,PROD-P4,COMP-C5,2.0,pcs,1.001
