incident_ref,machine_or_station,start_ts_raw,end_ts_raw,ts_format,incident_code,note,reported_by
INC-0001,M2,29/09/2026 08:00,29/09/2026 16:00,DD/MM/YYYY HH:MM,FMEA-M2-001,"RPN=96, Severity=HIGH",Van
INC-0002,M2,30/09/2026 08:00,30/09/2026 12:00,DD/MM/YYYY HH:MM,FMEA-M2-001,"RPN=64, Severity=MEDIUM",Van
INC-0003,M2,01/10/2026 08:00,01/10/2026 20:00,DD/MM/YYYY HH:MM,FMEA-M2-001,"RPN=128, Severity=CRITICAL",Van
INC-0004,M1,02/10/2026 08:00,02/10/2026 16:00,DD/MM/YYYY HH:MM,FMEA-M1-002,"RPN=54, Severity=MEDIUM",Van
INC-0005,HT,03/10/2026 08:00,03/10/2026 16:00,DD/MM/YYYY HH:MM,FMEA-HT-001,"RPN=135, Severity=CRITICAL",Van
INC-0006,AS2,04/10/2026 08:00,04/10/2026 16:00,DD/MM/YYYY HH:MM,FMEA-AS2-001,"RPN=30, Severity=LOW",Van
INC-0007,T1,05/10/2026 08:00,05/10/2026 16:00,DD/MM/YYYY HH:MM,FMEA-T1-001,"RPN=42, Severity=MEDIUM",Van
INC-0008,M2,05/10/2026 16:00,06/10/2026 00:00,DD/MM/YYYY HH:MM,FMEA-M2-001,"RPN=96, Severity=HIGH",Van
INC-0009,M2,06/10/2026 08:00,06/10/2026 16:00,DD/MM/YYYY HH:MM,FMEA-M2-001,"RPN=96, Severity=HIGH",Van
INC-0010,M2,07/10/2026 08:00,07/10/2026 16:00,DD/MM/YYYY HH:MM,FMEA-M2-001,"RPN=96, Severity=HIGH",Van
INC-0011,M2,08/10/2026 08:00,08/10/2026 12:00,DD/MM/YYYY HH:MM,FMEA-COMB-001,"RPN=48, Severity=MEDIUM",Van
INC-0012,M2,09/10/2026 08:00,09/10/2026 16:00,DD/MM/YYYY HH:MM,FMEA-M2-001,"RPN=96, Severity=HIGH",Van
INC-0013,AS2,30/09/2026 16:00,30/09/2026 16:30,DD/MM/YYYY HH:MM,FMEA-SUP-001,"RPN=96, Severity=HIGH",Van
INC-0014,M1,06/10/2026 14:00,06/10/2026 14:30,DD/MM/YYYY HH:MM,FMEA-M1-001,"RPN=54, Severity=MEDIUM",Van
INC-0015,HT,30/09/2026 18:00,30/09/2026 18:30,DD/MM/YYYY HH:MM,FMEA-HT-001,"RPN=135, Severity=CRITICAL",Van
INC-0016,AS2,06/10/2026 14:00,06/10/2026 14:15,DD/MM/YYYY HH:MM,FMEA-AS2-001,"RPN=30, Severity=LOW",Van
INC-0017,HT,30/09/2026 10:00,30/09/2026 10:30,DD/MM/YYYY HH:MM,FMEA-DATA-001,"RPN=42, Severity=MEDIUM",Van
INC-0018,AS2,07/10/2026 10:00,07/10/2026 10:30,DD/MM/YYYY HH:MM,FMEA-COMB-001,"RPN=48, Severity=MEDIUM",Van
INC-0019,LAB,08/10/2026 14:00,08/10/2026 14:30,DD/MM/YYYY HH:MM,FMEA-UNKNOWN,"RPN=0, Severity=UNKNOWN",Van
INC-0020,SHP,10/10/2026 10:00,10/10/2026 10:30,DD/MM/YYYY HH:MM,FMEA-SUP-002,"RPN=108, Severity=CRITICAL",Van
