snapshot_id,capture_ts_raw,ts_format,item_code,item_type,location_code,qty_raw,capture_method
INV-00001,29/09/2026 06:00,DD/MM/YYYY HH:MM,PROD-P1,FG,Kho_FG_-_Line_A,450,AUTO
INV-00002,29/09/2026 06:00,DD/MM/YYYY HH:MM,PROD-P2,FG,Kho_FG_-_Line_A,600,AUTO
INV-00003,29/09/2026 06:00,DD/MM/YYYY HH:MM,PROD-P3,FG,Kho_FG_-_Line_B,450,AUTO
INV-00004,29/09/2026 06:00,DD/MM/YYYY HH:MM,PROD-P4,FG,Kho_FG_-_Line_B,450,AUTO
INV-00005,29/09/2026 06:00,DD/MM/YYYY HH:MM,COMP-C3,COMPONENT,Kho_NVL,600,AUTO
INV-00006,29/09/2026 18:00,DD/MM/YYYY HH:MM,PROD-P1,FG,Kho_FG_-_Line_A,450,MANUAL
INV-00007,29/09/2026 18:00,DD/MM/YYYY HH:MM,PROD-P2,FG,Kho_FG_-_Line_A,600,MANUAL
INV-00008,29/09/2026 18:00,DD/MM/YYYY HH:MM,PROD-P3,FG,Kho_FG_-_Line_B,450,MANUAL
INV-00009,29/09/2026 18:00,DD/MM/YYYY HH:MM,PROD-P4,FG,Kho_FG_-_Line_B,450,MANUAL
INV-00010,29/09/2026 18:00,DD/MM/YYYY HH:MM,COMP-C3,COMPONENT,Kho_NVL,3000,MANUAL
INV-00011,30/09/2026 06:00,DD/MM/YYYY HH:MM,PROD-P1,FG,Kho_FG_-_Line_A,450,AUTO
INV-00012,30/09/2026 06:00,DD/MM/YYYY HH:MM,PROD-P2,FG,Kho_FG_-_Line_A,600,AUTO
INV-00013,30/09/2026 06:00,DD/MM/YYYY HH:MM,PROD-P3,FG,Kho_FG_-_Line_B,450,AUTO
INV-00014,30/09/2026 06:00,DD/MM/YYYY HH:MM,PROD-P4,FG,Kho_FG_-_Line_B,450,AUTO
INV-00015,30/09/2026 06:00,DD/MM/YYYY HH:MM,COMP-C3,COMPONENT,Kho_NVL,3000,AUTO
INV-00016,30/09/2026 18:00,DD/MM/YYYY HH:MM,PROD-P1,FG,Kho_FG_-_Line_A,450,MANUAL
INV-00017,30/09/2026 18:00,DD/MM/YYYY HH:MM,PROD-P2,FG,Kho_FG_-_Line_A,600,MANUAL
INV-00018,30/09/2026 18:00,DD/MM/YYYY HH:MM,PROD-P3,FG,Kho_FG_-_Line_B,450,MANUAL
INV-00019,30/09/2026 18:00,DD/MM/YYYY HH:MM,PROD-P4,FG,Kho_FG_-_Line_B,450,MANUAL
INV-00020,30/09/2026 18:00,DD/MM/YYYY HH:MM,COMP-C3,COMPONENT,Kho_NVL,3000,MANUAL
INV-00021,01/10/2026 06:00,DD/MM/YYYY HH:MM,PROD-P1,FG,Kho_FG_-_Line_A,450,AUTO
INV-00022,01/10/2026 06:00,DD/MM/YYYY HH:MM,PROD-P2,FG,Kho_FG_-_Line_A,600,AUTO
INV-00023,01/10/2026 06:00,DD/MM/YYYY HH:MM,PROD-P3,FG,Kho_FG_-_Line_B,450,AUTO
INV-00024,01/10/2026 06:00,DD/MM/YYYY HH:MM,PROD-P4,FG,Kho_FG_-_Line_B,450,AUTO
INV-00025,01/10/2026 06:00,DD/MM/YYYY HH:MM,COMP-C3,COMPONENT,Kho_NVL,3000,AUTO
INV-00026,01/10/2026 18:00,DD/MM/YYYY HH:MM,PROD-P1,FG,Kho_FG_-_Line_A,450,MANUAL
INV-00027,01/10/2026 18:00,DD/MM/YYYY HH:MM,PROD-P2,FG,Kho_FG_-_Line_A,600,MANUAL
INV-00028,01/10/2026 18:00,DD/MM/YYYY HH:MM,PROD-P3,FG,Kho_FG_-_Line_B,450,MANUAL
INV-00029,01/10/2026 18:00,DD/MM/YYYY HH:MM,PROD-P4,FG,Kho_FG_-_Line_B,450,MANUAL
INV-00030,01/10/2026 18:00,DD/MM/YYYY HH:MM,COMP-C3,COMPONENT,Kho_NVL,3000,MANUAL
INV-00031,02/10/2026 06:00,DD/MM/YYYY HH:MM,PROD-P1,FG,Kho_FG_-_Line_A,450,AUTO
INV-00032,02/10/2026 06:00,DD/MM/YYYY HH:MM,PROD-P2,FG,Kho_FG_-_Line_A,600,AUTO
INV-00033,02/10/2026 06:00,DD/MM/YYYY HH:MM,PROD-P3,FG,Kho_FG_-_Line_B,450,AUTO
INV-00034,02/10/2026 06:00,DD/MM/YYYY HH:MM,PROD-P4,FG,Kho_FG_-_Line_B,450,AUTO
INV-00035,02/10/2026 06:00,DD/MM/YYYY HH:MM,COMP-C3,COMPONENT,Kho_NVL,3000,AUTO
INV-00036,02/10/2026 18:00,DD/MM/YYYY HH:MM,PROD-P1,FG,Kho_FG_-_Line_A,450,MANUAL
INV-00037,02/10/2026 18:00,DD/MM/YYYY HH:MM,PROD-P2,FG,Kho_FG_-_Line_A,600,MANUAL
INV-00038,02/10/2026 18:00,DD/MM/YYYY HH:MM,PROD-P3,FG,Kho_FG_-_Line_B,450,MANUAL
INV-00039,02/10/2026 18:00,DD/MM/YYYY HH:MM,PROD-P4,FG,Kho_FG_-_Line_B,450,MANUAL
INV-00040,02/10/2026 18:00,DD/MM/YYYY HH:MM,COMP-C3,COMPONENT,Kho_NVL,3000,MANUAL
INV-00041,03/10/2026 06:00,DD/MM/YYYY HH:MM,PROD-P1,FG,Kho_FG_-_Line_A,450,AUTO
INV-00042,03/10/2026 06:00,DD/MM/YYYY HH:MM,PROD-P2,FG,Kho_FG_-_Line_A,600,AUTO
INV-00043,03/10/2026 06:00,DD/MM/YYYY HH:MM,PROD-P3,FG,Kho_FG_-_Line_B,450,AUTO
INV-00044,03/10/2026 06:00,DD/MM/YYYY HH:MM,PROD-P4,FG,Kho_FG_-_Line_B,450,AUTO
INV-00045,03/10/2026 06:00,DD/MM/YYYY HH:MM,COMP-C3,COMPONENT,Kho_NVL,3000,AUTO
INV-00046,03/10/2026 18:00,DD/MM/YYYY HH:MM,PROD-P1,FG,Kho_FG_-_Line_A,450,MANUAL
INV-00047,03/10/2026 18:00,DD/MM/YYYY HH:MM,PROD-P2,FG,Kho_FG_-_Line_A,600,MANUAL
INV-00048,03/10/2026 18:00,DD/MM/YYYY HH:MM,PROD-P3,FG,Kho_FG_-_Line_B,450,MANUAL
INV-00049,03/10/2026 18:00,DD/MM/YYYY HH:MM,PROD-P4,FG,Kho_FG_-_Line_B,450,MANUAL
INV-00050,03/10/2026 18:00,DD/MM/YYYY HH:MM,COMP-C3,COMPONENT,Kho_NVL,3000,MANUAL
INV-00051,04/10/2026 06:00,DD/MM/YYYY HH:MM,PROD-P1,FG,Kho_FG_-_Line_A,450,AUTO
INV-00052,04/10/2026 06:00,DD/MM/YYYY HH:MM,PROD-P2,FG,Kho_FG_-_Line_A,600,AUTO
INV-00053,04/10/2026 06:00,DD/MM/YYYY HH:MM,PROD-P3,FG,Kho_FG_-_Line_B,450,AUTO
INV-00054,04/10/2026 06:00,DD/MM/YYYY HH:MM,PROD-P4,FG,Kho_FG_-_Line_B,450,AUTO
INV-00055,04/10/2026 06:00,DD/MM/YYYY HH:MM,COMP-C3,COMPONENT,Kho_NVL,3000,AUTO
INV-00056,04/10/2026 18:00,DD/MM/YYYY HH:MM,PROD-P1,FG,Kho_FG_-_Line_A,450,MANUAL
INV-00057,04/10/2026 18:00,DD/MM/YYYY HH:MM,PROD-P2,FG,Kho_FG_-_Line_A,600,MANUAL
INV-00058,04/10/2026 18:00,DD/MM/YYYY HH:MM,PROD-P3,FG,Kho_FG_-_Line_B,450,MANUAL
INV-00059,04/10/2026 18:00,DD/MM/YYYY HH:MM,PROD-P4,FG,Kho_FG_-_Line_B,450,MANUAL
INV-00060,04/10/2026 18:00,DD/MM/YYYY HH:MM,COMP-C3,COMPONENT,Kho_NVL,3000,MANUAL
INV-00061,05/10/2026 06:00,DD/MM/YYYY HH:MM,PROD-P1,FG,Kho_FG_-_Line_A,450,AUTO
INV-00062,05/10/2026 06:00,DD/MM/YYYY HH:MM,PROD-P2,FG,Kho_FG_-_Line_A,600,AUTO
INV-00063,05/10/2026 06:00,DD/MM/YYYY HH:MM,PROD-P3,FG,Kho_FG_-_Line_B,450,AUTO
INV-00064,05/10/2026 06:00,DD/MM/YYYY HH:MM,PROD-P4,FG,Kho_FG_-_Line_B,450,AUTO
INV-00065,05/10/2026 06:00,DD/MM/YYYY HH:MM,COMP-C3,COMPONENT,Kho_NVL,3000,AUTO
INV-00066,05/10/2026 18:00,DD/MM/YYYY HH:MM,PROD-P1,FG,Kho_FG_-_Line_A,450,MANUAL
INV-00067,05/10/2026 18:00,DD/MM/YYYY HH:MM,PROD-P2,FG,Kho_FG_-_Line_A,600,MANUAL
INV-00068,05/10/2026 18:00,DD/MM/YYYY HH:MM,PROD-P3,FG,Kho_FG_-_Line_B,450,MANUAL
INV-00069,05/10/2026 18:00,DD/MM/YYYY HH:MM,PROD-P4,FG,Kho_FG_-_Line_B,450,MANUAL
INV-00070,05/10/2026 18:00,DD/MM/YYYY HH:MM,COMP-C3,COMPONENT,Kho_NVL,3000,MANUAL
INV-00071,06/10/2026 06:00,DD/MM/YYYY HH:MM,PROD-P1,FG,Kho_FG_-_Line_A,450,AUTO
INV-00072,06/10/2026 06:00,DD/MM/YYYY HH:MM,PROD-P2,FG,Kho_FG_-_Line_A,600,AUTO
INV-00073,06/10/2026 06:00,DD/MM/YYYY HH:MM,PROD-P3,FG,Kho_FG_-_Line_B,450,AUTO
INV-00074,06/10/2026 06:00,DD/MM/YYYY HH:MM,PROD-P4,FG,Kho_FG_-_Line_B,450,AUTO
INV-00075,06/10/2026 06:00,DD/MM/YYYY HH:MM,COMP-C3,COMPONENT,Kho_NVL,3000,AUTO
INV-00076,06/10/2026 18:00,DD/MM/YYYY HH:MM,PROD-P1,FG,Kho_FG_-_Line_A,450,MANUAL
INV-00077,06/10/2026 18:00,DD/MM/YYYY HH:MM,PROD-P2,FG,Kho_FG_-_Line_A,600,MANUAL
INV-00078,06/10/2026 18:00,DD/MM/YYYY HH:MM,PROD-P3,FG,Kho_FG_-_Line_B,450,MANUAL
INV-00079,06/10/2026 18:00,DD/MM/YYYY HH:MM,PROD-P4,FG,Kho_FG_-_Line_B,450,MANUAL
INV-00080,06/10/2026 18:00,DD/MM/YYYY HH:MM,COMP-C3,COMPONENT,Kho_NVL,3000,MANUAL
INV-00081,07/10/2026 06:00,DD/MM/YYYY HH:MM,PROD-P1,FG,Kho_FG_-_Line_A,450,AUTO
INV-00082,07/10/2026 06:00,DD/MM/YYYY HH:MM,PROD-P2,FG,Kho_FG_-_Line_A,600,AUTO
INV-00083,07/10/2026 06:00,DD/MM/YYYY HH:MM,PROD-P3,FG,Kho_FG_-_Line_B,450,AUTO
INV-00084,07/10/2026 06:00,DD/MM/YYYY HH:MM,PROD-P4,FG,Kho_FG_-_Line_B,450,AUTO
INV-00085,07/10/2026 06:00,DD/MM/YYYY HH:MM,COMP-C3,COMPONENT,Kho_NVL,3000,AUTO
INV-00086,07/10/2026 18:00,DD/MM/YYYY HH:MM,PROD-P1,FG,Kho_FG_-_Line_A,450,MANUAL
INV-00087,07/10/2026 18:00,DD/MM/YYYY HH:MM,PROD-P2,FG,Kho_FG_-_Line_A,600,MANUAL
INV-00088,07/10/2026 18:00,DD/MM/YYYY HH:MM,PROD-P3,FG,Kho_FG_-_Line_B,450,MANUAL
INV-00089,07/10/2026 18:00,DD/MM/YYYY HH:MM,PROD-P4,FG,Kho_FG_-_Line_B,450,MANUAL
INV-00090,07/10/2026 18:00,DD/MM/YYYY HH:MM,COMP-C3,COMPONENT,Kho_NVL,3000,MANUAL
INV-00091,08/10/2026 06:00,DD/MM/YYYY HH:MM,PROD-P1,FG,Kho_FG_-_Line_A,450,AUTO
INV-00092,08/10/2026 06:00,DD/MM/YYYY HH:MM,PROD-P2,FG,Kho_FG_-_Line_A,600,AUTO
INV-00093,08/10/2026 06:00,DD/MM/YYYY HH:MM,PROD-P3,FG,Kho_FG_-_Line_B,450,AUTO
INV-00094,08/10/2026 06:00,DD/MM/YYYY HH:MM,PROD-P4,FG,Kho_FG_-_Line_B,450,AUTO
INV-00095,08/10/2026 06:00,DD/MM/YYYY HH:MM,COMP-C3,COMPONENT,Kho_NVL,3000,AUTO
INV-00096,08/10/2026 18:00,DD/MM/YYYY HH:MM,PROD-P1,FG,Kho_FG_-_Line_A,450,MANUAL
INV-00097,08/10/2026 18:00,DD/MM/YYYY HH:MM,PROD-P2,FG,Kho_FG_-_Line_A,600,MANUAL
INV-00098,08/10/2026 18:00,DD/MM/YYYY HH:MM,PROD-P3,FG,Kho_FG_-_Line_B,450,MANUAL
INV-00099,08/10/2026 18:00,DD/MM/YYYY HH:MM,PROD-P4,FG,Kho_FG_-_Line_B,450,MANUAL
INV-00100,08/10/2026 18:00,DD/MM/YYYY HH:MM,COMP-C3,COMPONENT,Kho_NVL,3000,MANUAL
INV-00101,09/10/2026 06:00,DD/MM/YYYY HH:MM,PROD-P1,FG,Kho_FG_-_Line_A,450,AUTO
INV-00102,09/10/2026 06:00,DD/MM/YYYY HH:MM,PROD-P2,FG,Kho_FG_-_Line_A,600,AUTO
INV-00103,09/10/2026 06:00,DD/MM/YYYY HH:MM,PROD-P3,FG,Kho_FG_-_Line_B,450,AUTO
INV-00104,09/10/2026 06:00,DD/MM/YYYY HH:MM,PROD-P4,FG,Kho_FG_-_Line_B,450,AUTO
INV-00105,09/10/2026 06:00,DD/MM/YYYY HH:MM,COMP-C3,COMPONENT,Kho_NVL,3000,AUTO
INV-00106,09/10/2026 18:00,DD/MM/YYYY HH:MM,PROD-P1,FG,Kho_FG_-_Line_A,450,MANUAL
INV-00107,09/10/2026 18:00,DD/MM/YYYY HH:MM,PROD-P2,FG,Kho_FG_-_Line_A,600,MANUAL
INV-00108,09/10/2026 18:00,DD/MM/YYYY HH:MM,PROD-P3,FG,Kho_FG_-_Line_B,450,MANUAL
INV-00109,09/10/2026 18:00,DD/MM/YYYY HH:MM,PROD-P4,FG,Kho_FG_-_Line_B,450,MANUAL
INV-00110,09/10/2026 18:00,DD/MM/YYYY HH:MM,COMP-C3,COMPONENT,Kho_NVL,3000,MANUAL
INV-00111,10/10/2026 06:00,DD/MM/YYYY HH:MM,PROD-P1,FG,Kho_FG_-_Line_A,450,AUTO
INV-00112,10/10/2026 06:00,DD/MM/YYYY HH:MM,PROD-P2,FG,Kho_FG_-_Line_A,600,AUTO
INV-00113,10/10/2026 06:00,DD/MM/YYYY HH:MM,PROD-P3,FG,Kho_FG_-_Line_B,450,AUTO
INV-00114,10/10/2026 06:00,DD/MM/YYYY HH:MM,PROD-P4,FG,Kho_FG_-_Line_B,450,AUTO
INV-00115,10/10/2026 06:00,DD/MM/YYYY HH:MM,COMP-C3,COMPONENT,Kho_NVL,3000,AUTO
INV-00116,10/10/2026 18:00,DD/MM/YYYY HH:MM,PROD-P1,FG,Kho_FG_-_Line_A,450,MANUAL
INV-00117,10/10/2026 18:00,DD/MM/YYYY HH:MM,PROD-P2,FG,Kho_FG_-_Line_A,600,MANUAL
INV-00118,10/10/2026 18:00,DD/MM/YYYY HH:MM,PROD-P3,FG,Kho_FG_-_Line_B,450,MANUAL
INV-00119,10/10/2026 18:00,DD/MM/YYYY HH:MM,PROD-P4,FG,Kho_FG_-_Line_B,450,MANUAL
INV-00120,10/10/2026 18:00,DD/MM/YYYY HH:MM,COMP-C3,COMPONENT,Kho_NVL,3000,MANUAL
INV-00121,11/10/2026 06:00,DD/MM/YYYY HH:MM,PROD-P1,FG,Kho_FG_-_Line_A,450,AUTO
INV-00122,11/10/2026 06:00,DD/MM/YYYY HH:MM,PROD-P2,FG,Kho_FG_-_Line_A,600,AUTO
INV-00123,11/10/2026 06:00,DD/MM/YYYY HH:MM,PROD-P3,FG,Kho_FG_-_Line_B,450,AUTO
INV-00124,11/10/2026 06:00,DD/MM/YYYY HH:MM,PROD-P4,FG,Kho_FG_-_Line_B,450,AUTO
INV-00125,11/10/2026 06:00,DD/MM/YYYY HH:MM,COMP-C3,COMPONENT,Kho_NVL,3000,AUTO
INV-00126,11/10/2026 18:00,DD/MM/YYYY HH:MM,PROD-P1,FG,Kho_FG_-_Line_A,450,MANUAL
INV-00127,11/10/2026 18:00,DD/MM/YYYY HH:MM,PROD-P2,FG,Kho_FG_-_Line_A,600,MANUAL
INV-00128,11/10/2026 18:00,DD/MM/YYYY HH:MM,PROD-P3,FG,Kho_FG_-_Line_B,450,MANUAL
INV-00129,11/10/2026 18:00,DD/MM/YYYY HH:MM,PROD-P4,FG,Kho_FG_-_Line_B,450,MANUAL
INV-00130,11/10/2026 18:00,DD/MM/YYYY HH:MM,COMP-C3,COMPONENT,Kho_NVL,3000,MANUAL
INV-00131,12/10/2026 06:00,DD/MM/YYYY HH:MM,PROD-P1,FG,Kho_FG_-_Line_A,450,AUTO
INV-00132,12/10/2026 06:00,DD/MM/YYYY HH:MM,PROD-P2,FG,Kho_FG_-_Line_A,600,AUTO
INV-00133,12/10/2026 06:00,DD/MM/YYYY HH:MM,PROD-P3,FG,Kho_FG_-_Line_B,450,AUTO
INV-00134,12/10/2026 06:00,DD/MM/YYYY HH:MM,PROD-P4,FG,Kho_FG_-_Line_B,450,AUTO
INV-00135,12/10/2026 06:00,DD/MM/YYYY HH:MM,COMP-C3,COMPONENT,Kho_NVL,3000,AUTO
INV-00136,12/10/2026 18:00,DD/MM/YYYY HH:MM,PROD-P1,FG,Kho_FG_-_Line_A,450,MANUAL
INV-00137,12/10/2026 18:00,DD/MM/YYYY HH:MM,PROD-P2,FG,Kho_FG_-_Line_A,600,MANUAL
INV-00138,12/10/2026 18:00,DD/MM/YYYY HH:MM,PROD-P3,FG,Kho_FG_-_Line_B,450,MANUAL
INV-00139,12/10/2026 18:00,DD/MM/YYYY HH:MM,PROD-P4,FG,Kho_FG_-_Line_B,450,MANUAL
INV-00140,12/10/2026 18:00,DD/MM/YYYY HH:MM,COMP-C3,COMPONENT,Kho_NVL,3000,MANUAL
