lot_id,product_id,qty,parent_kind,parent_batch,line_id,created_day,created_ts,shift,status
LOT-0001,PROD-P1,200,RAW,,A,D0,2026-09-29T06:00:00,CA1,DONE
LOT-0002,PROD-P2,200,RAW,,A,D0,2026-09-29T14:48:00,CA2,DONE
LOT-0003,PROD-P3,200,RAW,,B,D0,2026-09-29T07:36:00,CA1,DONE
LOT-0004,PROD-P4,200,RAW,,B,D0,2026-09-29T16:24:00,CA2,DONE
LOT-0005,PROD-P1,200,RAW,,A,D0,2026-09-29T09:12:00,CA1,DONE
LOT-0006,PROD-P2,200,RAW,,A,D0,2026-09-29T18:00:00,CA2,DONE
LOT-0007,PROD-P3,200,RAW,,B,D0,2026-09-29T10:48:00,CA1,DONE
LOT-0008,PROD-P4,200,RAW,,B,D0,2026-09-29T19:36:00,CA2,DONE
LOT-0009,PROD-P1,200,RAW,,A,D0,2026-09-29T06:00:00,CA1,DONE
LOT-0010,PROD-P2,200,RAW,,A,D0,2026-09-29T14:48:00,CA2,DONE
LOT-0011,PROD-P3,200,RAW,,B,D0,2026-09-29T07:36:00,CA1,DONE
LOT-0012,PROD-P4,200,RAW,,B,D0,2026-09-29T16:24:00,CA2,DONE
LOT-0013,PROD-P1,200,RAW,,A,D0,2026-09-29T09:12:00,CA1,DONE
LOT-0014,PROD-P2,200,RAW,,A,D0,2026-09-29T18:00:00,CA2,DONE
LOT-0015,PROD-P3,200,RAW,,B,D0,2026-09-29T10:48:00,CA1,DONE
LOT-0016,PROD-P4,200,RAW,,B,D0,2026-09-29T19:36:00,CA2,DONE
LOT-0017,PROD-P1,200,RAW,,A,D0,2026-09-29T06:00:00,CA1,DONE
LOT-0018,PROD-P2,200,RAW,,A,D0,2026-09-29T14:48:00,CA2,DONE
LOT-0019,PROD-P3,200,RAW,,B,D0,2026-09-29T07:36:00,CA1,DONE
LOT-0020,PROD-P4,200,RAW,,B,D0,2026-09-29T16:24:00,CA2,DONE
LOT-0021,PROD-P1,200,RAW,,A,D0,2026-09-29T09:12:00,CA1,DONE
LOT-0022,PROD-P2,200,RAW,,A,D0,2026-09-29T18:00:00,CA2,DONE
LOT-0023,PROD-P3,200,RAW,,B,D0,2026-09-29T10:48:00,CA1,DONE
LOT-0024,PROD-P4,200,RAW,,B,D0,2026-09-29T19:36:00,CA2,DONE
LOT-0025,PROD-P1,200,RAW,,A,D0,2026-09-29T06:00:00,CA1,DONE
LOT-0026,PROD-P2,200,RAW,,A,D0,2026-09-29T14:48:00,CA2,DONE
LOT-0027,PROD-P3,200,RAW,,B,D0,2026-09-29T07:36:00,CA1,DONE
LOT-0028,PROD-P4,200,RAW,,B,D0,2026-09-29T16:24:00,CA2,DONE
LOT-0029,PROD-P1,200,RAW,,A,D0,2026-09-29T09:12:00,CA1,DONE
LOT-0030,PROD-P2,200,RAW,,A,D1,2026-09-30T06:00:00,CA1,DONE
LOT-0031,PROD-P3,200,RAW,,B,D1,2026-09-30T14:48:00,CA2,DONE
LOT-0032,PROD-P4,200,RAW,,B,D1,2026-09-30T07:36:00,CA1,DONE
LOT-0033,PROD-P1,200,RAW,,A,D1,2026-09-30T16:24:00,CA2,DONE
LOT-0034,PROD-P2,200,RAW,,A,D1,2026-09-30T09:12:00,CA1,DONE
LOT-0035,PROD-P3,200,RAW,,B,D1,2026-09-30T18:00:00,CA2,DONE
LOT-0036,PROD-P4,200,RAW,,B,D1,2026-09-30T10:48:00,CA1,DONE
LOT-0037,PROD-P1,200,RAW,,A,D1,2026-09-30T19:36:00,CA2,DONE
LOT-0038,PROD-P2,200,RAW,,A,D1,2026-09-30T06:00:00,CA1,DONE
LOT-0039,PROD-P3,200,RAW,,B,D1,2026-09-30T14:48:00,CA2,DONE
LOT-0040,PROD-P4,200,RAW,,B,D1,2026-09-30T07:36:00,CA1,DONE
LOT-0041,PROD-P1,200,RAW,,A,D1,2026-09-30T16:24:00,CA2,DONE
LOT-0042,PROD-P2,200,RAW,,A,D1,2026-09-30T09:12:00,CA1,DONE
LOT-0043,PROD-P3,200,RAW,,B,D1,2026-09-30T18:00:00,CA2,DONE
LOT-0044,PROD-P4,200,RAW,,B,D1,2026-09-30T10:48:00,CA1,DONE
LOT-0045,PROD-P1,200,RAW,,A,D1,2026-09-30T19:36:00,CA2,DONE
LOT-0046,PROD-P2,200,RAW,,A,D1,2026-09-30T06:00:00,CA1,DONE
LOT-0047,PROD-P3,200,RAW,,B,D1,2026-09-30T14:48:00,CA2,DONE
LOT-0048,PROD-P4,200,RAW,,B,D1,2026-09-30T07:36:00,CA1,DONE
LOT-0049,PROD-P1,200,RAW,,A,D1,2026-09-30T16:24:00,CA2,DONE
LOT-0050,PROD-P2,200,RAW,,A,D1,2026-09-30T09:12:00,CA1,DONE
LOT-0051,PROD-P3,200,RAW,,B,D1,2026-09-30T18:00:00,CA2,DONE
LOT-0052,PROD-P4,200,RAW,,B,D1,2026-09-30T10:48:00,CA1,DONE
LOT-0053,PROD-P1,200,RAW,,A,D1,2026-09-30T19:36:00,CA2,DONE
LOT-0054,PROD-P2,200,RAW,,A,D1,2026-09-30T06:00:00,CA1,DONE
LOT-0055,PROD-P3,200,RAW,,B,D1,2026-09-30T14:48:00,CA2,DONE
LOT-0056,PROD-P4,200,RAW,,B,D1,2026-09-30T07:36:00,CA1,DONE
LOT-0057,PROD-P1,200,RAW,,A,D1,2026-09-30T16:24:00,CA2,DONE
LOT-0058,PROD-P2,200,RAW,,A,D1,2026-09-30T09:12:00,CA1,DONE
LOT-0401,PROD-P1,200,BATCH,BATCH-HT-B07,A,D1,2026-09-30T10:00:00,CA1,DONE
LOT-0402,PROD-P1,200,BATCH,BATCH-HT-B07,A,D1,2026-09-30T10:05:00,CA1,DONE
LOT-0403,PROD-P1,200,BATCH,BATCH-HT-B07,A,D1,2026-09-30T10:10:00,CA1,DONE
LOT-0404,PROD-P1,200,BATCH,BATCH-HT-B07,A,D1,2026-09-30T10:15:00,CA1,DONE
LOT-0405,PROD-P1,200,BATCH,BATCH-HT-B07,A,D1,2026-09-30T10:20:00,CA1,DONE
LOT-2207,PROD-P1,400,BATCH,MERGE:BATCH-HT-B07,A,D0,2026-09-30T14:00:00,CA2,DONE
LOT-0059,PROD-P3,200,RAW,,B,D2,2026-10-01T06:00:00,CA1,DONE
LOT-0060,PROD-P4,200,RAW,,B,D2,2026-10-01T14:48:00,CA2,DONE
LOT-0061,PROD-P1,200,RAW,,A,D2,2026-10-01T07:36:00,CA1,DONE
LOT-0062,PROD-P2,200,RAW,,A,D2,2026-10-01T16:24:00,CA2,DONE
LOT-0063,PROD-P3,200,RAW,,B,D2,2026-10-01T09:12:00,CA1,DONE
LOT-0064,PROD-P4,200,RAW,,B,D2,2026-10-01T18:00:00,CA2,DONE
LOT-0065,PROD-P1,200,RAW,,A,D2,2026-10-01T10:48:00,CA1,DONE
LOT-0066,PROD-P2,200,RAW,,A,D2,2026-10-01T19:36:00,CA2,DONE
LOT-0067,PROD-P3,200,RAW,,B,D2,2026-10-01T06:00:00,CA1,DONE
LOT-0068,PROD-P4,200,RAW,,B,D2,2026-10-01T14:48:00,CA2,DONE
LOT-0069,PROD-P1,200,RAW,,A,D2,2026-10-01T07:36:00,CA1,DONE
LOT-0070,PROD-P2,200,RAW,,A,D2,2026-10-01T16:24:00,CA2,DONE
LOT-0071,PROD-P3,200,RAW,,B,D2,2026-10-01T09:12:00,CA1,DONE
LOT-0072,PROD-P4,200,RAW,,B,D2,2026-10-01T18:00:00,CA2,DONE
LOT-0073,PROD-P1,200,RAW,,A,D2,2026-10-01T10:48:00,CA1,DONE
LOT-0074,PROD-P2,200,RAW,,A,D2,2026-10-01T19:36:00,CA2,DONE
LOT-0075,PROD-P3,200,RAW,,B,D2,2026-10-01T06:00:00,CA1,DONE
LOT-0076,PROD-P4,200,RAW,,B,D2,2026-10-01T14:48:00,CA2,DONE
LOT-0077,PROD-P1,200,RAW,,A,D2,2026-10-01T07:36:00,CA1,DONE
LOT-0078,PROD-P2,200,RAW,,A,D2,2026-10-01T16:24:00,CA2,DONE
LOT-0079,PROD-P3,200,RAW,,B,D2,2026-10-01T09:12:00,CA1,DONE
LOT-0080,PROD-P4,200,RAW,,B,D2,2026-10-01T18:00:00,CA2,DONE
LOT-0081,PROD-P1,200,RAW,,A,D2,2026-10-01T10:48:00,CA1,DONE
LOT-0082,PROD-P2,200,RAW,,A,D2,2026-10-01T19:36:00,CA2,DONE
LOT-0083,PROD-P3,200,RAW,,B,D2,2026-10-01T06:00:00,CA1,DONE
LOT-0084,PROD-P4,200,RAW,,B,D2,2026-10-01T14:48:00,CA2,DONE
LOT-0085,PROD-P1,200,RAW,,A,D2,2026-10-01T07:36:00,CA1,DONE
LOT-0086,PROD-P2,200,RAW,,A,D2,2026-10-01T16:24:00,CA2,DONE
LOT-0087,PROD-P3,200,RAW,,B,D2,2026-10-01T09:12:00,CA1,DONE
LOT-0088,PROD-P4,200,RAW,,B,D3,2026-10-02T06:00:00,CA1,DONE
LOT-0089,PROD-P1,200,RAW,,A,D3,2026-10-02T14:48:00,CA2,DONE
LOT-0090,PROD-P2,200,RAW,,A,D3,2026-10-02T07:36:00,CA1,DONE
LOT-0091,PROD-P3,200,RAW,,B,D3,2026-10-02T16:24:00,CA2,DONE
LOT-0092,PROD-P4,200,RAW,,B,D3,2026-10-02T09:12:00,CA1,DONE
LOT-0093,PROD-P1,200,RAW,,A,D3,2026-10-02T18:00:00,CA2,DONE
LOT-0094,PROD-P2,200,RAW,,A,D3,2026-10-02T10:48:00,CA1,DONE
LOT-0095,PROD-P3,200,RAW,,B,D3,2026-10-02T19:36:00,CA2,DONE
LOT-0096,PROD-P4,200,RAW,,B,D3,2026-10-02T06:00:00,CA1,DONE
LOT-0097,PROD-P1,200,RAW,,A,D3,2026-10-02T14:48:00,CA2,DONE
LOT-0098,PROD-P2,200,RAW,,A,D3,2026-10-02T07:36:00,CA1,DONE
LOT-0099,PROD-P3,200,RAW,,B,D3,2026-10-02T16:24:00,CA2,DONE
LOT-0100,PROD-P4,200,RAW,,B,D3,2026-10-02T09:12:00,CA1,DONE
LOT-0101,PROD-P1,200,RAW,,A,D3,2026-10-02T18:00:00,CA2,DONE
LOT-0102,PROD-P2,200,RAW,,A,D3,2026-10-02T10:48:00,CA1,DONE
LOT-0103,PROD-P3,200,RAW,,B,D3,2026-10-02T19:36:00,CA2,DONE
LOT-0104,PROD-P4,200,RAW,,B,D3,2026-10-02T06:00:00,CA1,DONE
LOT-0105,PROD-P1,200,RAW,,A,D3,2026-10-02T14:48:00,CA2,DONE
LOT-0106,PROD-P2,200,RAW,,A,D3,2026-10-02T07:36:00,CA1,DONE
LOT-0107,PROD-P3,200,RAW,,B,D3,2026-10-02T16:24:00,CA2,DONE
LOT-0108,PROD-P4,200,RAW,,B,D3,2026-10-02T09:12:00,CA1,DONE
LOT-0109,PROD-P1,200,RAW,,A,D3,2026-10-02T18:00:00,CA2,DONE
LOT-0110,PROD-P2,200,RAW,,A,D3,2026-10-02T10:48:00,CA1,DONE
LOT-0111,PROD-P3,200,RAW,,B,D3,2026-10-02T19:36:00,CA2,DONE
LOT-0112,PROD-P4,200,RAW,,B,D3,2026-10-02T06:00:00,CA1,DONE
LOT-0113,PROD-P1,200,RAW,,A,D3,2026-10-02T14:48:00,CA2,DONE
LOT-0114,PROD-P2,200,RAW,,A,D3,2026-10-02T07:36:00,CA1,DONE
LOT-0115,PROD-P3,200,RAW,,B,D3,2026-10-02T16:24:00,CA2,DONE
LOT-0116,PROD-P4,200,RAW,,B,D3,2026-10-02T09:12:00,CA1,DONE
LOT-0406,PROD-P2,200,BATCH,BATCH-HT-B08,A,D3,2026-10-02T10:00:00,CA1,DONE
LOT-0407,PROD-P2,200,BATCH,BATCH-HT-B08,A,D3,2026-10-02T10:05:00,CA1,DONE
LOT-0408,PROD-P2,200,BATCH,BATCH-HT-B08,A,D3,2026-10-02T10:10:00,CA1,DONE
LOT-0409,PROD-P2,200,BATCH,BATCH-HT-B08,A,D3,2026-10-02T10:15:00,CA1,DONE
LOT-0410,PROD-P2,200,BATCH,BATCH-HT-B08,A,D3,2026-10-02T10:20:00,CA1,DONE
LOT-0117,PROD-P1,200,RAW,,A,D4,2026-10-03T06:00:00,CA1,DONE
LOT-0118,PROD-P2,200,RAW,,A,D4,2026-10-03T14:48:00,CA2,DONE
LOT-0119,PROD-P3,200,RAW,,B,D4,2026-10-03T07:36:00,CA1,DONE
LOT-0120,PROD-P4,200,RAW,,B,D4,2026-10-03T16:24:00,CA2,DONE
LOT-0121,PROD-P1,200,RAW,,A,D4,2026-10-03T09:12:00,CA1,DONE
LOT-0122,PROD-P2,200,RAW,,A,D4,2026-10-03T18:00:00,CA2,DONE
LOT-0123,PROD-P3,200,RAW,,B,D4,2026-10-03T10:48:00,CA1,DONE
LOT-0124,PROD-P4,200,RAW,,B,D4,2026-10-03T19:36:00,CA2,DONE
LOT-0125,PROD-P1,200,RAW,,A,D4,2026-10-03T06:00:00,CA1,DONE
LOT-0126,PROD-P2,200,RAW,,A,D4,2026-10-03T14:48:00,CA2,DONE
LOT-0127,PROD-P3,200,RAW,,B,D4,2026-10-03T07:36:00,CA1,DONE
LOT-0128,PROD-P4,200,RAW,,B,D4,2026-10-03T16:24:00,CA2,DONE
LOT-0129,PROD-P1,200,RAW,,A,D4,2026-10-03T09:12:00,CA1,DONE
LOT-0130,PROD-P2,200,RAW,,A,D4,2026-10-03T18:00:00,CA2,DONE
LOT-0131,PROD-P3,200,RAW,,B,D4,2026-10-03T10:48:00,CA1,DONE
LOT-0132,PROD-P4,200,RAW,,B,D4,2026-10-03T19:36:00,CA2,DONE
LOT-0133,PROD-P1,200,RAW,,A,D4,2026-10-03T06:00:00,CA1,DONE
LOT-0134,PROD-P2,200,RAW,,A,D4,2026-10-03T14:48:00,CA2,DONE
LOT-0135,PROD-P3,200,RAW,,B,D4,2026-10-03T07:36:00,CA1,DONE
LOT-0136,PROD-P4,200,RAW,,B,D4,2026-10-03T16:24:00,CA2,DONE
LOT-0137,PROD-P1,200,RAW,,A,D4,2026-10-03T09:12:00,CA1,DONE
LOT-0138,PROD-P2,200,RAW,,A,D4,2026-10-03T18:00:00,CA2,DONE
LOT-0139,PROD-P3,200,RAW,,B,D4,2026-10-03T10:48:00,CA1,DONE
LOT-0140,PROD-P4,200,RAW,,B,D4,2026-10-03T19:36:00,CA2,DONE
LOT-0141,PROD-P1,200,RAW,,A,D4,2026-10-03T06:00:00,CA1,DONE
LOT-0142,PROD-P2,200,RAW,,A,D4,2026-10-03T14:48:00,CA2,DONE
LOT-0143,PROD-P3,200,RAW,,B,D4,2026-10-03T07:36:00,CA1,DONE
LOT-0144,PROD-P4,200,RAW,,B,D4,2026-10-03T16:24:00,CA2,DONE
LOT-0145,PROD-P1,200,RAW,,A,D4,2026-10-03T09:12:00,CA1,DONE
LOT-0146,PROD-P2,200,RAW,,A,D5,2026-10-04T06:00:00,CA1,DONE
LOT-0147,PROD-P3,200,RAW,,B,D5,2026-10-04T14:48:00,CA2,DONE
LOT-0148,PROD-P4,200,RAW,,B,D5,2026-10-04T07:36:00,CA1,DONE
LOT-0149,PROD-P1,200,RAW,,A,D5,2026-10-04T16:24:00,CA2,DONE
LOT-0150,PROD-P2,200,RAW,,A,D5,2026-10-04T09:12:00,CA1,DONE
LOT-0151,PROD-P3,200,RAW,,B,D5,2026-10-04T18:00:00,CA2,DONE
LOT-0152,PROD-P4,200,RAW,,B,D5,2026-10-04T10:48:00,CA1,DONE
LOT-0153,PROD-P1,200,RAW,,A,D5,2026-10-04T19:36:00,CA2,DONE
LOT-0154,PROD-P2,200,RAW,,A,D5,2026-10-04T06:00:00,CA1,DONE
LOT-0155,PROD-P3,200,RAW,,B,D5,2026-10-04T14:48:00,CA2,DONE
LOT-0156,PROD-P4,200,RAW,,B,D5,2026-10-04T07:36:00,CA1,DONE
LOT-0157,PROD-P1,200,RAW,,A,D5,2026-10-04T16:24:00,CA2,DONE
LOT-0158,PROD-P2,200,RAW,,A,D5,2026-10-04T09:12:00,CA1,DONE
LOT-0159,PROD-P3,200,RAW,,B,D5,2026-10-04T18:00:00,CA2,DONE
LOT-0160,PROD-P4,200,RAW,,B,D5,2026-10-04T10:48:00,CA1,DONE
LOT-0161,PROD-P1,200,RAW,,A,D5,2026-10-04T19:36:00,CA2,DONE
LOT-0162,PROD-P2,200,RAW,,A,D5,2026-10-04T06:00:00,CA1,DONE
LOT-0163,PROD-P3,200,RAW,,B,D5,2026-10-04T14:48:00,CA2,DONE
LOT-0164,PROD-P4,200,RAW,,B,D5,2026-10-04T07:36:00,CA1,DONE
LOT-0165,PROD-P1,200,RAW,,A,D5,2026-10-04T16:24:00,CA2,DONE
LOT-0166,PROD-P2,200,RAW,,A,D5,2026-10-04T09:12:00,CA1,DONE
LOT-0167,PROD-P3,200,RAW,,B,D5,2026-10-04T18:00:00,CA2,DONE
LOT-0168,PROD-P4,200,RAW,,B,D5,2026-10-04T10:48:00,CA1,DONE
LOT-0169,PROD-P1,200,RAW,,A,D5,2026-10-04T19:36:00,CA2,DONE
LOT-0170,PROD-P2,200,RAW,,A,D5,2026-10-04T06:00:00,CA1,DONE
LOT-0171,PROD-P3,200,RAW,,B,D5,2026-10-04T14:48:00,CA2,DONE
LOT-0172,PROD-P4,200,RAW,,B,D5,2026-10-04T07:36:00,CA1,DONE
LOT-0173,PROD-P1,200,RAW,,A,D5,2026-10-04T16:24:00,CA2,DONE
LOT-0174,PROD-P2,200,RAW,,A,D5,2026-10-04T09:12:00,CA1,DONE
LOT-0175,PROD-P3,200,RAW,,B,D6,2026-10-05T06:00:00,CA1,DONE
LOT-0176,PROD-P4,200,RAW,,B,D6,2026-10-05T14:48:00,CA2,DONE
LOT-0177,PROD-P1,200,RAW,,A,D6,2026-10-05T07:36:00,CA1,DONE
LOT-0178,PROD-P2,200,RAW,,A,D6,2026-10-05T16:24:00,CA2,DONE
LOT-0179,PROD-P3,200,RAW,,B,D6,2026-10-05T09:12:00,CA1,DONE
LOT-0180,PROD-P4,200,RAW,,B,D6,2026-10-05T18:00:00,CA2,DONE
LOT-0181,PROD-P1,200,RAW,,A,D6,2026-10-05T10:48:00,CA1,DONE
LOT-0182,PROD-P2,200,RAW,,A,D6,2026-10-05T19:36:00,CA2,DONE
LOT-0183,PROD-P3,200,RAW,,B,D6,2026-10-05T06:00:00,CA1,DONE
LOT-0184,PROD-P4,200,RAW,,B,D6,2026-10-05T14:48:00,CA2,DONE
LOT-0185,PROD-P1,200,RAW,,A,D6,2026-10-05T07:36:00,CA1,DONE
LOT-0186,PROD-P2,200,RAW,,A,D6,2026-10-05T16:24:00,CA2,DONE
LOT-0187,PROD-P3,200,RAW,,B,D6,2026-10-05T09:12:00,CA1,DONE
LOT-0188,PROD-P4,200,RAW,,B,D6,2026-10-05T18:00:00,CA2,DONE
LOT-0189,PROD-P1,200,RAW,,A,D6,2026-10-05T10:48:00,CA1,DONE
LOT-0190,PROD-P2,200,RAW,,A,D6,2026-10-05T19:36:00,CA2,DONE
LOT-0191,PROD-P3,200,RAW,,B,D6,2026-10-05T06:00:00,CA1,DONE
LOT-0192,PROD-P4,200,RAW,,B,D6,2026-10-05T14:48:00,CA2,DONE
LOT-0193,PROD-P1,200,RAW,,A,D6,2026-10-05T07:36:00,CA1,DONE
LOT-0194,PROD-P2,200,RAW,,A,D6,2026-10-05T16:24:00,CA2,DONE
LOT-0195,PROD-P3,200,RAW,,B,D6,2026-10-05T09:12:00,CA1,DONE
LOT-0196,PROD-P4,200,RAW,,B,D6,2026-10-05T18:00:00,CA2,DONE
LOT-0197,PROD-P1,200,RAW,,A,D6,2026-10-05T10:48:00,CA1,DONE
LOT-0198,PROD-P2,200,RAW,,A,D6,2026-10-05T19:36:00,CA2,DONE
LOT-0199,PROD-P3,200,RAW,,B,D6,2026-10-05T06:00:00,CA1,DONE
LOT-0200,PROD-P4,200,RAW,,B,D6,2026-10-05T14:48:00,CA2,DONE
LOT-0201,PROD-P1,200,RAW,,A,D6,2026-10-05T07:36:00,CA1,DONE
LOT-0202,PROD-P2,200,RAW,,A,D6,2026-10-05T16:24:00,CA2,DONE
LOT-0203,PROD-P3,200,RAW,,B,D6,2026-10-05T09:12:00,CA1,DONE
LOT-0204,PROD-P4,200,RAW,,B,D7,2026-10-06T06:00:00,CA1,DONE
LOT-0205,PROD-P1,200,RAW,,A,D7,2026-10-06T14:48:00,CA2,DONE
LOT-0206,PROD-P2,200,RAW,,A,D7,2026-10-06T07:36:00,CA1,DONE
LOT-0207,PROD-P3,200,RAW,,B,D7,2026-10-06T16:24:00,CA2,DONE
LOT-0208,PROD-P4,200,RAW,,B,D7,2026-10-06T09:12:00,CA1,DONE
LOT-0209,PROD-P1,200,RAW,,A,D7,2026-10-06T18:00:00,CA2,DONE
LOT-0210,PROD-P2,200,RAW,,A,D7,2026-10-06T10:48:00,CA1,DONE
LOT-0211,PROD-P3,200,RAW,,B,D7,2026-10-06T19:36:00,CA2,DONE
LOT-0212,PROD-P4,200,RAW,,B,D7,2026-10-06T06:00:00,CA1,DONE
LOT-0213,PROD-P1,200,RAW,,A,D7,2026-10-06T14:48:00,CA2,DONE
LOT-0214,PROD-P2,200,RAW,,A,D7,2026-10-06T07:36:00,CA1,DONE
LOT-0215,PROD-P3,200,RAW,,B,D7,2026-10-06T16:24:00,CA2,DONE
LOT-0216,PROD-P4,200,RAW,,B,D7,2026-10-06T09:12:00,CA1,DONE
LOT-0217,PROD-P1,200,RAW,,A,D7,2026-10-06T18:00:00,CA2,DONE
LOT-0218,PROD-P2,200,RAW,,A,D7,2026-10-06T10:48:00,CA1,DONE
LOT-0219,PROD-P3,200,RAW,,B,D7,2026-10-06T19:36:00,CA2,DONE
LOT-0220,PROD-P4,200,RAW,,B,D7,2026-10-06T06:00:00,CA1,DONE
LOT-0221,PROD-P1,200,RAW,,A,D7,2026-10-06T14:48:00,CA2,DONE
LOT-0222,PROD-P2,200,RAW,,A,D7,2026-10-06T07:36:00,CA1,DONE
LOT-0223,PROD-P3,200,RAW,,B,D7,2026-10-06T16:24:00,CA2,DONE
LOT-0224,PROD-P4,200,RAW,,B,D7,2026-10-06T09:12:00,CA1,DONE
LOT-0225,PROD-P1,200,RAW,,A,D7,2026-10-06T18:00:00,CA2,DONE
LOT-0226,PROD-P2,200,RAW,,A,D7,2026-10-06T10:48:00,CA1,DONE
LOT-0227,PROD-P3,200,RAW,,B,D7,2026-10-06T19:36:00,CA2,DONE
LOT-0228,PROD-P4,200,RAW,,B,D7,2026-10-06T06:00:00,CA1,DONE
LOT-0229,PROD-P1,200,RAW,,A,D7,2026-10-06T14:48:00,CA2,DONE
LOT-0230,PROD-P2,200,RAW,,A,D7,2026-10-06T07:36:00,CA1,DONE
LOT-0231,PROD-P3,200,RAW,,B,D7,2026-10-06T16:24:00,CA2,DONE
LOT-0232,PROD-P4,200,RAW,,B,D7,2026-10-06T09:12:00,CA1,DONE
LOT-0233,PROD-P1,200,RAW,,A,D8,2026-10-07T06:00:00,CA1,DONE
LOT-0234,PROD-P2,200,RAW,,A,D8,2026-10-07T14:48:00,CA2,DONE
LOT-0235,PROD-P3,200,RAW,,B,D8,2026-10-07T07:36:00,CA1,DONE
LOT-0236,PROD-P4,200,RAW,,B,D8,2026-10-07T16:24:00,CA2,DONE
LOT-0237,PROD-P1,200,RAW,,A,D8,2026-10-07T09:12:00,CA1,DONE
LOT-0238,PROD-P2,200,RAW,,A,D8,2026-10-07T18:00:00,CA2,DONE
LOT-0239,PROD-P3,200,RAW,,B,D8,2026-10-07T10:48:00,CA1,DONE
LOT-0240,PROD-P4,200,RAW,,B,D8,2026-10-07T19:36:00,CA2,DONE
LOT-0241,PROD-P1,200,RAW,,A,D8,2026-10-07T06:00:00,CA1,DONE
LOT-0242,PROD-P2,200,RAW,,A,D8,2026-10-07T14:48:00,CA2,DONE
LOT-0243,PROD-P3,200,RAW,,B,D8,2026-10-07T07:36:00,CA1,DONE
LOT-0244,PROD-P4,200,RAW,,B,D8,2026-10-07T16:24:00,CA2,DONE
LOT-0245,PROD-P1,200,RAW,,A,D8,2026-10-07T09:12:00,CA1,DONE
LOT-0246,PROD-P2,200,RAW,,A,D8,2026-10-07T18:00:00,CA2,DONE
LOT-0247,PROD-P3,200,RAW,,B,D8,2026-10-07T10:48:00,CA1,DONE
LOT-0248,PROD-P4,200,RAW,,B,D8,2026-10-07T19:36:00,CA2,DONE
LOT-0249,PROD-P1,200,RAW,,A,D8,2026-10-07T06:00:00,CA1,DONE
LOT-0250,PROD-P2,200,RAW,,A,D8,2026-10-07T14:48:00,CA2,DONE
LOT-0251,PROD-P3,200,RAW,,B,D8,2026-10-07T07:36:00,CA1,DONE
LOT-0252,PROD-P4,200,RAW,,B,D8,2026-10-07T16:24:00,CA2,DONE
LOT-0253,PROD-P1,200,RAW,,A,D8,2026-10-07T09:12:00,CA1,DONE
LOT-0254,PROD-P2,200,RAW,,A,D8,2026-10-07T18:00:00,CA2,DONE
LOT-0255,PROD-P3,200,RAW,,B,D8,2026-10-07T10:48:00,CA1,DONE
LOT-0256,PROD-P4,200,RAW,,B,D8,2026-10-07T19:36:00,CA2,DONE
LOT-0257,PROD-P1,200,RAW,,A,D8,2026-10-07T06:00:00,CA1,DONE
LOT-0258,PROD-P2,200,RAW,,A,D8,2026-10-07T14:48:00,CA2,DONE
LOT-0259,PROD-P3,200,RAW,,B,D8,2026-10-07T07:36:00,CA1,DONE
LOT-0260,PROD-P4,200,RAW,,B,D8,2026-10-07T16:24:00,CA2,DONE
LOT-0261,PROD-P1,200,RAW,,A,D9,2026-10-08T06:00:00,CA1,DONE
LOT-0262,PROD-P2,200,RAW,,A,D9,2026-10-08T14:48:00,CA2,DONE
LOT-0263,PROD-P3,200,RAW,,B,D9,2026-10-08T07:36:00,CA1,DONE
LOT-0264,PROD-P4,200,RAW,,B,D9,2026-10-08T16:24:00,CA2,DONE
LOT-0265,PROD-P1,200,RAW,,A,D9,2026-10-08T09:12:00,CA1,DONE
LOT-0266,PROD-P2,200,RAW,,A,D9,2026-10-08T18:00:00,CA2,DONE
LOT-0267,PROD-P3,200,RAW,,B,D9,2026-10-08T10:48:00,CA1,DONE
LOT-0268,PROD-P4,200,RAW,,B,D9,2026-10-08T19:36:00,CA2,DONE
LOT-0269,PROD-P1,200,RAW,,A,D9,2026-10-08T06:00:00,CA1,DONE
LOT-0270,PROD-P2,200,RAW,,A,D9,2026-10-08T14:48:00,CA2,DONE
LOT-0271,PROD-P3,200,RAW,,B,D9,2026-10-08T07:36:00,CA1,DONE
LOT-0272,PROD-P4,200,RAW,,B,D9,2026-10-08T16:24:00,CA2,DONE
LOT-0273,PROD-P1,200,RAW,,A,D9,2026-10-08T09:12:00,CA1,DONE
LOT-0274,PROD-P2,200,RAW,,A,D9,2026-10-08T18:00:00,CA2,DONE
LOT-0275,PROD-P3,200,RAW,,B,D9,2026-10-08T10:48:00,CA1,DONE
LOT-0276,PROD-P4,200,RAW,,B,D9,2026-10-08T19:36:00,CA2,DONE
LOT-0277,PROD-P1,200,RAW,,A,D9,2026-10-08T06:00:00,CA1,DONE
LOT-0278,PROD-P2,200,RAW,,A,D9,2026-10-08T14:48:00,CA2,DONE
LOT-0279,PROD-P3,200,RAW,,B,D9,2026-10-08T07:36:00,CA1,DONE
LOT-0280,PROD-P4,200,RAW,,B,D9,2026-10-08T16:24:00,CA2,DONE
LOT-0281,PROD-P1,200,RAW,,A,D9,2026-10-08T09:12:00,CA1,DONE
LOT-0282,PROD-P2,200,RAW,,A,D9,2026-10-08T18:00:00,CA2,DONE
LOT-0283,PROD-P3,200,RAW,,B,D9,2026-10-08T10:48:00,CA1,DONE
LOT-0284,PROD-P4,200,RAW,,B,D9,2026-10-08T19:36:00,CA2,DONE
LOT-0285,PROD-P1,200,RAW,,A,D9,2026-10-08T06:00:00,CA1,DONE
LOT-0286,PROD-P2,200,RAW,,A,D9,2026-10-08T14:48:00,CA2,DONE
LOT-0287,PROD-P3,200,RAW,,B,D9,2026-10-08T07:36:00,CA1,DONE
LOT-0288,PROD-P4,200,RAW,,B,D9,2026-10-08T16:24:00,CA2,DONE
LOT-0289,PROD-P1,200,RAW,,A,D10,2026-10-09T06:00:00,CA1,DONE
LOT-0290,PROD-P2,200,RAW,,A,D10,2026-10-09T14:48:00,CA2,DONE
LOT-0291,PROD-P3,200,RAW,,B,D10,2026-10-09T07:36:00,CA1,DONE
LOT-0292,PROD-P4,200,RAW,,B,D10,2026-10-09T16:24:00,CA2,DONE
LOT-0293,PROD-P1,200,RAW,,A,D10,2026-10-09T09:12:00,CA1,DONE
LOT-0294,PROD-P2,200,RAW,,A,D10,2026-10-09T18:00:00,CA2,DONE
LOT-0295,PROD-P3,200,RAW,,B,D10,2026-10-09T10:48:00,CA1,DONE
LOT-0296,PROD-P4,200,RAW,,B,D10,2026-10-09T19:36:00,CA2,DONE
LOT-0297,PROD-P1,200,RAW,,A,D10,2026-10-09T06:00:00,CA1,DONE
LOT-0298,PROD-P2,200,RAW,,A,D10,2026-10-09T14:48:00,CA2,DONE
LOT-0299,PROD-P3,200,RAW,,B,D10,2026-10-09T07:36:00,CA1,DONE
LOT-0300,PROD-P4,200,RAW,,B,D10,2026-10-09T16:24:00,CA2,DONE
LOT-0301,PROD-P1,200,RAW,,A,D10,2026-10-09T09:12:00,CA1,DONE
LOT-0302,PROD-P2,200,RAW,,A,D10,2026-10-09T18:00:00,CA2,DONE
LOT-0303,PROD-P3,200,RAW,,B,D10,2026-10-09T10:48:00,CA1,DONE
LOT-0304,PROD-P4,200,RAW,,B,D10,2026-10-09T19:36:00,CA2,DONE
LOT-0305,PROD-P1,200,RAW,,A,D10,2026-10-09T06:00:00,CA1,DONE
LOT-0306,PROD-P2,200,RAW,,A,D10,2026-10-09T14:48:00,CA2,DONE
LOT-0307,PROD-P3,200,RAW,,B,D10,2026-10-09T07:36:00,CA1,DONE
LOT-0308,PROD-P4,200,RAW,,B,D10,2026-10-09T16:24:00,CA2,DONE
LOT-0309,PROD-P1,200,RAW,,A,D10,2026-10-09T09:12:00,CA1,DONE
LOT-0310,PROD-P2,200,RAW,,A,D10,2026-10-09T18:00:00,CA2,DONE
LOT-0311,PROD-P3,200,RAW,,B,D10,2026-10-09T10:48:00,CA1,DONE
LOT-0312,PROD-P4,200,RAW,,B,D10,2026-10-09T19:36:00,CA2,DONE
LOT-0313,PROD-P1,200,RAW,,A,D10,2026-10-09T06:00:00,CA1,DONE
LOT-0314,PROD-P2,200,RAW,,A,D10,2026-10-09T14:48:00,CA2,DONE
LOT-0315,PROD-P3,200,RAW,,B,D10,2026-10-09T07:36:00,CA1,DONE
LOT-0316,PROD-P4,200,RAW,,B,D10,2026-10-09T16:24:00,CA2,DONE
LOT-0317,PROD-P1,200,RAW,,A,D11,2026-10-10T06:00:00,CA1,DONE
LOT-0318,PROD-P2,200,RAW,,A,D11,2026-10-10T14:48:00,CA2,DONE
LOT-0319,PROD-P3,200,RAW,,B,D11,2026-10-10T07:36:00,CA1,DONE
LOT-0320,PROD-P4,200,RAW,,B,D11,2026-10-10T16:24:00,CA2,DONE
LOT-0321,PROD-P1,200,RAW,,A,D11,2026-10-10T09:12:00,CA1,DONE
LOT-0322,PROD-P2,200,RAW,,A,D11,2026-10-10T18:00:00,CA2,DONE
LOT-0323,PROD-P3,200,RAW,,B,D11,2026-10-10T10:48:00,CA1,DONE
LOT-0324,PROD-P4,200,RAW,,B,D11,2026-10-10T19:36:00,CA2,DONE
LOT-0325,PROD-P1,200,RAW,,A,D11,2026-10-10T06:00:00,CA1,DONE
LOT-0326,PROD-P2,200,RAW,,A,D11,2026-10-10T14:48:00,CA2,DONE
LOT-0327,PROD-P3,200,RAW,,B,D11,2026-10-10T07:36:00,CA1,DONE
LOT-0328,PROD-P4,200,RAW,,B,D11,2026-10-10T16:24:00,CA2,DONE
LOT-0329,PROD-P1,200,RAW,,A,D11,2026-10-10T09:12:00,CA1,DONE
LOT-0330,PROD-P2,200,RAW,,A,D11,2026-10-10T18:00:00,CA2,DONE
LOT-0331,PROD-P3,200,RAW,,B,D11,2026-10-10T10:48:00,CA1,DONE
LOT-0332,PROD-P4,200,RAW,,B,D11,2026-10-10T19:36:00,CA2,DONE
LOT-0333,PROD-P1,200,RAW,,A,D11,2026-10-10T06:00:00,CA1,DONE
LOT-0334,PROD-P2,200,RAW,,A,D11,2026-10-10T14:48:00,CA2,DONE
LOT-0335,PROD-P3,200,RAW,,B,D11,2026-10-10T07:36:00,CA1,DONE
LOT-0336,PROD-P4,200,RAW,,B,D11,2026-10-10T16:24:00,CA2,DONE
LOT-0337,PROD-P1,200,RAW,,A,D11,2026-10-10T09:12:00,CA1,DONE
LOT-0338,PROD-P2,200,RAW,,A,D11,2026-10-10T18:00:00,CA2,DONE
LOT-0339,PROD-P3,200,RAW,,B,D11,2026-10-10T10:48:00,CA1,DONE
LOT-0340,PROD-P4,200,RAW,,B,D11,2026-10-10T19:36:00,CA2,DONE
LOT-0341,PROD-P1,200,RAW,,A,D11,2026-10-10T06:00:00,CA1,DONE
LOT-0342,PROD-P2,200,RAW,,A,D11,2026-10-10T14:48:00,CA2,DONE
LOT-0343,PROD-P3,200,RAW,,B,D11,2026-10-10T07:36:00,CA1,DONE
LOT-0344,PROD-P4,200,RAW,,B,D11,2026-10-10T16:24:00,CA2,DONE
LOT-0345,PROD-P1,200,RAW,,A,D12,2026-10-11T06:00:00,CA1,DONE
LOT-0346,PROD-P2,200,RAW,,A,D12,2026-10-11T14:48:00,CA2,DONE
LOT-0347,PROD-P3,200,RAW,,B,D12,2026-10-11T07:36:00,CA1,DONE
LOT-0348,PROD-P4,200,RAW,,B,D12,2026-10-11T16:24:00,CA2,DONE
LOT-0349,PROD-P1,200,RAW,,A,D12,2026-10-11T09:12:00,CA1,DONE
LOT-0350,PROD-P2,200,RAW,,A,D12,2026-10-11T18:00:00,CA2,DONE
LOT-0351,PROD-P3,200,RAW,,B,D12,2026-10-11T10:48:00,CA1,DONE
LOT-0352,PROD-P4,200,RAW,,B,D12,2026-10-11T19:36:00,CA2,DONE
LOT-0353,PROD-P1,200,RAW,,A,D12,2026-10-11T06:00:00,CA1,DONE
LOT-0354,PROD-P2,200,RAW,,A,D12,2026-10-11T14:48:00,CA2,DONE
LOT-0355,PROD-P3,200,RAW,,B,D12,2026-10-11T07:36:00,CA1,DONE
LOT-0356,PROD-P4,200,RAW,,B,D12,2026-10-11T16:24:00,CA2,DONE
LOT-0357,PROD-P1,200,RAW,,A,D12,2026-10-11T09:12:00,CA1,DONE
LOT-0358,PROD-P2,200,RAW,,A,D12,2026-10-11T18:00:00,CA2,DONE
LOT-0359,PROD-P3,200,RAW,,B,D12,2026-10-11T10:48:00,CA1,DONE
LOT-0360,PROD-P4,200,RAW,,B,D12,2026-10-11T19:36:00,CA2,DONE
LOT-0361,PROD-P1,200,RAW,,A,D12,2026-10-11T06:00:00,CA1,DONE
LOT-0362,PROD-P2,200,RAW,,A,D12,2026-10-11T14:48:00,CA2,DONE
LOT-0363,PROD-P3,200,RAW,,B,D12,2026-10-11T07:36:00,CA1,DONE
LOT-0364,PROD-P4,200,RAW,,B,D12,2026-10-11T16:24:00,CA2,DONE
LOT-0365,PROD-P1,200,RAW,,A,D12,2026-10-11T09:12:00,CA1,DONE
LOT-0366,PROD-P2,200,RAW,,A,D12,2026-10-11T18:00:00,CA2,DONE
LOT-0367,PROD-P3,200,RAW,,B,D12,2026-10-11T10:48:00,CA1,DONE
LOT-0368,PROD-P4,200,RAW,,B,D12,2026-10-11T19:36:00,CA2,DONE
LOT-0369,PROD-P1,200,RAW,,A,D12,2026-10-11T06:00:00,CA1,DONE
LOT-0370,PROD-P2,200,RAW,,A,D12,2026-10-11T14:48:00,CA2,DONE
LOT-0371,PROD-P3,200,RAW,,B,D12,2026-10-11T07:36:00,CA1,DONE
LOT-0372,PROD-P4,200,RAW,,B,D12,2026-10-11T16:24:00,CA2,DONE
LOT-0373,PROD-P1,200,RAW,,A,D13,2026-10-12T06:00:00,CA1,DONE
LOT-0374,PROD-P2,200,RAW,,A,D13,2026-10-12T14:48:00,CA2,DONE
LOT-0375,PROD-P3,200,RAW,,B,D13,2026-10-12T07:36:00,CA1,DONE
LOT-0376,PROD-P4,200,RAW,,B,D13,2026-10-12T16:24:00,CA2,DONE
LOT-0377,PROD-P1,200,RAW,,A,D13,2026-10-12T09:12:00,CA1,DONE
LOT-0378,PROD-P2,200,RAW,,A,D13,2026-10-12T18:00:00,CA2,DONE
LOT-0379,PROD-P3,200,RAW,,B,D13,2026-10-12T10:48:00,CA1,DONE
LOT-0380,PROD-P4,200,RAW,,B,D13,2026-10-12T19:36:00,CA2,DONE
LOT-0381,PROD-P1,200,RAW,,A,D13,2026-10-12T06:00:00,CA1,DONE
LOT-0382,PROD-P2,200,RAW,,A,D13,2026-10-12T14:48:00,CA2,DONE
LOT-0383,PROD-P3,200,RAW,,B,D13,2026-10-12T07:36:00,CA1,DONE
LOT-0384,PROD-P4,200,RAW,,B,D13,2026-10-12T16:24:00,CA2,DONE
LOT-0385,PROD-P1,200,RAW,,A,D13,2026-10-12T09:12:00,CA1,DONE
LOT-0386,PROD-P2,200,RAW,,A,D13,2026-10-12T18:00:00,CA2,DONE
LOT-0387,PROD-P3,200,RAW,,B,D13,2026-10-12T10:48:00,CA1,DONE
LOT-0388,PROD-P4,200,RAW,,B,D13,2026-10-12T19:36:00,CA2,DONE
LOT-0389,PROD-P1,200,RAW,,A,D13,2026-10-12T06:00:00,CA1,DONE
LOT-0390,PROD-P2,200,RAW,,A,D13,2026-10-12T14:48:00,CA2,DONE
LOT-0391,PROD-P3,200,RAW,,B,D13,2026-10-12T07:36:00,CA1,DONE
LOT-0392,PROD-P4,200,RAW,,B,D13,2026-10-12T16:24:00,CA2,DONE
LOT-0393,PROD-P1,200,RAW,,A,D13,2026-10-12T09:12:00,CA1,DONE
LOT-0394,PROD-P2,200,RAW,,A,D13,2026-10-12T18:00:00,CA2,DONE
LOT-0395,PROD-P3,200,RAW,,B,D13,2026-10-12T10:48:00,CA1,DONE
LOT-0396,PROD-P4,200,RAW,,B,D13,2026-10-12T19:36:00,CA2,DONE
LOT-0397,PROD-P1,200,RAW,,A,D13,2026-10-12T06:00:00,CA1,DONE
LOT-0398,PROD-P2,200,RAW,,A,D13,2026-10-12T14:48:00,CA2,DONE
LOT-0399,PROD-P3,200,RAW,,B,D13,2026-10-12T07:36:00,CA1,DONE
LOT-0400,PROD-P4,200,RAW,,B,D13,2026-10-12T16:24:00,CA2,DONE
