canonical_type,canonical_id,source_system,source_id,source_context
LOT,LOT-0001,SRC-01,A0001,output_perf.csv
LOT,LOT-0001,SRC-02,L-A-0001,ipc.csv
LOT,LOT-0001,SRC-03,QR260929A0001,lot_scans.csv
LOT,LOT-0001,SRC-04,LOT-0001-A,qc_auto.csv
LOT,LOT-0002,SRC-01,A0002,output_perf.csv
LOT,LOT-0002,SRC-02,L-A-0002,ipc.csv
LOT,LOT-0002,SRC-03,QR260929A0002,lot_scans.csv
LOT,LOT-0002,SRC-04,LOT-0002-A,qc_auto.csv
LOT,LOT-0003,SRC-01,A0003,output_perf.csv
LOT,LOT-0003,SRC-02,L-B-0003,ipc.csv
LOT,LOT-0003,SRC-03,QR260929A0003,lot_scans.csv
LOT,LOT-0003,SRC-04,LOT-0003-B,qc_auto.csv
LOT,LOT-0004,SRC-01,A0004,output_perf.csv
LOT,LOT-0004,SRC-02,L-B-0004,ipc.csv
LOT,LOT-0004,SRC-03,QR260929A0004,lot_scans.csv
LOT,LOT-0004,SRC-04,LOT-0004-B,qc_auto.csv
LOT,LOT-0005,SRC-01,A0005,output_perf.csv
LOT,LOT-0005,SRC-02,L-A-0005,ipc.csv
LOT,LOT-0005,SRC-03,QR260929A0005,lot_scans.csv
LOT,LOT-0005,SRC-04,LOT-0005-A,qc_auto.csv
LOT,LOT-0006,SRC-01,A0006,output_perf.csv
LOT,LOT-0006,SRC-02,L-A-0006,ipc.csv
LOT,LOT-0006,SRC-03,QR260929A0006,lot_scans.csv
LOT,LOT-0006,SRC-04,LOT-0006-A,qc_auto.csv
LOT,LOT-0007,SRC-01,A0007,output_perf.csv
LOT,LOT-0007,SRC-02,L-B-0007,ipc.csv
LOT,LOT-0007,SRC-03,QR260929A0007,lot_scans.csv
LOT,LOT-0007,SRC-04,LOT-0007-B,qc_auto.csv
LOT,LOT-0008,SRC-01,A0008,output_perf.csv
LOT,LOT-0008,SRC-02,L-B-0008,ipc.csv
LOT,LOT-0008,SRC-03,QR260929A0008,lot_scans.csv
LOT,LOT-0008,SRC-04,LOT-0008-B,qc_auto.csv
LOT,LOT-0009,SRC-01,A0009,output_perf.csv
LOT,LOT-0009,SRC-02,L-A-0009,ipc.csv
LOT,LOT-0009,SRC-03,QR260929A0009,lot_scans.csv
LOT,LOT-0009,SRC-04,LOT-0009-A,qc_auto.csv
LOT,LOT-0010,SRC-01,A0010,output_perf.csv
LOT,LOT-0010,SRC-02,L-A-0010,ipc.csv
LOT,LOT-0010,SRC-03,QR260929A0010,lot_scans.csv
LOT,LOT-0010,SRC-04,LOT-0010-A,qc_auto.csv
LOT,LOT-0011,SRC-01,A0011,output_perf.csv
LOT,LOT-0011,SRC-02,L-B-0011,ipc.csv
LOT,LOT-0011,SRC-03,QR260929A0011,lot_scans.csv
LOT,LOT-0011,SRC-04,LOT-0011-B,qc_auto.csv
LOT,LOT-0012,SRC-01,A0012,output_perf.csv
LOT,LOT-0012,SRC-02,L-B-0012,ipc.csv
LOT,LOT-0012,SRC-03,QR260929A0012,lot_scans.csv
LOT,LOT-0012,SRC-04,LOT-0012-B,qc_auto.csv
LOT,LOT-0013,SRC-01,A0013,output_perf.csv
LOT,LOT-0013,SRC-02,L-A-0013,ipc.csv
LOT,LOT-0013,SRC-03,QR260929A0013,lot_scans.csv
LOT,LOT-0013,SRC-04,LOT-0013-A,qc_auto.csv
LOT,LOT-0014,SRC-01,A0014,output_perf.csv
LOT,LOT-0014,SRC-02,L-A-0014,ipc.csv
LOT,LOT-0014,SRC-03,QR260929A0014,lot_scans.csv
LOT,LOT-0014,SRC-04,LOT-0014-A,qc_auto.csv
LOT,LOT-0015,SRC-01,A0015,output_perf.csv
LOT,LOT-0015,SRC-02,L-B-0015,ipc.csv
LOT,LOT-0015,SRC-03,QR260929A0015,lot_scans.csv
LOT,LOT-0015,SRC-04,LOT-0015-B,qc_auto.csv
LOT,LOT-0016,SRC-01,A0016,output_perf.csv
LOT,LOT-0016,SRC-02,L-B-0016,ipc.csv
LOT,LOT-0016,SRC-03,QR260929A0016,lot_scans.csv
LOT,LOT-0016,SRC-04,LOT-0016-B,qc_auto.csv
LOT,LOT-0017,SRC-01,A0017,output_perf.csv
LOT,LOT-0017,SRC-02,L-A-0017,ipc.csv
LOT,LOT-0017,SRC-03,QR260929A0017,lot_scans.csv
LOT,LOT-0017,SRC-04,LOT-0017-A,qc_auto.csv
LOT,LOT-0018,SRC-01,A0018,output_perf.csv
LOT,LOT-0018,SRC-02,L-A-0018,ipc.csv
LOT,LOT-0018,SRC-03,QR260929A0018,lot_scans.csv
LOT,LOT-0018,SRC-04,LOT-0018-A,qc_auto.csv
LOT,LOT-0019,SRC-01,A0019,output_perf.csv
LOT,LOT-0019,SRC-02,L-B-0019,ipc.csv
LOT,LOT-0019,SRC-03,QR260929A0019,lot_scans.csv
LOT,LOT-0019,SRC-04,LOT-0019-B,qc_auto.csv
LOT,LOT-0020,SRC-01,A0020,output_perf.csv
LOT,LOT-0020,SRC-02,L-B-0020,ipc.csv
LOT,LOT-0020,SRC-03,QR260929A0020,lot_scans.csv
LOT,LOT-0020,SRC-04,LOT-0020-B,qc_auto.csv
LOT,LOT-0021,SRC-01,A0021,output_perf.csv
LOT,LOT-0021,SRC-02,L-A-0021,ipc.csv
LOT,LOT-0021,SRC-03,QR260929A0021,lot_scans.csv
LOT,LOT-0021,SRC-04,LOT-0021-A,qc_auto.csv
LOT,LOT-0022,SRC-01,A0022,output_perf.csv
LOT,LOT-0022,SRC-02,L-A-0022,ipc.csv
LOT,LOT-0022,SRC-03,QR260929A0022,lot_scans.csv
LOT,LOT-0022,SRC-04,LOT-0022-A,qc_auto.csv
LOT,LOT-0023,SRC-01,A0023,output_perf.csv
LOT,LOT-0023,SRC-02,L-B-0023,ipc.csv
LOT,LOT-0023,SRC-03,QR260929A0023,lot_scans.csv
LOT,LOT-0023,SRC-04,LOT-0023-B,qc_auto.csv
LOT,LOT-0024,SRC-01,A0024,output_perf.csv
LOT,LOT-0024,SRC-02,L-B-0024,ipc.csv
LOT,LOT-0024,SRC-03,QR260929A0024,lot_scans.csv
LOT,LOT-0024,SRC-04,LOT-0024-B,qc_auto.csv
LOT,LOT-0025,SRC-01,A0025,output_perf.csv
LOT,LOT-0025,SRC-02,L-A-0025,ipc.csv
LOT,LOT-0025,SRC-03,QR260929A0025,lot_scans.csv
LOT,LOT-0025,SRC-04,LOT-0025-A,qc_auto.csv
LOT,LOT-0026,SRC-01,A0026,output_perf.csv
LOT,LOT-0026,SRC-02,L-A-0026,ipc.csv
LOT,LOT-0026,SRC-03,QR260929A0026,lot_scans.csv
LOT,LOT-0026,SRC-04,LOT-0026-A,qc_auto.csv
LOT,LOT-0027,SRC-01,A0027,output_perf.csv
LOT,LOT-0027,SRC-02,L-B-0027,ipc.csv
LOT,LOT-0027,SRC-03,QR260929A0027,lot_scans.csv
LOT,LOT-0027,SRC-04,LOT-0027-B,qc_auto.csv
LOT,LOT-0028,SRC-01,A0028,output_perf.csv
LOT,LOT-0028,SRC-02,L-B-0028,ipc.csv
LOT,LOT-0028,SRC-03,QR260929A0028,lot_scans.csv
LOT,LOT-0028,SRC-04,LOT-0028-B,qc_auto.csv
LOT,LOT-0029,SRC-01,A0029,output_perf.csv
LOT,LOT-0029,SRC-02,L-A-0029,ipc.csv
LOT,LOT-0029,SRC-03,QR260929A0029,lot_scans.csv
LOT,LOT-0029,SRC-04,LOT-0029-A,qc_auto.csv
LOT,LOT-0030,SRC-01,A0030,output_perf.csv
LOT,LOT-0030,SRC-02,L-A-0030,ipc.csv
LOT,LOT-0030,SRC-03,QR260929A0030,lot_scans.csv
LOT,LOT-0030,SRC-04,LOT-0030-A,qc_auto.csv
LOT,LOT-0031,SRC-01,A0031,output_perf.csv
LOT,LOT-0031,SRC-02,L-B-0031,ipc.csv
LOT,LOT-0031,SRC-03,QR260929A0031,lot_scans.csv
LOT,LOT-0031,SRC-04,LOT-0031-B,qc_auto.csv
LOT,LOT-0032,SRC-01,A0032,output_perf.csv
LOT,LOT-0032,SRC-02,L-B-0032,ipc.csv
LOT,LOT-0032,SRC-03,QR260929A0032,lot_scans.csv
LOT,LOT-0032,SRC-04,LOT-0032-B,qc_auto.csv
LOT,LOT-0033,SRC-01,A0033,output_perf.csv
LOT,LOT-0033,SRC-02,L-A-0033,ipc.csv
LOT,LOT-0033,SRC-03,QR260929A0033,lot_scans.csv
LOT,LOT-0033,SRC-04,LOT-0033-A,qc_auto.csv
LOT,LOT-0034,SRC-01,A0034,output_perf.csv
LOT,LOT-0034,SRC-02,L-A-0034,ipc.csv
LOT,LOT-0034,SRC-03,QR260929A0034,lot_scans.csv
LOT,LOT-0034,SRC-04,LOT-0034-A,qc_auto.csv
LOT,LOT-0035,SRC-01,A0035,output_perf.csv
LOT,LOT-0035,SRC-02,L-B-0035,ipc.csv
LOT,LOT-0035,SRC-03,QR260929A0035,lot_scans.csv
LOT,LOT-0035,SRC-04,LOT-0035-B,qc_auto.csv
LOT,LOT-0036,SRC-01,A0036,output_perf.csv
LOT,LOT-0036,SRC-02,L-B-0036,ipc.csv
LOT,LOT-0036,SRC-03,QR260929A0036,lot_scans.csv
LOT,LOT-0036,SRC-04,LOT-0036-B,qc_auto.csv
LOT,LOT-0037,SRC-01,A0037,output_perf.csv
LOT,LOT-0037,SRC-02,L-A-0037,ipc.csv
LOT,LOT-0037,SRC-03,QR260929A0037,lot_scans.csv
LOT,LOT-0037,SRC-04,LOT-0037-A,qc_auto.csv
LOT,LOT-0038,SRC-01,A0038,output_perf.csv
LOT,LOT-0038,SRC-02,L-A-0038,ipc.csv
LOT,LOT-0038,SRC-03,QR260929A0038,lot_scans.csv
LOT,LOT-0038,SRC-04,LOT-0038-A,qc_auto.csv
LOT,LOT-0039,SRC-01,A0039,output_perf.csv
LOT,LOT-0039,SRC-02,L-B-0039,ipc.csv
LOT,LOT-0039,SRC-03,QR260929A0039,lot_scans.csv
LOT,LOT-0039,SRC-04,LOT-0039-B,qc_auto.csv
LOT,LOT-0040,SRC-01,A0040,output_perf.csv
LOT,LOT-0040,SRC-02,L-B-0040,ipc.csv
LOT,LOT-0040,SRC-03,QR260929A0040,lot_scans.csv
LOT,LOT-0040,SRC-04,LOT-0040-B,qc_auto.csv
LOT,LOT-0041,SRC-01,A0041,output_perf.csv
LOT,LOT-0041,SRC-02,L-A-0041,ipc.csv
LOT,LOT-0041,SRC-03,QR260929A0041,lot_scans.csv
LOT,LOT-0041,SRC-04,LOT-0041-A,qc_auto.csv
LOT,LOT-0042,SRC-01,A0042,output_perf.csv
LOT,LOT-0042,SRC-02,L-A-0042,ipc.csv
LOT,LOT-0042,SRC-03,QR260929A0042,lot_scans.csv
LOT,LOT-0042,SRC-04,LOT-0042-A,qc_auto.csv
LOT,LOT-0043,SRC-01,A0043,output_perf.csv
LOT,LOT-0043,SRC-02,L-B-0043,ipc.csv
LOT,LOT-0043,SRC-03,QR260929A0043,lot_scans.csv
LOT,LOT-0043,SRC-04,LOT-0043-B,qc_auto.csv
LOT,LOT-0044,SRC-01,A0044,output_perf.csv
LOT,LOT-0044,SRC-02,L-B-0044,ipc.csv
LOT,LOT-0044,SRC-03,QR260929A0044,lot_scans.csv
LOT,LOT-0044,SRC-04,LOT-0044-B,qc_auto.csv
LOT,LOT-0045,SRC-01,A0045,output_perf.csv
LOT,LOT-0045,SRC-02,L-A-0045,ipc.csv
LOT,LOT-0045,SRC-03,QR260929A0045,lot_scans.csv
LOT,LOT-0045,SRC-04,LOT-0045-A,qc_auto.csv
LOT,LOT-0046,SRC-01,A0046,output_perf.csv
LOT,LOT-0046,SRC-02,L-A-0046,ipc.csv
LOT,LOT-0046,SRC-03,QR260929A0046,lot_scans.csv
LOT,LOT-0046,SRC-04,LOT-0046-A,qc_auto.csv
LOT,LOT-0047,SRC-01,A0047,output_perf.csv
LOT,LOT-0047,SRC-02,L-B-0047,ipc.csv
LOT,LOT-0047,SRC-03,QR260929A0047,lot_scans.csv
LOT,LOT-0047,SRC-04,LOT-0047-B,qc_auto.csv
LOT,LOT-0048,SRC-01,A0048,output_perf.csv
LOT,LOT-0048,SRC-02,L-B-0048,ipc.csv
LOT,LOT-0048,SRC-03,QR260929A0048,lot_scans.csv
LOT,LOT-0048,SRC-04,LOT-0048-B,qc_auto.csv
LOT,LOT-0049,SRC-01,A0049,output_perf.csv
LOT,LOT-0049,SRC-02,L-A-0049,ipc.csv
LOT,LOT-0049,SRC-03,QR260929A0049,lot_scans.csv
LOT,LOT-0049,SRC-04,LOT-0049-A,qc_auto.csv
LOT,LOT-0050,SRC-01,A0050,output_perf.csv
LOT,LOT-0050,SRC-02,L-A-0050,ipc.csv
LOT,LOT-0050,SRC-03,QR260929A0050,lot_scans.csv
LOT,LOT-0050,SRC-04,LOT-0050-A,qc_auto.csv
LOT,LOT-0051,SRC-01,A0051,output_perf.csv
LOT,LOT-0051,SRC-02,L-B-0051,ipc.csv
LOT,LOT-0051,SRC-03,QR260929A0051,lot_scans.csv
LOT,LOT-0051,SRC-04,LOT-0051-B,qc_auto.csv
LOT,LOT-0052,SRC-01,A0052,output_perf.csv
LOT,LOT-0052,SRC-02,L-B-0052,ipc.csv
LOT,LOT-0052,SRC-03,QR260929A0052,lot_scans.csv
LOT,LOT-0052,SRC-04,LOT-0052-B,qc_auto.csv
LOT,LOT-0053,SRC-01,A0053,output_perf.csv
LOT,LOT-0053,SRC-02,L-A-0053,ipc.csv
LOT,LOT-0053,SRC-03,QR260929A0053,lot_scans.csv
LOT,LOT-0053,SRC-04,LOT-0053-A,qc_auto.csv
LOT,LOT-0054,SRC-01,A0054,output_perf.csv
LOT,LOT-0054,SRC-02,L-A-0054,ipc.csv
LOT,LOT-0054,SRC-03,QR260929A0054,lot_scans.csv
LOT,LOT-0054,SRC-04,LOT-0054-A,qc_auto.csv
LOT,LOT-0055,SRC-01,A0055,output_perf.csv
LOT,LOT-0055,SRC-02,L-B-0055,ipc.csv
LOT,LOT-0055,SRC-03,QR260929A0055,lot_scans.csv
LOT,LOT-0055,SRC-04,LOT-0055-B,qc_auto.csv
LOT,LOT-0056,SRC-01,A0056,output_perf.csv
LOT,LOT-0056,SRC-02,L-B-0056,ipc.csv
LOT,LOT-0056,SRC-03,QR260929A0056,lot_scans.csv
LOT,LOT-0056,SRC-04,LOT-0056-B,qc_auto.csv
LOT,LOT-0057,SRC-01,A0057,output_perf.csv
LOT,LOT-0057,SRC-02,L-A-0057,ipc.csv
LOT,LOT-0057,SRC-03,QR260929A0057,lot_scans.csv
LOT,LOT-0057,SRC-04,LOT-0057-A,qc_auto.csv
LOT,LOT-0058,SRC-01,A0058,output_perf.csv
LOT,LOT-0058,SRC-02,L-A-0058,ipc.csv
LOT,LOT-0058,SRC-03,QR260929A0058,lot_scans.csv
LOT,LOT-0058,SRC-04,LOT-0058-A,qc_auto.csv
LOT,LOT-0401,SRC-01,A0401,output_perf.csv
LOT,LOT-0401,SRC-02,L-A-0401,ipc.csv
LOT,LOT-0401,SRC-03,QR260929A0401,lot_scans.csv
LOT,LOT-0401,SRC-04,LOT-0401-A,qc_auto.csv
LOT,LOT-0402,SRC-01,A0402,output_perf.csv
LOT,LOT-0402,SRC-02,L-A-0402,ipc.csv
LOT,LOT-0402,SRC-03,QR260929A0402,lot_scans.csv
LOT,LOT-0402,SRC-04,LOT-0402-A,qc_auto.csv
LOT,LOT-0403,SRC-01,A0403,output_perf.csv
LOT,LOT-0403,SRC-02,L-A-0403,ipc.csv
LOT,LOT-0403,SRC-03,QR260929A0403,lot_scans.csv
LOT,LOT-0403,SRC-04,LOT-0403-A,qc_auto.csv
LOT,LOT-0404,SRC-01,A0404,output_perf.csv
LOT,LOT-0404,SRC-02,L-A-0404,ipc.csv
LOT,LOT-0404,SRC-03,QR260929A0404,lot_scans.csv
LOT,LOT-0404,SRC-04,LOT-0404-A,qc_auto.csv
LOT,LOT-0405,SRC-01,A0405,output_perf.csv
LOT,LOT-0405,SRC-02,L-A-0405,ipc.csv
LOT,LOT-0405,SRC-03,QR260929A0405,lot_scans.csv
LOT,LOT-0405,SRC-04,LOT-0405-A,qc_auto.csv
LOT,LOT-0059,SRC-01,A0059,output_perf.csv
LOT,LOT-0059,SRC-02,L-B-0059,ipc.csv
LOT,LOT-0059,SRC-03,QR260929A0059,lot_scans.csv
LOT,LOT-0059,SRC-04,LOT-0059-B,qc_auto.csv
LOT,LOT-0060,SRC-01,A0060,output_perf.csv
LOT,LOT-0060,SRC-02,L-B-0060,ipc.csv
LOT,LOT-0060,SRC-03,QR260929A0060,lot_scans.csv
LOT,LOT-0060,SRC-04,LOT-0060-B,qc_auto.csv
LOT,LOT-0061,SRC-01,A0061,output_perf.csv
LOT,LOT-0061,SRC-02,L-A-0061,ipc.csv
LOT,LOT-0061,SRC-03,QR260929A0061,lot_scans.csv
LOT,LOT-0061,SRC-04,LOT-0061-A,qc_auto.csv
LOT,LOT-0062,SRC-01,A0062,output_perf.csv
LOT,LOT-0062,SRC-02,L-A-0062,ipc.csv
LOT,LOT-0062,SRC-03,QR260929A0062,lot_scans.csv
LOT,LOT-0062,SRC-04,LOT-0062-A,qc_auto.csv
LOT,LOT-0063,SRC-01,A0063,output_perf.csv
LOT,LOT-0063,SRC-02,L-B-0063,ipc.csv
LOT,LOT-0063,SRC-03,QR260929A0063,lot_scans.csv
LOT,LOT-0063,SRC-04,LOT-0063-B,qc_auto.csv
LOT,LOT-0064,SRC-01,A0064,output_perf.csv
LOT,LOT-0064,SRC-02,L-B-0064,ipc.csv
LOT,LOT-0064,SRC-03,QR260929A0064,lot_scans.csv
LOT,LOT-0064,SRC-04,LOT-0064-B,qc_auto.csv
LOT,LOT-0065,SRC-01,A0065,output_perf.csv
LOT,LOT-0065,SRC-02,L-A-0065,ipc.csv
LOT,LOT-0065,SRC-03,QR260929A0065,lot_scans.csv
LOT,LOT-0065,SRC-04,LOT-0065-A,qc_auto.csv
LOT,LOT-0066,SRC-01,A0066,output_perf.csv
LOT,LOT-0066,SRC-02,L-A-0066,ipc.csv
LOT,LOT-0066,SRC-03,QR260929A0066,lot_scans.csv
LOT,LOT-0066,SRC-04,LOT-0066-A,qc_auto.csv
LOT,LOT-0067,SRC-01,A0067,output_perf.csv
LOT,LOT-0067,SRC-02,L-B-0067,ipc.csv
LOT,LOT-0067,SRC-03,QR260929A0067,lot_scans.csv
LOT,LOT-0067,SRC-04,LOT-0067-B,qc_auto.csv
LOT,LOT-0068,SRC-01,A0068,output_perf.csv
LOT,LOT-0068,SRC-02,L-B-0068,ipc.csv
LOT,LOT-0068,SRC-03,QR260929A0068,lot_scans.csv
LOT,LOT-0068,SRC-04,LOT-0068-B,qc_auto.csv
LOT,LOT-0069,SRC-01,A0069,output_perf.csv
LOT,LOT-0069,SRC-02,L-A-0069,ipc.csv
LOT,LOT-0069,SRC-03,QR260929A0069,lot_scans.csv
LOT,LOT-0069,SRC-04,LOT-0069-A,qc_auto.csv
LOT,LOT-0070,SRC-01,A0070,output_perf.csv
LOT,LOT-0070,SRC-02,L-A-0070,ipc.csv
LOT,LOT-0070,SRC-03,QR260929A0070,lot_scans.csv
LOT,LOT-0070,SRC-04,LOT-0070-A,qc_auto.csv
LOT,LOT-0071,SRC-01,A0071,output_perf.csv
LOT,LOT-0071,SRC-02,L-B-0071,ipc.csv
LOT,LOT-0071,SRC-03,QR260929A0071,lot_scans.csv
LOT,LOT-0071,SRC-04,LOT-0071-B,qc_auto.csv
LOT,LOT-0072,SRC-01,A0072,output_perf.csv
LOT,LOT-0072,SRC-02,L-B-0072,ipc.csv
LOT,LOT-0072,SRC-03,QR260929A0072,lot_scans.csv
LOT,LOT-0072,SRC-04,LOT-0072-B,qc_auto.csv
LOT,LOT-0073,SRC-01,A0073,output_perf.csv
LOT,LOT-0073,SRC-02,L-A-0073,ipc.csv
LOT,LOT-0073,SRC-03,QR260929A0073,lot_scans.csv
LOT,LOT-0073,SRC-04,LOT-0073-A,qc_auto.csv
LOT,LOT-0074,SRC-01,A0074,output_perf.csv
LOT,LOT-0074,SRC-02,L-A-0074,ipc.csv
LOT,LOT-0074,SRC-03,QR260929A0074,lot_scans.csv
LOT,LOT-0074,SRC-04,LOT-0074-A,qc_auto.csv
LOT,LOT-0075,SRC-01,A0075,output_perf.csv
LOT,LOT-0075,SRC-02,L-B-0075,ipc.csv
LOT,LOT-0075,SRC-03,QR260929A0075,lot_scans.csv
LOT,LOT-0075,SRC-04,LOT-0075-B,qc_auto.csv
LOT,LOT-0076,SRC-01,A0076,output_perf.csv
LOT,LOT-0076,SRC-02,L-B-0076,ipc.csv
LOT,LOT-0076,SRC-03,QR260929A0076,lot_scans.csv
LOT,LOT-0076,SRC-04,LOT-0076-B,qc_auto.csv
LOT,LOT-0077,SRC-01,A0077,output_perf.csv
LOT,LOT-0077,SRC-02,L-A-0077,ipc.csv
LOT,LOT-0077,SRC-03,QR260929A0077,lot_scans.csv
LOT,LOT-0077,SRC-04,LOT-0077-A,qc_auto.csv
LOT,LOT-0078,SRC-01,A0078,output_perf.csv
LOT,LOT-0078,SRC-02,L-A-0078,ipc.csv
LOT,LOT-0078,SRC-03,QR260929A0078,lot_scans.csv
LOT,LOT-0078,SRC-04,LOT-0078-A,qc_auto.csv
LOT,LOT-0079,SRC-01,A0079,output_perf.csv
LOT,LOT-0079,SRC-02,L-B-0079,ipc.csv
LOT,LOT-0079,SRC-03,QR260929A0079,lot_scans.csv
LOT,LOT-0079,SRC-04,LOT-0079-B,qc_auto.csv
LOT,LOT-0080,SRC-01,A0080,output_perf.csv
LOT,LOT-0080,SRC-02,L-B-0080,ipc.csv
LOT,LOT-0080,SRC-03,QR260929A0080,lot_scans.csv
LOT,LOT-0080,SRC-04,LOT-0080-B,qc_auto.csv
LOT,LOT-0081,SRC-01,A0081,output_perf.csv
LOT,LOT-0081,SRC-02,L-A-0081,ipc.csv
LOT,LOT-0081,SRC-03,QR260929A0081,lot_scans.csv
LOT,LOT-0081,SRC-04,LOT-0081-A,qc_auto.csv
LOT,LOT-0082,SRC-01,A0082,output_perf.csv
LOT,LOT-0082,SRC-02,L-A-0082,ipc.csv
LOT,LOT-0082,SRC-03,QR260929A0082,lot_scans.csv
LOT,LOT-0082,SRC-04,LOT-0082-A,qc_auto.csv
LOT,LOT-0083,SRC-01,A0083,output_perf.csv
LOT,LOT-0083,SRC-02,L-B-0083,ipc.csv
LOT,LOT-0083,SRC-03,QR260929A0083,lot_scans.csv
LOT,LOT-0083,SRC-04,LOT-0083-B,qc_auto.csv
LOT,LOT-0084,SRC-01,A0084,output_perf.csv
LOT,LOT-0084,SRC-02,L-B-0084,ipc.csv
LOT,LOT-0084,SRC-03,QR260929A0084,lot_scans.csv
LOT,LOT-0084,SRC-04,LOT-0084-B,qc_auto.csv
LOT,LOT-0085,SRC-01,A0085,output_perf.csv
LOT,LOT-0085,SRC-02,L-A-0085,ipc.csv
LOT,LOT-0085,SRC-03,QR260929A0085,lot_scans.csv
LOT,LOT-0085,SRC-04,LOT-0085-A,qc_auto.csv
LOT,LOT-0086,SRC-01,A0086,output_perf.csv
LOT,LOT-0086,SRC-02,L-A-0086,ipc.csv
LOT,LOT-0086,SRC-03,QR260929A0086,lot_scans.csv
LOT,LOT-0086,SRC-04,LOT-0086-A,qc_auto.csv
LOT,LOT-0087,SRC-01,A0087,output_perf.csv
LOT,LOT-0087,SRC-02,L-B-0087,ipc.csv
LOT,LOT-0087,SRC-03,QR260929A0087,lot_scans.csv
LOT,LOT-0087,SRC-04,LOT-0087-B,qc_auto.csv
LOT,LOT-0088,SRC-01,A0088,output_perf.csv
LOT,LOT-0088,SRC-02,L-B-0088,ipc.csv
LOT,LOT-0088,SRC-03,QR260929A0088,lot_scans.csv
LOT,LOT-0088,SRC-04,LOT-0088-B,qc_auto.csv
LOT,LOT-0089,SRC-01,A0089,output_perf.csv
LOT,LOT-0089,SRC-02,L-A-0089,ipc.csv
LOT,LOT-0089,SRC-03,QR260929A0089,lot_scans.csv
LOT,LOT-0089,SRC-04,LOT-0089-A,qc_auto.csv
LOT,LOT-0090,SRC-01,A0090,output_perf.csv
LOT,LOT-0090,SRC-02,L-A-0090,ipc.csv
LOT,LOT-0090,SRC-03,QR260929A0090,lot_scans.csv
LOT,LOT-0090,SRC-04,LOT-0090-A,qc_auto.csv
LOT,LOT-0091,SRC-01,A0091,output_perf.csv
LOT,LOT-0091,SRC-02,L-B-0091,ipc.csv
LOT,LOT-0091,SRC-03,QR260929A0091,lot_scans.csv
LOT,LOT-0091,SRC-04,LOT-0091-B,qc_auto.csv
LOT,LOT-0092,SRC-01,A0092,output_perf.csv
LOT,LOT-0092,SRC-02,L-B-0092,ipc.csv
LOT,LOT-0092,SRC-03,QR260929A0092,lot_scans.csv
LOT,LOT-0092,SRC-04,LOT-0092-B,qc_auto.csv
LOT,LOT-0093,SRC-01,A0093,output_perf.csv
LOT,LOT-0093,SRC-02,L-A-0093,ipc.csv
LOT,LOT-0093,SRC-03,QR260929A0093,lot_scans.csv
LOT,LOT-0093,SRC-04,LOT-0093-A,qc_auto.csv
LOT,LOT-0094,SRC-01,A0094,output_perf.csv
LOT,LOT-0094,SRC-02,L-A-0094,ipc.csv
LOT,LOT-0094,SRC-03,QR260929A0094,lot_scans.csv
LOT,LOT-0094,SRC-04,LOT-0094-A,qc_auto.csv
LOT,LOT-0095,SRC-01,A0095,output_perf.csv
LOT,LOT-0095,SRC-02,L-B-0095,ipc.csv
LOT,LOT-0095,SRC-03,QR260929A0095,lot_scans.csv
LOT,LOT-0095,SRC-04,LOT-0095-B,qc_auto.csv
LOT,LOT-0096,SRC-01,A0096,output_perf.csv
LOT,LOT-0096,SRC-02,L-B-0096,ipc.csv
LOT,LOT-0096,SRC-03,QR260929A0096,lot_scans.csv
LOT,LOT-0096,SRC-04,LOT-0096-B,qc_auto.csv
LOT,LOT-0097,SRC-01,A0097,output_perf.csv
LOT,LOT-0097,SRC-02,L-A-0097,ipc.csv
LOT,LOT-0097,SRC-03,QR260929A0097,lot_scans.csv
LOT,LOT-0097,SRC-04,LOT-0097-A,qc_auto.csv
LOT,LOT-0098,SRC-01,A0098,output_perf.csv
LOT,LOT-0098,SRC-02,L-A-0098,ipc.csv
LOT,LOT-0098,SRC-03,QR260929A0098,lot_scans.csv
LOT,LOT-0098,SRC-04,LOT-0098-A,qc_auto.csv
LOT,LOT-0099,SRC-01,A0099,output_perf.csv
LOT,LOT-0099,SRC-02,L-B-0099,ipc.csv
LOT,LOT-0099,SRC-03,QR260929A0099,lot_scans.csv
LOT,LOT-0099,SRC-04,LOT-0099-B,qc_auto.csv
LOT,LOT-0100,SRC-01,A0100,output_perf.csv
LOT,LOT-0100,SRC-02,L-B-0100,ipc.csv
LOT,LOT-0100,SRC-03,QR260929A0100,lot_scans.csv
LOT,LOT-0100,SRC-04,LOT-0100-B,qc_auto.csv
LOT,LOT-0101,SRC-01,A0101,output_perf.csv
LOT,LOT-0101,SRC-02,L-A-0101,ipc.csv
LOT,LOT-0101,SRC-03,QR260929A0101,lot_scans.csv
LOT,LOT-0101,SRC-04,LOT-0101-A,qc_auto.csv
LOT,LOT-0102,SRC-01,A0102,output_perf.csv
LOT,LOT-0102,SRC-02,L-A-0102,ipc.csv
LOT,LOT-0102,SRC-03,QR260929A0102,lot_scans.csv
LOT,LOT-0102,SRC-04,LOT-0102-A,qc_auto.csv
LOT,LOT-0103,SRC-01,A0103,output_perf.csv
LOT,LOT-0103,SRC-02,L-B-0103,ipc.csv
LOT,LOT-0103,SRC-03,QR260929A0103,lot_scans.csv
LOT,LOT-0103,SRC-04,LOT-0103-B,qc_auto.csv
LOT,LOT-0104,SRC-01,A0104,output_perf.csv
LOT,LOT-0104,SRC-02,L-B-0104,ipc.csv
LOT,LOT-0104,SRC-03,QR260929A0104,lot_scans.csv
LOT,LOT-0104,SRC-04,LOT-0104-B,qc_auto.csv
LOT,LOT-0105,SRC-01,A0105,output_perf.csv
LOT,LOT-0105,SRC-02,L-A-0105,ipc.csv
LOT,LOT-0105,SRC-03,QR260929A0105,lot_scans.csv
LOT,LOT-0105,SRC-04,LOT-0105-A,qc_auto.csv
LOT,LOT-0106,SRC-01,A0106,output_perf.csv
LOT,LOT-0106,SRC-02,L-A-0106,ipc.csv
LOT,LOT-0106,SRC-03,QR260929A0106,lot_scans.csv
LOT,LOT-0106,SRC-04,LOT-0106-A,qc_auto.csv
LOT,LOT-0107,SRC-01,A0107,output_perf.csv
LOT,LOT-0107,SRC-02,L-B-0107,ipc.csv
LOT,LOT-0107,SRC-03,QR260929A0107,lot_scans.csv
LOT,LOT-0107,SRC-04,LOT-0107-B,qc_auto.csv
LOT,LOT-0108,SRC-01,A0108,output_perf.csv
LOT,LOT-0108,SRC-02,L-B-0108,ipc.csv
LOT,LOT-0108,SRC-03,QR260929A0108,lot_scans.csv
LOT,LOT-0108,SRC-04,LOT-0108-B,qc_auto.csv
LOT,LOT-0109,SRC-01,A0109,output_perf.csv
LOT,LOT-0109,SRC-02,L-A-0109,ipc.csv
LOT,LOT-0109,SRC-03,QR260929A0109,lot_scans.csv
LOT,LOT-0109,SRC-04,LOT-0109-A,qc_auto.csv
LOT,LOT-0110,SRC-01,A0110,output_perf.csv
LOT,LOT-0110,SRC-02,L-A-0110,ipc.csv
LOT,LOT-0110,SRC-03,QR260929A0110,lot_scans.csv
LOT,LOT-0110,SRC-04,LOT-0110-A,qc_auto.csv
LOT,LOT-0111,SRC-01,A0111,output_perf.csv
LOT,LOT-0111,SRC-02,L-B-0111,ipc.csv
LOT,LOT-0111,SRC-03,QR260929A0111,lot_scans.csv
LOT,LOT-0111,SRC-04,LOT-0111-B,qc_auto.csv
LOT,LOT-0112,SRC-01,A0112,output_perf.csv
LOT,LOT-0112,SRC-02,L-B-0112,ipc.csv
LOT,LOT-0112,SRC-03,QR260929A0112,lot_scans.csv
LOT,LOT-0112,SRC-04,LOT-0112-B,qc_auto.csv
LOT,LOT-0113,SRC-01,A0113,output_perf.csv
LOT,LOT-0113,SRC-02,L-A-0113,ipc.csv
LOT,LOT-0113,SRC-03,QR260929A0113,lot_scans.csv
LOT,LOT-0113,SRC-04,LOT-0113-A,qc_auto.csv
LOT,LOT-0114,SRC-01,A0114,output_perf.csv
LOT,LOT-0114,SRC-02,L-A-0114,ipc.csv
LOT,LOT-0114,SRC-03,QR260929A0114,lot_scans.csv
LOT,LOT-0114,SRC-04,LOT-0114-A,qc_auto.csv
LOT,LOT-0115,SRC-01,A0115,output_perf.csv
LOT,LOT-0115,SRC-02,L-B-0115,ipc.csv
LOT,LOT-0115,SRC-03,QR260929A0115,lot_scans.csv
LOT,LOT-0115,SRC-04,LOT-0115-B,qc_auto.csv
LOT,LOT-0116,SRC-01,A0116,output_perf.csv
LOT,LOT-0116,SRC-02,L-B-0116,ipc.csv
LOT,LOT-0116,SRC-03,QR260929A0116,lot_scans.csv
LOT,LOT-0116,SRC-04,LOT-0116-B,qc_auto.csv
LOT,LOT-0406,SRC-01,A0406,output_perf.csv
LOT,LOT-0406,SRC-02,L-A-0406,ipc.csv
LOT,LOT-0406,SRC-03,QR260929A0406,lot_scans.csv
LOT,LOT-0406,SRC-04,LOT-0406-A,qc_auto.csv
LOT,LOT-0407,SRC-01,A0407,output_perf.csv
LOT,LOT-0407,SRC-02,L-A-0407,ipc.csv
LOT,LOT-0407,SRC-03,QR260929A0407,lot_scans.csv
LOT,LOT-0407,SRC-04,LOT-0407-A,qc_auto.csv
LOT,LOT-0408,SRC-01,A0408,output_perf.csv
LOT,LOT-0408,SRC-02,L-A-0408,ipc.csv
LOT,LOT-0408,SRC-03,QR260929A0408,lot_scans.csv
LOT,LOT-0408,SRC-04,LOT-0408-A,qc_auto.csv
LOT,LOT-0409,SRC-01,A0409,output_perf.csv
LOT,LOT-0409,SRC-02,L-A-0409,ipc.csv
LOT,LOT-0409,SRC-03,QR260929A0409,lot_scans.csv
LOT,LOT-0409,SRC-04,LOT-0409-A,qc_auto.csv
LOT,LOT-0410,SRC-01,A0410,output_perf.csv
LOT,LOT-0410,SRC-02,L-A-0410,ipc.csv
LOT,LOT-0410,SRC-03,QR260929A0410,lot_scans.csv
LOT,LOT-0410,SRC-04,LOT-0410-A,qc_auto.csv
LOT,LOT-0117,SRC-01,A0117,output_perf.csv
LOT,LOT-0117,SRC-02,L-A-0117,ipc.csv
LOT,LOT-0117,SRC-03,QR260929A0117,lot_scans.csv
LOT,LOT-0117,SRC-04,LOT-0117-A,qc_auto.csv
LOT,LOT-0118,SRC-01,A0118,output_perf.csv
LOT,LOT-0118,SRC-02,L-A-0118,ipc.csv
LOT,LOT-0118,SRC-03,QR260929A0118,lot_scans.csv
LOT,LOT-0118,SRC-04,LOT-0118-A,qc_auto.csv
LOT,LOT-0119,SRC-01,A0119,output_perf.csv
LOT,LOT-0119,SRC-02,L-B-0119,ipc.csv
LOT,LOT-0119,SRC-03,QR260929A0119,lot_scans.csv
LOT,LOT-0119,SRC-04,LOT-0119-B,qc_auto.csv
LOT,LOT-0120,SRC-01,A0120,output_perf.csv
LOT,LOT-0120,SRC-02,L-B-0120,ipc.csv
LOT,LOT-0120,SRC-03,QR260929A0120,lot_scans.csv
LOT,LOT-0120,SRC-04,LOT-0120-B,qc_auto.csv
LOT,LOT-0121,SRC-01,A0121,output_perf.csv
LOT,LOT-0121,SRC-02,L-A-0121,ipc.csv
LOT,LOT-0121,SRC-03,QR260929A0121,lot_scans.csv
LOT,LOT-0121,SRC-04,LOT-0121-A,qc_auto.csv
LOT,LOT-0122,SRC-01,A0122,output_perf.csv
LOT,LOT-0122,SRC-02,L-A-0122,ipc.csv
LOT,LOT-0122,SRC-03,QR260929A0122,lot_scans.csv
LOT,LOT-0122,SRC-04,LOT-0122-A,qc_auto.csv
LOT,LOT-0123,SRC-01,A0123,output_perf.csv
LOT,LOT-0123,SRC-02,L-B-0123,ipc.csv
LOT,LOT-0123,SRC-03,QR260929A0123,lot_scans.csv
LOT,LOT-0123,SRC-04,LOT-0123-B,qc_auto.csv
LOT,LOT-0124,SRC-01,A0124,output_perf.csv
LOT,LOT-0124,SRC-02,L-B-0124,ipc.csv
LOT,LOT-0124,SRC-03,QR260929A0124,lot_scans.csv
LOT,LOT-0124,SRC-04,LOT-0124-B,qc_auto.csv
LOT,LOT-0125,SRC-01,A0125,output_perf.csv
LOT,LOT-0125,SRC-02,L-A-0125,ipc.csv
LOT,LOT-0125,SRC-03,QR260929A0125,lot_scans.csv
LOT,LOT-0125,SRC-04,LOT-0125-A,qc_auto.csv
LOT,LOT-0126,SRC-01,A0126,output_perf.csv
LOT,LOT-0126,SRC-02,L-A-0126,ipc.csv
LOT,LOT-0126,SRC-03,QR260929A0126,lot_scans.csv
LOT,LOT-0126,SRC-04,LOT-0126-A,qc_auto.csv
LOT,LOT-0127,SRC-01,A0127,output_perf.csv
LOT,LOT-0127,SRC-02,L-B-0127,ipc.csv
LOT,LOT-0127,SRC-03,QR260929A0127,lot_scans.csv
LOT,LOT-0127,SRC-04,LOT-0127-B,qc_auto.csv
LOT,LOT-0128,SRC-01,A0128,output_perf.csv
LOT,LOT-0128,SRC-02,L-B-0128,ipc.csv
LOT,LOT-0128,SRC-03,QR260929A0128,lot_scans.csv
LOT,LOT-0128,SRC-04,LOT-0128-B,qc_auto.csv
LOT,LOT-0129,SRC-01,A0129,output_perf.csv
LOT,LOT-0129,SRC-02,L-A-0129,ipc.csv
LOT,LOT-0129,SRC-03,QR260929A0129,lot_scans.csv
LOT,LOT-0129,SRC-04,LOT-0129-A,qc_auto.csv
LOT,LOT-0130,SRC-01,A0130,output_perf.csv
LOT,LOT-0130,SRC-02,L-A-0130,ipc.csv
LOT,LOT-0130,SRC-03,QR260929A0130,lot_scans.csv
LOT,LOT-0130,SRC-04,LOT-0130-A,qc_auto.csv
LOT,LOT-0131,SRC-01,A0131,output_perf.csv
LOT,LOT-0131,SRC-02,L-B-0131,ipc.csv
LOT,LOT-0131,SRC-03,QR260929A0131,lot_scans.csv
LOT,LOT-0131,SRC-04,LOT-0131-B,qc_auto.csv
LOT,LOT-0132,SRC-01,A0132,output_perf.csv
LOT,LOT-0132,SRC-02,L-B-0132,ipc.csv
LOT,LOT-0132,SRC-03,QR260929A0132,lot_scans.csv
LOT,LOT-0132,SRC-04,LOT-0132-B,qc_auto.csv
LOT,LOT-0133,SRC-01,A0133,output_perf.csv
LOT,LOT-0133,SRC-02,L-A-0133,ipc.csv
LOT,LOT-0133,SRC-03,QR260929A0133,lot_scans.csv
LOT,LOT-0133,SRC-04,LOT-0133-A,qc_auto.csv
LOT,LOT-0134,SRC-01,A0134,output_perf.csv
LOT,LOT-0134,SRC-02,L-A-0134,ipc.csv
LOT,LOT-0134,SRC-03,QR260929A0134,lot_scans.csv
LOT,LOT-0134,SRC-04,LOT-0134-A,qc_auto.csv
LOT,LOT-0135,SRC-01,A0135,output_perf.csv
LOT,LOT-0135,SRC-02,L-B-0135,ipc.csv
LOT,LOT-0135,SRC-03,QR260929A0135,lot_scans.csv
LOT,LOT-0135,SRC-04,LOT-0135-B,qc_auto.csv
LOT,LOT-0136,SRC-01,A0136,output_perf.csv
LOT,LOT-0136,SRC-02,L-B-0136,ipc.csv
LOT,LOT-0136,SRC-03,QR260929A0136,lot_scans.csv
LOT,LOT-0136,SRC-04,LOT-0136-B,qc_auto.csv
LOT,LOT-0137,SRC-01,A0137,output_perf.csv
LOT,LOT-0137,SRC-02,L-A-0137,ipc.csv
LOT,LOT-0137,SRC-03,QR260929A0137,lot_scans.csv
LOT,LOT-0137,SRC-04,LOT-0137-A,qc_auto.csv
LOT,LOT-0138,SRC-01,A0138,output_perf.csv
LOT,LOT-0138,SRC-02,L-A-0138,ipc.csv
LOT,LOT-0138,SRC-03,QR260929A0138,lot_scans.csv
LOT,LOT-0138,SRC-04,LOT-0138-A,qc_auto.csv
LOT,LOT-0139,SRC-01,A0139,output_perf.csv
LOT,LOT-0139,SRC-02,L-B-0139,ipc.csv
LOT,LOT-0139,SRC-03,QR260929A0139,lot_scans.csv
LOT,LOT-0139,SRC-04,LOT-0139-B,qc_auto.csv
LOT,LOT-0140,SRC-01,A0140,output_perf.csv
LOT,LOT-0140,SRC-02,L-B-0140,ipc.csv
LOT,LOT-0140,SRC-03,QR260929A0140,lot_scans.csv
LOT,LOT-0140,SRC-04,LOT-0140-B,qc_auto.csv
LOT,LOT-0141,SRC-01,A0141,output_perf.csv
LOT,LOT-0141,SRC-02,L-A-0141,ipc.csv
LOT,LOT-0141,SRC-03,QR260929A0141,lot_scans.csv
LOT,LOT-0141,SRC-04,LOT-0141-A,qc_auto.csv
LOT,LOT-0142,SRC-01,A0142,output_perf.csv
LOT,LOT-0142,SRC-02,L-A-0142,ipc.csv
LOT,LOT-0142,SRC-03,QR260929A0142,lot_scans.csv
LOT,LOT-0142,SRC-04,LOT-0142-A,qc_auto.csv
LOT,LOT-0143,SRC-01,A0143,output_perf.csv
LOT,LOT-0143,SRC-02,L-B-0143,ipc.csv
LOT,LOT-0143,SRC-03,QR260929A0143,lot_scans.csv
LOT,LOT-0143,SRC-04,LOT-0143-B,qc_auto.csv
LOT,LOT-0144,SRC-01,A0144,output_perf.csv
LOT,LOT-0144,SRC-02,L-B-0144,ipc.csv
LOT,LOT-0144,SRC-03,QR260929A0144,lot_scans.csv
LOT,LOT-0144,SRC-04,LOT-0144-B,qc_auto.csv
LOT,LOT-0145,SRC-01,A0145,output_perf.csv
LOT,LOT-0145,SRC-02,L-A-0145,ipc.csv
LOT,LOT-0145,SRC-03,QR260929A0145,lot_scans.csv
LOT,LOT-0145,SRC-04,LOT-0145-A,qc_auto.csv
LOT,LOT-0146,SRC-01,A0146,output_perf.csv
LOT,LOT-0146,SRC-02,L-A-0146,ipc.csv
LOT,LOT-0146,SRC-03,QR260929A0146,lot_scans.csv
LOT,LOT-0146,SRC-04,LOT-0146-A,qc_auto.csv
LOT,LOT-0147,SRC-01,A0147,output_perf.csv
LOT,LOT-0147,SRC-02,L-B-0147,ipc.csv
LOT,LOT-0147,SRC-03,QR260929A0147,lot_scans.csv
LOT,LOT-0147,SRC-04,LOT-0147-B,qc_auto.csv
LOT,LOT-0148,SRC-01,A0148,output_perf.csv
LOT,LOT-0148,SRC-02,L-B-0148,ipc.csv
LOT,LOT-0148,SRC-03,QR260929A0148,lot_scans.csv
LOT,LOT-0148,SRC-04,LOT-0148-B,qc_auto.csv
LOT,LOT-0149,SRC-01,A0149,output_perf.csv
LOT,LOT-0149,SRC-02,L-A-0149,ipc.csv
LOT,LOT-0149,SRC-03,QR260929A0149,lot_scans.csv
LOT,LOT-0149,SRC-04,LOT-0149-A,qc_auto.csv
LOT,LOT-0150,SRC-01,A0150,output_perf.csv
LOT,LOT-0150,SRC-02,L-A-0150,ipc.csv
LOT,LOT-0150,SRC-03,QR260929A0150,lot_scans.csv
LOT,LOT-0150,SRC-04,LOT-0150-A,qc_auto.csv
LOT,LOT-0151,SRC-01,A0151,output_perf.csv
LOT,LOT-0151,SRC-02,L-B-0151,ipc.csv
LOT,LOT-0151,SRC-03,QR260929A0151,lot_scans.csv
LOT,LOT-0151,SRC-04,LOT-0151-B,qc_auto.csv
LOT,LOT-0152,SRC-01,A0152,output_perf.csv
LOT,LOT-0152,SRC-02,L-B-0152,ipc.csv
LOT,LOT-0152,SRC-03,QR260929A0152,lot_scans.csv
LOT,LOT-0152,SRC-04,LOT-0152-B,qc_auto.csv
LOT,LOT-0153,SRC-01,A0153,output_perf.csv
LOT,LOT-0153,SRC-02,L-A-0153,ipc.csv
LOT,LOT-0153,SRC-03,QR260929A0153,lot_scans.csv
LOT,LOT-0153,SRC-04,LOT-0153-A,qc_auto.csv
LOT,LOT-0154,SRC-01,A0154,output_perf.csv
LOT,LOT-0154,SRC-02,L-A-0154,ipc.csv
LOT,LOT-0154,SRC-03,QR260929A0154,lot_scans.csv
LOT,LOT-0154,SRC-04,LOT-0154-A,qc_auto.csv
LOT,LOT-0155,SRC-01,A0155,output_perf.csv
LOT,LOT-0155,SRC-02,L-B-0155,ipc.csv
LOT,LOT-0155,SRC-03,QR260929A0155,lot_scans.csv
LOT,LOT-0155,SRC-04,LOT-0155-B,qc_auto.csv
LOT,LOT-0156,SRC-01,A0156,output_perf.csv
LOT,LOT-0156,SRC-02,L-B-0156,ipc.csv
LOT,LOT-0156,SRC-03,QR260929A0156,lot_scans.csv
LOT,LOT-0156,SRC-04,LOT-0156-B,qc_auto.csv
LOT,LOT-0157,SRC-01,A0157,output_perf.csv
LOT,LOT-0157,SRC-02,L-A-0157,ipc.csv
LOT,LOT-0157,SRC-03,QR260929A0157,lot_scans.csv
LOT,LOT-0157,SRC-04,LOT-0157-A,qc_auto.csv
LOT,LOT-0158,SRC-01,A0158,output_perf.csv
LOT,LOT-0158,SRC-02,L-A-0158,ipc.csv
LOT,LOT-0158,SRC-03,QR260929A0158,lot_scans.csv
LOT,LOT-0158,SRC-04,LOT-0158-A,qc_auto.csv
LOT,LOT-0159,SRC-01,A0159,output_perf.csv
LOT,LOT-0159,SRC-02,L-B-0159,ipc.csv
LOT,LOT-0159,SRC-03,QR260929A0159,lot_scans.csv
LOT,LOT-0159,SRC-04,LOT-0159-B,qc_auto.csv
LOT,LOT-0160,SRC-01,A0160,output_perf.csv
LOT,LOT-0160,SRC-02,L-B-0160,ipc.csv
LOT,LOT-0160,SRC-03,QR260929A0160,lot_scans.csv
LOT,LOT-0160,SRC-04,LOT-0160-B,qc_auto.csv
LOT,LOT-0161,SRC-01,A0161,output_perf.csv
LOT,LOT-0161,SRC-02,L-A-0161,ipc.csv
LOT,LOT-0161,SRC-03,QR260929A0161,lot_scans.csv
LOT,LOT-0161,SRC-04,LOT-0161-A,qc_auto.csv
LOT,LOT-0162,SRC-01,A0162,output_perf.csv
LOT,LOT-0162,SRC-02,L-A-0162,ipc.csv
LOT,LOT-0162,SRC-03,QR260929A0162,lot_scans.csv
LOT,LOT-0162,SRC-04,LOT-0162-A,qc_auto.csv
LOT,LOT-0163,SRC-01,A0163,output_perf.csv
LOT,LOT-0163,SRC-02,L-B-0163,ipc.csv
LOT,LOT-0163,SRC-03,QR260929A0163,lot_scans.csv
LOT,LOT-0163,SRC-04,LOT-0163-B,qc_auto.csv
LOT,LOT-0164,SRC-01,A0164,output_perf.csv
LOT,LOT-0164,SRC-02,L-B-0164,ipc.csv
LOT,LOT-0164,SRC-03,QR260929A0164,lot_scans.csv
LOT,LOT-0164,SRC-04,LOT-0164-B,qc_auto.csv
LOT,LOT-0165,SRC-01,A0165,output_perf.csv
LOT,LOT-0165,SRC-02,L-A-0165,ipc.csv
LOT,LOT-0165,SRC-03,QR260929A0165,lot_scans.csv
LOT,LOT-0165,SRC-04,LOT-0165-A,qc_auto.csv
LOT,LOT-0166,SRC-01,A0166,output_perf.csv
LOT,LOT-0166,SRC-02,L-A-0166,ipc.csv
LOT,LOT-0166,SRC-03,QR260929A0166,lot_scans.csv
LOT,LOT-0166,SRC-04,LOT-0166-A,qc_auto.csv
LOT,LOT-0167,SRC-01,A0167,output_perf.csv
LOT,LOT-0167,SRC-02,L-B-0167,ipc.csv
LOT,LOT-0167,SRC-03,QR260929A0167,lot_scans.csv
LOT,LOT-0167,SRC-04,LOT-0167-B,qc_auto.csv
LOT,LOT-0168,SRC-01,A0168,output_perf.csv
LOT,LOT-0168,SRC-02,L-B-0168,ipc.csv
LOT,LOT-0168,SRC-03,QR260929A0168,lot_scans.csv
LOT,LOT-0168,SRC-04,LOT-0168-B,qc_auto.csv
LOT,LOT-0169,SRC-01,A0169,output_perf.csv
LOT,LOT-0169,SRC-02,L-A-0169,ipc.csv
LOT,LOT-0169,SRC-03,QR260929A0169,lot_scans.csv
LOT,LOT-0169,SRC-04,LOT-0169-A,qc_auto.csv
LOT,LOT-0170,SRC-01,A0170,output_perf.csv
LOT,LOT-0170,SRC-02,L-A-0170,ipc.csv
LOT,LOT-0170,SRC-03,QR260929A0170,lot_scans.csv
LOT,LOT-0170,SRC-04,LOT-0170-A,qc_auto.csv
LOT,LOT-0171,SRC-01,A0171,output_perf.csv
LOT,LOT-0171,SRC-02,L-B-0171,ipc.csv
LOT,LOT-0171,SRC-03,QR260929A0171,lot_scans.csv
LOT,LOT-0171,SRC-04,LOT-0171-B,qc_auto.csv
LOT,LOT-0172,SRC-01,A0172,output_perf.csv
LOT,LOT-0172,SRC-02,L-B-0172,ipc.csv
LOT,LOT-0172,SRC-03,QR260929A0172,lot_scans.csv
LOT,LOT-0172,SRC-04,LOT-0172-B,qc_auto.csv
LOT,LOT-0173,SRC-01,A0173,output_perf.csv
LOT,LOT-0173,SRC-02,L-A-0173,ipc.csv
LOT,LOT-0173,SRC-03,QR260929A0173,lot_scans.csv
LOT,LOT-0173,SRC-04,LOT-0173-A,qc_auto.csv
LOT,LOT-0174,SRC-01,A0174,output_perf.csv
LOT,LOT-0174,SRC-02,L-A-0174,ipc.csv
LOT,LOT-0174,SRC-03,QR260929A0174,lot_scans.csv
LOT,LOT-0174,SRC-04,LOT-0174-A,qc_auto.csv
LOT,LOT-0175,SRC-01,A0175,output_perf.csv
LOT,LOT-0175,SRC-02,L-B-0175,ipc.csv
LOT,LOT-0175,SRC-03,QR260929A0175,lot_scans.csv
LOT,LOT-0175,SRC-04,LOT-0175-B,qc_auto.csv
LOT,LOT-0176,SRC-01,A0176,output_perf.csv
LOT,LOT-0176,SRC-02,L-B-0176,ipc.csv
LOT,LOT-0176,SRC-03,QR260929A0176,lot_scans.csv
LOT,LOT-0176,SRC-04,LOT-0176-B,qc_auto.csv
LOT,LOT-0177,SRC-01,A0177,output_perf.csv
LOT,LOT-0177,SRC-02,L-A-0177,ipc.csv
LOT,LOT-0177,SRC-03,QR260929A0177,lot_scans.csv
LOT,LOT-0177,SRC-04,LOT-0177-A,qc_auto.csv
LOT,LOT-0178,SRC-01,A0178,output_perf.csv
LOT,LOT-0178,SRC-02,L-A-0178,ipc.csv
LOT,LOT-0178,SRC-03,QR260929A0178,lot_scans.csv
LOT,LOT-0178,SRC-04,LOT-0178-A,qc_auto.csv
LOT,LOT-0179,SRC-01,A0179,output_perf.csv
LOT,LOT-0179,SRC-02,L-B-0179,ipc.csv
LOT,LOT-0179,SRC-03,QR260929A0179,lot_scans.csv
LOT,LOT-0179,SRC-04,LOT-0179-B,qc_auto.csv
LOT,LOT-0180,SRC-01,A0180,output_perf.csv
LOT,LOT-0180,SRC-02,L-B-0180,ipc.csv
LOT,LOT-0180,SRC-03,QR260929A0180,lot_scans.csv
LOT,LOT-0180,SRC-04,LOT-0180-B,qc_auto.csv
LOT,LOT-0181,SRC-01,A0181,output_perf.csv
LOT,LOT-0181,SRC-02,L-A-0181,ipc.csv
LOT,LOT-0181,SRC-03,QR260929A0181,lot_scans.csv
LOT,LOT-0181,SRC-04,LOT-0181-A,qc_auto.csv
LOT,LOT-0182,SRC-01,A0182,output_perf.csv
LOT,LOT-0182,SRC-02,L-A-0182,ipc.csv
LOT,LOT-0182,SRC-03,QR260929A0182,lot_scans.csv
LOT,LOT-0182,SRC-04,LOT-0182-A,qc_auto.csv
LOT,LOT-0183,SRC-01,A0183,output_perf.csv
LOT,LOT-0183,SRC-02,L-B-0183,ipc.csv
LOT,LOT-0183,SRC-03,QR260929A0183,lot_scans.csv
LOT,LOT-0183,SRC-04,LOT-0183-B,qc_auto.csv
LOT,LOT-0184,SRC-01,A0184,output_perf.csv
LOT,LOT-0184,SRC-02,L-B-0184,ipc.csv
LOT,LOT-0184,SRC-03,QR260929A0184,lot_scans.csv
LOT,LOT-0184,SRC-04,LOT-0184-B,qc_auto.csv
LOT,LOT-0185,SRC-01,A0185,output_perf.csv
LOT,LOT-0185,SRC-02,L-A-0185,ipc.csv
LOT,LOT-0185,SRC-03,QR260929A0185,lot_scans.csv
LOT,LOT-0185,SRC-04,LOT-0185-A,qc_auto.csv
LOT,LOT-0186,SRC-01,A0186,output_perf.csv
LOT,LOT-0186,SRC-02,L-A-0186,ipc.csv
LOT,LOT-0186,SRC-03,QR260929A0186,lot_scans.csv
LOT,LOT-0186,SRC-04,LOT-0186-A,qc_auto.csv
LOT,LOT-0187,SRC-01,A0187,output_perf.csv
LOT,LOT-0187,SRC-02,L-B-0187,ipc.csv
LOT,LOT-0187,SRC-03,QR260929A0187,lot_scans.csv
LOT,LOT-0187,SRC-04,LOT-0187-B,qc_auto.csv
LOT,LOT-0188,SRC-01,A0188,output_perf.csv
LOT,LOT-0188,SRC-02,L-B-0188,ipc.csv
LOT,LOT-0188,SRC-03,QR260929A0188,lot_scans.csv
LOT,LOT-0188,SRC-04,LOT-0188-B,qc_auto.csv
LOT,LOT-0189,SRC-01,A0189,output_perf.csv
LOT,LOT-0189,SRC-02,L-A-0189,ipc.csv
LOT,LOT-0189,SRC-03,QR260929A0189,lot_scans.csv
LOT,LOT-0189,SRC-04,LOT-0189-A,qc_auto.csv
LOT,LOT-0190,SRC-01,A0190,output_perf.csv
LOT,LOT-0190,SRC-02,L-A-0190,ipc.csv
LOT,LOT-0190,SRC-03,QR260929A0190,lot_scans.csv
LOT,LOT-0190,SRC-04,LOT-0190-A,qc_auto.csv
LOT,LOT-0191,SRC-01,A0191,output_perf.csv
LOT,LOT-0191,SRC-02,L-B-0191,ipc.csv
LOT,LOT-0191,SRC-03,QR260929A0191,lot_scans.csv
LOT,LOT-0191,SRC-04,LOT-0191-B,qc_auto.csv
LOT,LOT-0192,SRC-01,A0192,output_perf.csv
LOT,LOT-0192,SRC-02,L-B-0192,ipc.csv
LOT,LOT-0192,SRC-03,QR260929A0192,lot_scans.csv
LOT,LOT-0192,SRC-04,LOT-0192-B,qc_auto.csv
LOT,LOT-0193,SRC-01,A0193,output_perf.csv
LOT,LOT-0193,SRC-02,L-A-0193,ipc.csv
LOT,LOT-0193,SRC-03,QR260929A0193,lot_scans.csv
LOT,LOT-0193,SRC-04,LOT-0193-A,qc_auto.csv
LOT,LOT-0194,SRC-01,A0194,output_perf.csv
LOT,LOT-0194,SRC-02,L-A-0194,ipc.csv
LOT,LOT-0194,SRC-03,QR260929A0194,lot_scans.csv
LOT,LOT-0194,SRC-04,LOT-0194-A,qc_auto.csv
LOT,LOT-0195,SRC-01,A0195,output_perf.csv
LOT,LOT-0195,SRC-02,L-B-0195,ipc.csv
LOT,LOT-0195,SRC-03,QR260929A0195,lot_scans.csv
LOT,LOT-0195,SRC-04,LOT-0195-B,qc_auto.csv
LOT,LOT-0196,SRC-01,A0196,output_perf.csv
LOT,LOT-0196,SRC-02,L-B-0196,ipc.csv
LOT,LOT-0196,SRC-03,QR260929A0196,lot_scans.csv
LOT,LOT-0196,SRC-04,LOT-0196-B,qc_auto.csv
LOT,LOT-0197,SRC-01,A0197,output_perf.csv
LOT,LOT-0197,SRC-02,L-A-0197,ipc.csv
LOT,LOT-0197,SRC-03,QR260929A0197,lot_scans.csv
LOT,LOT-0197,SRC-04,LOT-0197-A,qc_auto.csv
LOT,LOT-0198,SRC-01,A0198,output_perf.csv
LOT,LOT-0198,SRC-02,L-A-0198,ipc.csv
LOT,LOT-0198,SRC-03,QR260929A0198,lot_scans.csv
LOT,LOT-0198,SRC-04,LOT-0198-A,qc_auto.csv
LOT,LOT-0199,SRC-01,A0199,output_perf.csv
LOT,LOT-0199,SRC-02,L-B-0199,ipc.csv
LOT,LOT-0199,SRC-03,QR260929A0199,lot_scans.csv
LOT,LOT-0199,SRC-04,LOT-0199-B,qc_auto.csv
LOT,LOT-0200,SRC-01,A0200,output_perf.csv
LOT,LOT-0200,SRC-02,L-B-0200,ipc.csv
LOT,LOT-0200,SRC-03,QR260929A0200,lot_scans.csv
LOT,LOT-0200,SRC-04,LOT-0200-B,qc_auto.csv
LOT,LOT-0201,SRC-01,A0201,output_perf.csv
LOT,LOT-0201,SRC-02,L-A-0201,ipc.csv
LOT,LOT-0201,SRC-03,QR260929A0201,lot_scans.csv
LOT,LOT-0201,SRC-04,LOT-0201-A,qc_auto.csv
LOT,LOT-0202,SRC-01,A0202,output_perf.csv
LOT,LOT-0202,SRC-02,L-A-0202,ipc.csv
LOT,LOT-0202,SRC-03,QR260929A0202,lot_scans.csv
LOT,LOT-0202,SRC-04,LOT-0202-A,qc_auto.csv
LOT,LOT-0203,SRC-01,A0203,output_perf.csv
LOT,LOT-0203,SRC-02,L-B-0203,ipc.csv
LOT,LOT-0203,SRC-03,QR260929A0203,lot_scans.csv
LOT,LOT-0203,SRC-04,LOT-0203-B,qc_auto.csv
LOT,LOT-0204,SRC-01,A0204,output_perf.csv
LOT,LOT-0204,SRC-02,L-B-0204,ipc.csv
LOT,LOT-0204,SRC-03,QR260929A0204,lot_scans.csv
LOT,LOT-0204,SRC-04,LOT-0204-B,qc_auto.csv
LOT,LOT-0205,SRC-01,A0205,output_perf.csv
LOT,LOT-0205,SRC-02,L-A-0205,ipc.csv
LOT,LOT-0205,SRC-03,QR260929A0205,lot_scans.csv
LOT,LOT-0205,SRC-04,LOT-0205-A,qc_auto.csv
LOT,LOT-0206,SRC-01,A0206,output_perf.csv
LOT,LOT-0206,SRC-02,L-A-0206,ipc.csv
LOT,LOT-0206,SRC-03,QR260929A0206,lot_scans.csv
LOT,LOT-0206,SRC-04,LOT-0206-A,qc_auto.csv
LOT,LOT-0207,SRC-01,A0207,output_perf.csv
LOT,LOT-0207,SRC-02,L-B-0207,ipc.csv
LOT,LOT-0207,SRC-03,QR260929A0207,lot_scans.csv
LOT,LOT-0207,SRC-04,LOT-0207-B,qc_auto.csv
LOT,LOT-0208,SRC-01,A0208,output_perf.csv
LOT,LOT-0208,SRC-02,L-B-0208,ipc.csv
LOT,LOT-0208,SRC-03,QR260929A0208,lot_scans.csv
LOT,LOT-0208,SRC-04,LOT-0208-B,qc_auto.csv
LOT,LOT-0209,SRC-01,A0209,output_perf.csv
LOT,LOT-0209,SRC-02,L-A-0209,ipc.csv
LOT,LOT-0209,SRC-03,QR260929A0209,lot_scans.csv
LOT,LOT-0209,SRC-04,LOT-0209-A,qc_auto.csv
LOT,LOT-0210,SRC-01,A0210,output_perf.csv
LOT,LOT-0210,SRC-02,L-A-0210,ipc.csv
LOT,LOT-0210,SRC-03,QR260929A0210,lot_scans.csv
LOT,LOT-0210,SRC-04,LOT-0210-A,qc_auto.csv
LOT,LOT-0211,SRC-01,A0211,output_perf.csv
LOT,LOT-0211,SRC-02,L-B-0211,ipc.csv
LOT,LOT-0211,SRC-03,QR260929A0211,lot_scans.csv
LOT,LOT-0211,SRC-04,LOT-0211-B,qc_auto.csv
LOT,LOT-0212,SRC-01,A0212,output_perf.csv
LOT,LOT-0212,SRC-02,L-B-0212,ipc.csv
LOT,LOT-0212,SRC-03,QR260929A0212,lot_scans.csv
LOT,LOT-0212,SRC-04,LOT-0212-B,qc_auto.csv
LOT,LOT-0213,SRC-01,A0213,output_perf.csv
LOT,LOT-0213,SRC-02,L-A-0213,ipc.csv
LOT,LOT-0213,SRC-03,QR260929A0213,lot_scans.csv
LOT,LOT-0213,SRC-04,LOT-0213-A,qc_auto.csv
LOT,LOT-0214,SRC-01,A0214,output_perf.csv
LOT,LOT-0214,SRC-02,L-A-0214,ipc.csv
LOT,LOT-0214,SRC-03,QR260929A0214,lot_scans.csv
LOT,LOT-0214,SRC-04,LOT-0214-A,qc_auto.csv
LOT,LOT-0215,SRC-01,A0215,output_perf.csv
LOT,LOT-0215,SRC-02,L-B-0215,ipc.csv
LOT,LOT-0215,SRC-03,QR260929A0215,lot_scans.csv
LOT,LOT-0215,SRC-04,LOT-0215-B,qc_auto.csv
LOT,LOT-0216,SRC-01,A0216,output_perf.csv
LOT,LOT-0216,SRC-02,L-B-0216,ipc.csv
LOT,LOT-0216,SRC-03,QR260929A0216,lot_scans.csv
LOT,LOT-0216,SRC-04,LOT-0216-B,qc_auto.csv
LOT,LOT-0217,SRC-01,A0217,output_perf.csv
LOT,LOT-0217,SRC-02,L-A-0217,ipc.csv
LOT,LOT-0217,SRC-03,QR260929A0217,lot_scans.csv
LOT,LOT-0217,SRC-04,LOT-0217-A,qc_auto.csv
LOT,LOT-0218,SRC-01,A0218,output_perf.csv
LOT,LOT-0218,SRC-02,L-A-0218,ipc.csv
LOT,LOT-0218,SRC-03,QR260929A0218,lot_scans.csv
LOT,LOT-0218,SRC-04,LOT-0218-A,qc_auto.csv
LOT,LOT-0219,SRC-01,A0219,output_perf.csv
LOT,LOT-0219,SRC-02,L-B-0219,ipc.csv
LOT,LOT-0219,SRC-03,QR260929A0219,lot_scans.csv
LOT,LOT-0219,SRC-04,LOT-0219-B,qc_auto.csv
LOT,LOT-0220,SRC-01,A0220,output_perf.csv
LOT,LOT-0220,SRC-02,L-B-0220,ipc.csv
LOT,LOT-0220,SRC-03,QR260929A0220,lot_scans.csv
LOT,LOT-0220,SRC-04,LOT-0220-B,qc_auto.csv
LOT,LOT-0221,SRC-01,A0221,output_perf.csv
LOT,LOT-0221,SRC-02,L-A-0221,ipc.csv
LOT,LOT-0221,SRC-03,QR260929A0221,lot_scans.csv
LOT,LOT-0221,SRC-04,LOT-0221-A,qc_auto.csv
LOT,LOT-0222,SRC-01,A0222,output_perf.csv
LOT,LOT-0222,SRC-02,L-A-0222,ipc.csv
LOT,LOT-0222,SRC-03,QR260929A0222,lot_scans.csv
LOT,LOT-0222,SRC-04,LOT-0222-A,qc_auto.csv
LOT,LOT-0223,SRC-01,A0223,output_perf.csv
LOT,LOT-0223,SRC-02,L-B-0223,ipc.csv
LOT,LOT-0223,SRC-03,QR260929A0223,lot_scans.csv
LOT,LOT-0223,SRC-04,LOT-0223-B,qc_auto.csv
LOT,LOT-0224,SRC-01,A0224,output_perf.csv
LOT,LOT-0224,SRC-02,L-B-0224,ipc.csv
LOT,LOT-0224,SRC-03,QR260929A0224,lot_scans.csv
LOT,LOT-0224,SRC-04,LOT-0224-B,qc_auto.csv
LOT,LOT-0225,SRC-01,A0225,output_perf.csv
LOT,LOT-0225,SRC-02,L-A-0225,ipc.csv
LOT,LOT-0225,SRC-03,QR260929A0225,lot_scans.csv
LOT,LOT-0225,SRC-04,LOT-0225-A,qc_auto.csv
LOT,LOT-0226,SRC-01,A0226,output_perf.csv
LOT,LOT-0226,SRC-02,L-A-0226,ipc.csv
LOT,LOT-0226,SRC-03,QR260929A0226,lot_scans.csv
LOT,LOT-0226,SRC-04,LOT-0226-A,qc_auto.csv
LOT,LOT-0227,SRC-01,A0227,output_perf.csv
LOT,LOT-0227,SRC-02,L-B-0227,ipc.csv
LOT,LOT-0227,SRC-03,QR260929A0227,lot_scans.csv
LOT,LOT-0227,SRC-04,LOT-0227-B,qc_auto.csv
LOT,LOT-0228,SRC-01,A0228,output_perf.csv
LOT,LOT-0228,SRC-02,L-B-0228,ipc.csv
LOT,LOT-0228,SRC-03,QR260929A0228,lot_scans.csv
LOT,LOT-0228,SRC-04,LOT-0228-B,qc_auto.csv
LOT,LOT-0229,SRC-01,A0229,output_perf.csv
LOT,LOT-0229,SRC-02,L-A-0229,ipc.csv
LOT,LOT-0229,SRC-03,QR260929A0229,lot_scans.csv
LOT,LOT-0229,SRC-04,LOT-0229-A,qc_auto.csv
LOT,LOT-0230,SRC-01,A0230,output_perf.csv
LOT,LOT-0230,SRC-02,L-A-0230,ipc.csv
LOT,LOT-0230,SRC-03,QR260929A0230,lot_scans.csv
LOT,LOT-0230,SRC-04,LOT-0230-A,qc_auto.csv
LOT,LOT-0231,SRC-01,A0231,output_perf.csv
LOT,LOT-0231,SRC-02,L-B-0231,ipc.csv
LOT,LOT-0231,SRC-03,QR260929A0231,lot_scans.csv
LOT,LOT-0231,SRC-04,LOT-0231-B,qc_auto.csv
LOT,LOT-0232,SRC-01,A0232,output_perf.csv
LOT,LOT-0232,SRC-02,L-B-0232,ipc.csv
LOT,LOT-0232,SRC-03,QR260929A0232,lot_scans.csv
LOT,LOT-0232,SRC-04,LOT-0232-B,qc_auto.csv
LOT,LOT-0233,SRC-01,A0233,output_perf.csv
LOT,LOT-0233,SRC-02,L-A-0233,ipc.csv
LOT,LOT-0233,SRC-03,QR260929A0233,lot_scans.csv
LOT,LOT-0233,SRC-04,LOT-0233-A,qc_auto.csv
LOT,LOT-0234,SRC-01,A0234,output_perf.csv
LOT,LOT-0234,SRC-02,L-A-0234,ipc.csv
LOT,LOT-0234,SRC-03,QR260929A0234,lot_scans.csv
LOT,LOT-0234,SRC-04,LOT-0234-A,qc_auto.csv
LOT,LOT-0235,SRC-01,A0235,output_perf.csv
LOT,LOT-0235,SRC-02,L-B-0235,ipc.csv
LOT,LOT-0235,SRC-03,QR260929A0235,lot_scans.csv
LOT,LOT-0235,SRC-04,LOT-0235-B,qc_auto.csv
LOT,LOT-0236,SRC-01,A0236,output_perf.csv
LOT,LOT-0236,SRC-02,L-B-0236,ipc.csv
LOT,LOT-0236,SRC-03,QR260929A0236,lot_scans.csv
LOT,LOT-0236,SRC-04,LOT-0236-B,qc_auto.csv
LOT,LOT-0237,SRC-01,A0237,output_perf.csv
LOT,LOT-0237,SRC-02,L-A-0237,ipc.csv
LOT,LOT-0237,SRC-03,QR260929A0237,lot_scans.csv
LOT,LOT-0237,SRC-04,LOT-0237-A,qc_auto.csv
LOT,LOT-0238,SRC-01,A0238,output_perf.csv
LOT,LOT-0238,SRC-02,L-A-0238,ipc.csv
LOT,LOT-0238,SRC-03,QR260929A0238,lot_scans.csv
LOT,LOT-0238,SRC-04,LOT-0238-A,qc_auto.csv
LOT,LOT-0239,SRC-01,A0239,output_perf.csv
LOT,LOT-0239,SRC-02,L-B-0239,ipc.csv
LOT,LOT-0239,SRC-03,QR260929A0239,lot_scans.csv
LOT,LOT-0239,SRC-04,LOT-0239-B,qc_auto.csv
LOT,LOT-0240,SRC-01,A0240,output_perf.csv
LOT,LOT-0240,SRC-02,L-B-0240,ipc.csv
LOT,LOT-0240,SRC-03,QR260929A0240,lot_scans.csv
LOT,LOT-0240,SRC-04,LOT-0240-B,qc_auto.csv
LOT,LOT-0241,SRC-01,A0241,output_perf.csv
LOT,LOT-0241,SRC-02,L-A-0241,ipc.csv
LOT,LOT-0241,SRC-03,QR260929A0241,lot_scans.csv
LOT,LOT-0241,SRC-04,LOT-0241-A,qc_auto.csv
LOT,LOT-0242,SRC-01,A0242,output_perf.csv
LOT,LOT-0242,SRC-02,L-A-0242,ipc.csv
LOT,LOT-0242,SRC-03,QR260929A0242,lot_scans.csv
LOT,LOT-0242,SRC-04,LOT-0242-A,qc_auto.csv
LOT,LOT-0243,SRC-01,A0243,output_perf.csv
LOT,LOT-0243,SRC-02,L-B-0243,ipc.csv
LOT,LOT-0243,SRC-03,QR260929A0243,lot_scans.csv
LOT,LOT-0243,SRC-04,LOT-0243-B,qc_auto.csv
LOT,LOT-0244,SRC-01,A0244,output_perf.csv
LOT,LOT-0244,SRC-02,L-B-0244,ipc.csv
LOT,LOT-0244,SRC-03,QR260929A0244,lot_scans.csv
LOT,LOT-0244,SRC-04,LOT-0244-B,qc_auto.csv
LOT,LOT-0245,SRC-01,A0245,output_perf.csv
LOT,LOT-0245,SRC-02,L-A-0245,ipc.csv
LOT,LOT-0245,SRC-03,QR260929A0245,lot_scans.csv
LOT,LOT-0245,SRC-04,LOT-0245-A,qc_auto.csv
LOT,LOT-0246,SRC-01,A0246,output_perf.csv
LOT,LOT-0246,SRC-02,L-A-0246,ipc.csv
LOT,LOT-0246,SRC-03,QR260929A0246,lot_scans.csv
LOT,LOT-0246,SRC-04,LOT-0246-A,qc_auto.csv
LOT,LOT-0247,SRC-01,A0247,output_perf.csv
LOT,LOT-0247,SRC-02,L-B-0247,ipc.csv
LOT,LOT-0247,SRC-03,QR260929A0247,lot_scans.csv
LOT,LOT-0247,SRC-04,LOT-0247-B,qc_auto.csv
LOT,LOT-0248,SRC-01,A0248,output_perf.csv
LOT,LOT-0248,SRC-02,L-B-0248,ipc.csv
LOT,LOT-0248,SRC-03,QR260929A0248,lot_scans.csv
LOT,LOT-0248,SRC-04,LOT-0248-B,qc_auto.csv
LOT,LOT-0249,SRC-01,A0249,output_perf.csv
LOT,LOT-0249,SRC-02,L-A-0249,ipc.csv
LOT,LOT-0249,SRC-03,QR260929A0249,lot_scans.csv
LOT,LOT-0249,SRC-04,LOT-0249-A,qc_auto.csv
LOT,LOT-0250,SRC-01,A0250,output_perf.csv
LOT,LOT-0250,SRC-02,L-A-0250,ipc.csv
LOT,LOT-0250,SRC-03,QR260929A0250,lot_scans.csv
LOT,LOT-0250,SRC-04,LOT-0250-A,qc_auto.csv
LOT,LOT-0251,SRC-01,A0251,output_perf.csv
LOT,LOT-0251,SRC-02,L-B-0251,ipc.csv
LOT,LOT-0251,SRC-03,QR260929A0251,lot_scans.csv
LOT,LOT-0251,SRC-04,LOT-0251-B,qc_auto.csv
LOT,LOT-0252,SRC-01,A0252,output_perf.csv
LOT,LOT-0252,SRC-02,L-B-0252,ipc.csv
LOT,LOT-0252,SRC-03,QR260929A0252,lot_scans.csv
LOT,LOT-0252,SRC-04,LOT-0252-B,qc_auto.csv
LOT,LOT-0253,SRC-01,A0253,output_perf.csv
LOT,LOT-0253,SRC-02,L-A-0253,ipc.csv
LOT,LOT-0253,SRC-03,QR260929A0253,lot_scans.csv
LOT,LOT-0253,SRC-04,LOT-0253-A,qc_auto.csv
LOT,LOT-0254,SRC-01,A0254,output_perf.csv
LOT,LOT-0254,SRC-02,L-A-0254,ipc.csv
LOT,LOT-0254,SRC-03,QR260929A0254,lot_scans.csv
LOT,LOT-0254,SRC-04,LOT-0254-A,qc_auto.csv
LOT,LOT-0255,SRC-01,A0255,output_perf.csv
LOT,LOT-0255,SRC-02,L-B-0255,ipc.csv
LOT,LOT-0255,SRC-03,QR260929A0255,lot_scans.csv
LOT,LOT-0255,SRC-04,LOT-0255-B,qc_auto.csv
LOT,LOT-0256,SRC-01,A0256,output_perf.csv
LOT,LOT-0256,SRC-02,L-B-0256,ipc.csv
LOT,LOT-0256,SRC-03,QR260929A0256,lot_scans.csv
LOT,LOT-0256,SRC-04,LOT-0256-B,qc_auto.csv
LOT,LOT-0257,SRC-01,A0257,output_perf.csv
LOT,LOT-0257,SRC-02,L-A-0257,ipc.csv
LOT,LOT-0257,SRC-03,QR260929A0257,lot_scans.csv
LOT,LOT-0257,SRC-04,LOT-0257-A,qc_auto.csv
LOT,LOT-0258,SRC-01,A0258,output_perf.csv
LOT,LOT-0258,SRC-02,L-A-0258,ipc.csv
LOT,LOT-0258,SRC-03,QR260929A0258,lot_scans.csv
LOT,LOT-0258,SRC-04,LOT-0258-A,qc_auto.csv
LOT,LOT-0259,SRC-01,A0259,output_perf.csv
LOT,LOT-0259,SRC-02,L-B-0259,ipc.csv
LOT,LOT-0259,SRC-03,QR260929A0259,lot_scans.csv
LOT,LOT-0259,SRC-04,LOT-0259-B,qc_auto.csv
LOT,LOT-0260,SRC-01,A0260,output_perf.csv
LOT,LOT-0260,SRC-02,L-B-0260,ipc.csv
LOT,LOT-0260,SRC-03,QR260929A0260,lot_scans.csv
LOT,LOT-0260,SRC-04,LOT-0260-B,qc_auto.csv
LOT,LOT-0261,SRC-01,A0261,output_perf.csv
LOT,LOT-0261,SRC-02,L-A-0261,ipc.csv
LOT,LOT-0261,SRC-03,QR260929A0261,lot_scans.csv
LOT,LOT-0261,SRC-04,LOT-0261-A,qc_auto.csv
LOT,LOT-0262,SRC-01,A0262,output_perf.csv
LOT,LOT-0262,SRC-02,L-A-0262,ipc.csv
LOT,LOT-0262,SRC-03,QR260929A0262,lot_scans.csv
LOT,LOT-0262,SRC-04,LOT-0262-A,qc_auto.csv
LOT,LOT-0263,SRC-01,A0263,output_perf.csv
LOT,LOT-0263,SRC-02,L-B-0263,ipc.csv
LOT,LOT-0263,SRC-03,QR260929A0263,lot_scans.csv
LOT,LOT-0263,SRC-04,LOT-0263-B,qc_auto.csv
LOT,LOT-0264,SRC-01,A0264,output_perf.csv
LOT,LOT-0264,SRC-02,L-B-0264,ipc.csv
LOT,LOT-0264,SRC-03,QR260929A0264,lot_scans.csv
LOT,LOT-0264,SRC-04,LOT-0264-B,qc_auto.csv
LOT,LOT-0265,SRC-01,A0265,output_perf.csv
LOT,LOT-0265,SRC-02,L-A-0265,ipc.csv
LOT,LOT-0265,SRC-03,QR260929A0265,lot_scans.csv
LOT,LOT-0265,SRC-04,LOT-0265-A,qc_auto.csv
LOT,LOT-0266,SRC-01,A0266,output_perf.csv
LOT,LOT-0266,SRC-02,L-A-0266,ipc.csv
LOT,LOT-0266,SRC-03,QR260929A0266,lot_scans.csv
LOT,LOT-0266,SRC-04,LOT-0266-A,qc_auto.csv
LOT,LOT-0267,SRC-01,A0267,output_perf.csv
LOT,LOT-0267,SRC-02,L-B-0267,ipc.csv
LOT,LOT-0267,SRC-03,QR260929A0267,lot_scans.csv
LOT,LOT-0267,SRC-04,LOT-0267-B,qc_auto.csv
LOT,LOT-0268,SRC-01,A0268,output_perf.csv
LOT,LOT-0268,SRC-02,L-B-0268,ipc.csv
LOT,LOT-0268,SRC-03,QR260929A0268,lot_scans.csv
LOT,LOT-0268,SRC-04,LOT-0268-B,qc_auto.csv
LOT,LOT-0269,SRC-01,A0269,output_perf.csv
LOT,LOT-0269,SRC-02,L-A-0269,ipc.csv
LOT,LOT-0269,SRC-03,QR260929A0269,lot_scans.csv
LOT,LOT-0269,SRC-04,LOT-0269-A,qc_auto.csv
LOT,LOT-0270,SRC-01,A0270,output_perf.csv
LOT,LOT-0270,SRC-02,L-A-0270,ipc.csv
LOT,LOT-0270,SRC-03,QR260929A0270,lot_scans.csv
LOT,LOT-0270,SRC-04,LOT-0270-A,qc_auto.csv
LOT,LOT-0271,SRC-01,A0271,output_perf.csv
LOT,LOT-0271,SRC-02,L-B-0271,ipc.csv
LOT,LOT-0271,SRC-03,QR260929A0271,lot_scans.csv
LOT,LOT-0271,SRC-04,LOT-0271-B,qc_auto.csv
LOT,LOT-0272,SRC-01,A0272,output_perf.csv
LOT,LOT-0272,SRC-02,L-B-0272,ipc.csv
LOT,LOT-0272,SRC-03,QR260929A0272,lot_scans.csv
LOT,LOT-0272,SRC-04,LOT-0272-B,qc_auto.csv
LOT,LOT-0273,SRC-01,A0273,output_perf.csv
LOT,LOT-0273,SRC-02,L-A-0273,ipc.csv
LOT,LOT-0273,SRC-03,QR260929A0273,lot_scans.csv
LOT,LOT-0273,SRC-04,LOT-0273-A,qc_auto.csv
LOT,LOT-0274,SRC-01,A0274,output_perf.csv
LOT,LOT-0274,SRC-02,L-A-0274,ipc.csv
LOT,LOT-0274,SRC-03,QR260929A0274,lot_scans.csv
LOT,LOT-0274,SRC-04,LOT-0274-A,qc_auto.csv
LOT,LOT-0275,SRC-01,A0275,output_perf.csv
LOT,LOT-0275,SRC-02,L-B-0275,ipc.csv
LOT,LOT-0275,SRC-03,QR260929A0275,lot_scans.csv
LOT,LOT-0275,SRC-04,LOT-0275-B,qc_auto.csv
LOT,LOT-0276,SRC-01,A0276,output_perf.csv
LOT,LOT-0276,SRC-02,L-B-0276,ipc.csv
LOT,LOT-0276,SRC-03,QR260929A0276,lot_scans.csv
LOT,LOT-0276,SRC-04,LOT-0276-B,qc_auto.csv
LOT,LOT-0277,SRC-01,A0277,output_perf.csv
LOT,LOT-0277,SRC-02,L-A-0277,ipc.csv
LOT,LOT-0277,SRC-03,QR260929A0277,lot_scans.csv
LOT,LOT-0277,SRC-04,LOT-0277-A,qc_auto.csv
LOT,LOT-0278,SRC-01,A0278,output_perf.csv
LOT,LOT-0278,SRC-02,L-A-0278,ipc.csv
LOT,LOT-0278,SRC-03,QR260929A0278,lot_scans.csv
LOT,LOT-0278,SRC-04,LOT-0278-A,qc_auto.csv
LOT,LOT-0279,SRC-01,A0279,output_perf.csv
LOT,LOT-0279,SRC-02,L-B-0279,ipc.csv
LOT,LOT-0279,SRC-03,QR260929A0279,lot_scans.csv
LOT,LOT-0279,SRC-04,LOT-0279-B,qc_auto.csv
LOT,LOT-0280,SRC-01,A0280,output_perf.csv
LOT,LOT-0280,SRC-02,L-B-0280,ipc.csv
LOT,LOT-0280,SRC-03,QR260929A0280,lot_scans.csv
LOT,LOT-0280,SRC-04,LOT-0280-B,qc_auto.csv
LOT,LOT-0281,SRC-01,A0281,output_perf.csv
LOT,LOT-0281,SRC-02,L-A-0281,ipc.csv
LOT,LOT-0281,SRC-03,QR260929A0281,lot_scans.csv
LOT,LOT-0281,SRC-04,LOT-0281-A,qc_auto.csv
LOT,LOT-0282,SRC-01,A0282,output_perf.csv
LOT,LOT-0282,SRC-02,L-A-0282,ipc.csv
LOT,LOT-0282,SRC-03,QR260929A0282,lot_scans.csv
LOT,LOT-0282,SRC-04,LOT-0282-A,qc_auto.csv
LOT,LOT-0283,SRC-01,A0283,output_perf.csv
LOT,LOT-0283,SRC-02,L-B-0283,ipc.csv
LOT,LOT-0283,SRC-03,QR260929A0283,lot_scans.csv
LOT,LOT-0283,SRC-04,LOT-0283-B,qc_auto.csv
LOT,LOT-0284,SRC-01,A0284,output_perf.csv
LOT,LOT-0284,SRC-02,L-B-0284,ipc.csv
LOT,LOT-0284,SRC-03,QR260929A0284,lot_scans.csv
LOT,LOT-0284,SRC-04,LOT-0284-B,qc_auto.csv
LOT,LOT-0285,SRC-01,A0285,output_perf.csv
LOT,LOT-0285,SRC-02,L-A-0285,ipc.csv
LOT,LOT-0285,SRC-03,QR260929A0285,lot_scans.csv
LOT,LOT-0285,SRC-04,LOT-0285-A,qc_auto.csv
LOT,LOT-0286,SRC-01,A0286,output_perf.csv
LOT,LOT-0286,SRC-02,L-A-0286,ipc.csv
LOT,LOT-0286,SRC-03,QR260929A0286,lot_scans.csv
LOT,LOT-0286,SRC-04,LOT-0286-A,qc_auto.csv
LOT,LOT-0287,SRC-01,A0287,output_perf.csv
LOT,LOT-0287,SRC-02,L-B-0287,ipc.csv
LOT,LOT-0287,SRC-03,QR260929A0287,lot_scans.csv
LOT,LOT-0287,SRC-04,LOT-0287-B,qc_auto.csv
LOT,LOT-0288,SRC-01,A0288,output_perf.csv
LOT,LOT-0288,SRC-02,L-B-0288,ipc.csv
LOT,LOT-0288,SRC-03,QR260929A0288,lot_scans.csv
LOT,LOT-0288,SRC-04,LOT-0288-B,qc_auto.csv
LOT,LOT-0289,SRC-01,A0289,output_perf.csv
LOT,LOT-0289,SRC-02,L-A-0289,ipc.csv
LOT,LOT-0289,SRC-03,QR260929A0289,lot_scans.csv
LOT,LOT-0289,SRC-04,LOT-0289-A,qc_auto.csv
LOT,LOT-0290,SRC-01,A0290,output_perf.csv
LOT,LOT-0290,SRC-02,L-A-0290,ipc.csv
LOT,LOT-0290,SRC-03,QR260929A0290,lot_scans.csv
LOT,LOT-0290,SRC-04,LOT-0290-A,qc_auto.csv
LOT,LOT-0291,SRC-01,A0291,output_perf.csv
LOT,LOT-0291,SRC-02,L-B-0291,ipc.csv
LOT,LOT-0291,SRC-03,QR260929A0291,lot_scans.csv
LOT,LOT-0291,SRC-04,LOT-0291-B,qc_auto.csv
LOT,LOT-0292,SRC-01,A0292,output_perf.csv
LOT,LOT-0292,SRC-02,L-B-0292,ipc.csv
LOT,LOT-0292,SRC-03,QR260929A0292,lot_scans.csv
LOT,LOT-0292,SRC-04,LOT-0292-B,qc_auto.csv
LOT,LOT-0293,SRC-01,A0293,output_perf.csv
LOT,LOT-0293,SRC-02,L-A-0293,ipc.csv
LOT,LOT-0293,SRC-03,QR260929A0293,lot_scans.csv
LOT,LOT-0293,SRC-04,LOT-0293-A,qc_auto.csv
LOT,LOT-0294,SRC-01,A0294,output_perf.csv
LOT,LOT-0294,SRC-02,L-A-0294,ipc.csv
LOT,LOT-0294,SRC-03,QR260929A0294,lot_scans.csv
LOT,LOT-0294,SRC-04,LOT-0294-A,qc_auto.csv
LOT,LOT-0295,SRC-01,A0295,output_perf.csv
LOT,LOT-0295,SRC-02,L-B-0295,ipc.csv
LOT,LOT-0295,SRC-03,QR260929A0295,lot_scans.csv
LOT,LOT-0295,SRC-04,LOT-0295-B,qc_auto.csv
LOT,LOT-0296,SRC-01,A0296,output_perf.csv
LOT,LOT-0296,SRC-02,L-B-0296,ipc.csv
LOT,LOT-0296,SRC-03,QR260929A0296,lot_scans.csv
LOT,LOT-0296,SRC-04,LOT-0296-B,qc_auto.csv
LOT,LOT-0297,SRC-01,A0297,output_perf.csv
LOT,LOT-0297,SRC-02,L-A-0297,ipc.csv
LOT,LOT-0297,SRC-03,QR260929A0297,lot_scans.csv
LOT,LOT-0297,SRC-04,LOT-0297-A,qc_auto.csv
LOT,LOT-0298,SRC-01,A0298,output_perf.csv
LOT,LOT-0298,SRC-02,L-A-0298,ipc.csv
LOT,LOT-0298,SRC-03,QR260929A0298,lot_scans.csv
LOT,LOT-0298,SRC-04,LOT-0298-A,qc_auto.csv
LOT,LOT-0299,SRC-01,A0299,output_perf.csv
LOT,LOT-0299,SRC-02,L-B-0299,ipc.csv
LOT,LOT-0299,SRC-03,QR260929A0299,lot_scans.csv
LOT,LOT-0299,SRC-04,LOT-0299-B,qc_auto.csv
LOT,LOT-0300,SRC-01,A0300,output_perf.csv
LOT,LOT-0300,SRC-02,L-B-0300,ipc.csv
LOT,LOT-0300,SRC-03,QR260929A0300,lot_scans.csv
LOT,LOT-0300,SRC-04,LOT-0300-B,qc_auto.csv
LOT,LOT-0301,SRC-01,A0301,output_perf.csv
LOT,LOT-0301,SRC-02,L-A-0301,ipc.csv
LOT,LOT-0301,SRC-03,QR260929A0301,lot_scans.csv
LOT,LOT-0301,SRC-04,LOT-0301-A,qc_auto.csv
LOT,LOT-0302,SRC-01,A0302,output_perf.csv
LOT,LOT-0302,SRC-02,L-A-0302,ipc.csv
LOT,LOT-0302,SRC-03,QR260929A0302,lot_scans.csv
LOT,LOT-0302,SRC-04,LOT-0302-A,qc_auto.csv
LOT,LOT-0303,SRC-01,A0303,output_perf.csv
LOT,LOT-0303,SRC-02,L-B-0303,ipc.csv
LOT,LOT-0303,SRC-03,QR260929A0303,lot_scans.csv
LOT,LOT-0303,SRC-04,LOT-0303-B,qc_auto.csv
LOT,LOT-0304,SRC-01,A0304,output_perf.csv
LOT,LOT-0304,SRC-02,L-B-0304,ipc.csv
LOT,LOT-0304,SRC-03,QR260929A0304,lot_scans.csv
LOT,LOT-0304,SRC-04,LOT-0304-B,qc_auto.csv
LOT,LOT-0305,SRC-01,A0305,output_perf.csv
LOT,LOT-0305,SRC-02,L-A-0305,ipc.csv
LOT,LOT-0305,SRC-03,QR260929A0305,lot_scans.csv
LOT,LOT-0305,SRC-04,LOT-0305-A,qc_auto.csv
LOT,LOT-0306,SRC-01,A0306,output_perf.csv
LOT,LOT-0306,SRC-02,L-A-0306,ipc.csv
LOT,LOT-0306,SRC-03,QR260929A0306,lot_scans.csv
LOT,LOT-0306,SRC-04,LOT-0306-A,qc_auto.csv
LOT,LOT-0307,SRC-01,A0307,output_perf.csv
LOT,LOT-0307,SRC-02,L-B-0307,ipc.csv
LOT,LOT-0307,SRC-03,QR260929A0307,lot_scans.csv
LOT,LOT-0307,SRC-04,LOT-0307-B,qc_auto.csv
LOT,LOT-0308,SRC-01,A0308,output_perf.csv
LOT,LOT-0308,SRC-02,L-B-0308,ipc.csv
LOT,LOT-0308,SRC-03,QR260929A0308,lot_scans.csv
LOT,LOT-0308,SRC-04,LOT-0308-B,qc_auto.csv
LOT,LOT-0309,SRC-01,A0309,output_perf.csv
LOT,LOT-0309,SRC-02,L-A-0309,ipc.csv
LOT,LOT-0309,SRC-03,QR260929A0309,lot_scans.csv
LOT,LOT-0309,SRC-04,LOT-0309-A,qc_auto.csv
LOT,LOT-0310,SRC-01,A0310,output_perf.csv
LOT,LOT-0310,SRC-02,L-A-0310,ipc.csv
LOT,LOT-0310,SRC-03,QR260929A0310,lot_scans.csv
LOT,LOT-0310,SRC-04,LOT-0310-A,qc_auto.csv
LOT,LOT-0311,SRC-01,A0311,output_perf.csv
LOT,LOT-0311,SRC-02,L-B-0311,ipc.csv
LOT,LOT-0311,SRC-03,QR260929A0311,lot_scans.csv
LOT,LOT-0311,SRC-04,LOT-0311-B,qc_auto.csv
LOT,LOT-0312,SRC-01,A0312,output_perf.csv
LOT,LOT-0312,SRC-02,L-B-0312,ipc.csv
LOT,LOT-0312,SRC-03,QR260929A0312,lot_scans.csv
LOT,LOT-0312,SRC-04,LOT-0312-B,qc_auto.csv
LOT,LOT-0313,SRC-01,A0313,output_perf.csv
LOT,LOT-0313,SRC-02,L-A-0313,ipc.csv
LOT,LOT-0313,SRC-03,QR260929A0313,lot_scans.csv
LOT,LOT-0313,SRC-04,LOT-0313-A,qc_auto.csv
LOT,LOT-0314,SRC-01,A0314,output_perf.csv
LOT,LOT-0314,SRC-02,L-A-0314,ipc.csv
LOT,LOT-0314,SRC-03,QR260929A0314,lot_scans.csv
LOT,LOT-0314,SRC-04,LOT-0314-A,qc_auto.csv
LOT,LOT-0315,SRC-01,A0315,output_perf.csv
LOT,LOT-0315,SRC-02,L-B-0315,ipc.csv
LOT,LOT-0315,SRC-03,QR260929A0315,lot_scans.csv
LOT,LOT-0315,SRC-04,LOT-0315-B,qc_auto.csv
LOT,LOT-0316,SRC-01,A0316,output_perf.csv
LOT,LOT-0316,SRC-02,L-B-0316,ipc.csv
LOT,LOT-0316,SRC-03,QR260929A0316,lot_scans.csv
LOT,LOT-0316,SRC-04,LOT-0316-B,qc_auto.csv
LOT,LOT-0317,SRC-01,A0317,output_perf.csv
LOT,LOT-0317,SRC-02,L-A-0317,ipc.csv
LOT,LOT-0317,SRC-03,QR260929A0317,lot_scans.csv
LOT,LOT-0317,SRC-04,LOT-0317-A,qc_auto.csv
LOT,LOT-0318,SRC-01,A0318,output_perf.csv
LOT,LOT-0318,SRC-02,L-A-0318,ipc.csv
LOT,LOT-0318,SRC-03,QR260929A0318,lot_scans.csv
LOT,LOT-0318,SRC-04,LOT-0318-A,qc_auto.csv
LOT,LOT-0319,SRC-01,A0319,output_perf.csv
LOT,LOT-0319,SRC-02,L-B-0319,ipc.csv
LOT,LOT-0319,SRC-03,QR260929A0319,lot_scans.csv
LOT,LOT-0319,SRC-04,LOT-0319-B,qc_auto.csv
LOT,LOT-0320,SRC-01,A0320,output_perf.csv
LOT,LOT-0320,SRC-02,L-B-0320,ipc.csv
LOT,LOT-0320,SRC-03,QR260929A0320,lot_scans.csv
LOT,LOT-0320,SRC-04,LOT-0320-B,qc_auto.csv
LOT,LOT-0321,SRC-01,A0321,output_perf.csv
LOT,LOT-0321,SRC-02,L-A-0321,ipc.csv
LOT,LOT-0321,SRC-03,QR260929A0321,lot_scans.csv
LOT,LOT-0321,SRC-04,LOT-0321-A,qc_auto.csv
LOT,LOT-0322,SRC-01,A0322,output_perf.csv
LOT,LOT-0322,SRC-02,L-A-0322,ipc.csv
LOT,LOT-0322,SRC-03,QR260929A0322,lot_scans.csv
LOT,LOT-0322,SRC-04,LOT-0322-A,qc_auto.csv
LOT,LOT-0323,SRC-01,A0323,output_perf.csv
LOT,LOT-0323,SRC-02,L-B-0323,ipc.csv
LOT,LOT-0323,SRC-03,QR260929A0323,lot_scans.csv
LOT,LOT-0323,SRC-04,LOT-0323-B,qc_auto.csv
LOT,LOT-0324,SRC-01,A0324,output_perf.csv
LOT,LOT-0324,SRC-02,L-B-0324,ipc.csv
LOT,LOT-0324,SRC-03,QR260929A0324,lot_scans.csv
LOT,LOT-0324,SRC-04,LOT-0324-B,qc_auto.csv
LOT,LOT-0325,SRC-01,A0325,output_perf.csv
LOT,LOT-0325,SRC-02,L-A-0325,ipc.csv
LOT,LOT-0325,SRC-03,QR260929A0325,lot_scans.csv
LOT,LOT-0325,SRC-04,LOT-0325-A,qc_auto.csv
LOT,LOT-0326,SRC-01,A0326,output_perf.csv
LOT,LOT-0326,SRC-02,L-A-0326,ipc.csv
LOT,LOT-0326,SRC-03,QR260929A0326,lot_scans.csv
LOT,LOT-0326,SRC-04,LOT-0326-A,qc_auto.csv
LOT,LOT-0327,SRC-01,A0327,output_perf.csv
LOT,LOT-0327,SRC-02,L-B-0327,ipc.csv
LOT,LOT-0327,SRC-03,QR260929A0327,lot_scans.csv
LOT,LOT-0327,SRC-04,LOT-0327-B,qc_auto.csv
LOT,LOT-0328,SRC-01,A0328,output_perf.csv
LOT,LOT-0328,SRC-02,L-B-0328,ipc.csv
LOT,LOT-0328,SRC-03,QR260929A0328,lot_scans.csv
LOT,LOT-0328,SRC-04,LOT-0328-B,qc_auto.csv
LOT,LOT-0329,SRC-01,A0329,output_perf.csv
LOT,LOT-0329,SRC-02,L-A-0329,ipc.csv
LOT,LOT-0329,SRC-03,QR260929A0329,lot_scans.csv
LOT,LOT-0329,SRC-04,LOT-0329-A,qc_auto.csv
LOT,LOT-0330,SRC-01,A0330,output_perf.csv
LOT,LOT-0330,SRC-02,L-A-0330,ipc.csv
LOT,LOT-0330,SRC-03,QR260929A0330,lot_scans.csv
LOT,LOT-0330,SRC-04,LOT-0330-A,qc_auto.csv
LOT,LOT-0331,SRC-01,A0331,output_perf.csv
LOT,LOT-0331,SRC-02,L-B-0331,ipc.csv
LOT,LOT-0331,SRC-03,QR260929A0331,lot_scans.csv
LOT,LOT-0331,SRC-04,LOT-0331-B,qc_auto.csv
LOT,LOT-0332,SRC-01,A0332,output_perf.csv
LOT,LOT-0332,SRC-02,L-B-0332,ipc.csv
LOT,LOT-0332,SRC-03,QR260929A0332,lot_scans.csv
LOT,LOT-0332,SRC-04,LOT-0332-B,qc_auto.csv
LOT,LOT-0333,SRC-01,A0333,output_perf.csv
LOT,LOT-0333,SRC-02,L-A-0333,ipc.csv
LOT,LOT-0333,SRC-03,QR260929A0333,lot_scans.csv
LOT,LOT-0333,SRC-04,LOT-0333-A,qc_auto.csv
LOT,LOT-0334,SRC-01,A0334,output_perf.csv
LOT,LOT-0334,SRC-02,L-A-0334,ipc.csv
LOT,LOT-0334,SRC-03,QR260929A0334,lot_scans.csv
LOT,LOT-0334,SRC-04,LOT-0334-A,qc_auto.csv
LOT,LOT-0335,SRC-01,A0335,output_perf.csv
LOT,LOT-0335,SRC-02,L-B-0335,ipc.csv
LOT,LOT-0335,SRC-03,QR260929A0335,lot_scans.csv
LOT,LOT-0335,SRC-04,LOT-0335-B,qc_auto.csv
LOT,LOT-0336,SRC-01,A0336,output_perf.csv
LOT,LOT-0336,SRC-02,L-B-0336,ipc.csv
LOT,LOT-0336,SRC-03,QR260929A0336,lot_scans.csv
LOT,LOT-0336,SRC-04,LOT-0336-B,qc_auto.csv
LOT,LOT-0337,SRC-01,A0337,output_perf.csv
LOT,LOT-0337,SRC-02,L-A-0337,ipc.csv
LOT,LOT-0337,SRC-03,QR260929A0337,lot_scans.csv
LOT,LOT-0337,SRC-04,LOT-0337-A,qc_auto.csv
LOT,LOT-0338,SRC-01,A0338,output_perf.csv
LOT,LOT-0338,SRC-02,L-A-0338,ipc.csv
LOT,LOT-0338,SRC-03,QR260929A0338,lot_scans.csv
LOT,LOT-0338,SRC-04,LOT-0338-A,qc_auto.csv
LOT,LOT-0339,SRC-01,A0339,output_perf.csv
LOT,LOT-0339,SRC-02,L-B-0339,ipc.csv
LOT,LOT-0339,SRC-03,QR260929A0339,lot_scans.csv
LOT,LOT-0339,SRC-04,LOT-0339-B,qc_auto.csv
LOT,LOT-0340,SRC-01,A0340,output_perf.csv
LOT,LOT-0340,SRC-02,L-B-0340,ipc.csv
LOT,LOT-0340,SRC-03,QR260929A0340,lot_scans.csv
LOT,LOT-0340,SRC-04,LOT-0340-B,qc_auto.csv
LOT,LOT-0341,SRC-01,A0341,output_perf.csv
LOT,LOT-0341,SRC-02,L-A-0341,ipc.csv
LOT,LOT-0341,SRC-03,QR260929A0341,lot_scans.csv
LOT,LOT-0341,SRC-04,LOT-0341-A,qc_auto.csv
LOT,LOT-0342,SRC-01,A0342,output_perf.csv
LOT,LOT-0342,SRC-02,L-A-0342,ipc.csv
LOT,LOT-0342,SRC-03,QR260929A0342,lot_scans.csv
LOT,LOT-0342,SRC-04,LOT-0342-A,qc_auto.csv
LOT,LOT-0343,SRC-01,A0343,output_perf.csv
LOT,LOT-0343,SRC-02,L-B-0343,ipc.csv
LOT,LOT-0343,SRC-03,QR260929A0343,lot_scans.csv
LOT,LOT-0343,SRC-04,LOT-0343-B,qc_auto.csv
LOT,LOT-0344,SRC-01,A0344,output_perf.csv
LOT,LOT-0344,SRC-02,L-B-0344,ipc.csv
LOT,LOT-0344,SRC-03,QR260929A0344,lot_scans.csv
LOT,LOT-0344,SRC-04,LOT-0344-B,qc_auto.csv
LOT,LOT-0345,SRC-01,A0345,output_perf.csv
LOT,LOT-0345,SRC-02,L-A-0345,ipc.csv
LOT,LOT-0345,SRC-03,QR260929A0345,lot_scans.csv
LOT,LOT-0345,SRC-04,LOT-0345-A,qc_auto.csv
LOT,LOT-0346,SRC-01,A0346,output_perf.csv
LOT,LOT-0346,SRC-02,L-A-0346,ipc.csv
LOT,LOT-0346,SRC-03,QR260929A0346,lot_scans.csv
LOT,LOT-0346,SRC-04,LOT-0346-A,qc_auto.csv
LOT,LOT-0347,SRC-01,A0347,output_perf.csv
LOT,LOT-0347,SRC-02,L-B-0347,ipc.csv
LOT,LOT-0347,SRC-03,QR260929A0347,lot_scans.csv
LOT,LOT-0347,SRC-04,LOT-0347-B,qc_auto.csv
LOT,LOT-0348,SRC-01,A0348,output_perf.csv
LOT,LOT-0348,SRC-02,L-B-0348,ipc.csv
LOT,LOT-0348,SRC-03,QR260929A0348,lot_scans.csv
LOT,LOT-0348,SRC-04,LOT-0348-B,qc_auto.csv
LOT,LOT-0349,SRC-01,A0349,output_perf.csv
LOT,LOT-0349,SRC-02,L-A-0349,ipc.csv
LOT,LOT-0349,SRC-03,QR260929A0349,lot_scans.csv
LOT,LOT-0349,SRC-04,LOT-0349-A,qc_auto.csv
LOT,LOT-0350,SRC-01,A0350,output_perf.csv
LOT,LOT-0350,SRC-02,L-A-0350,ipc.csv
LOT,LOT-0350,SRC-03,QR260929A0350,lot_scans.csv
LOT,LOT-0350,SRC-04,LOT-0350-A,qc_auto.csv
LOT,LOT-0351,SRC-01,A0351,output_perf.csv
LOT,LOT-0351,SRC-02,L-B-0351,ipc.csv
LOT,LOT-0351,SRC-03,QR260929A0351,lot_scans.csv
LOT,LOT-0351,SRC-04,LOT-0351-B,qc_auto.csv
LOT,LOT-0352,SRC-01,A0352,output_perf.csv
LOT,LOT-0352,SRC-02,L-B-0352,ipc.csv
LOT,LOT-0352,SRC-03,QR260929A0352,lot_scans.csv
LOT,LOT-0352,SRC-04,LOT-0352-B,qc_auto.csv
LOT,LOT-0353,SRC-01,A0353,output_perf.csv
LOT,LOT-0353,SRC-02,L-A-0353,ipc.csv
LOT,LOT-0353,SRC-03,QR260929A0353,lot_scans.csv
LOT,LOT-0353,SRC-04,LOT-0353-A,qc_auto.csv
LOT,LOT-0354,SRC-01,A0354,output_perf.csv
LOT,LOT-0354,SRC-02,L-A-0354,ipc.csv
LOT,LOT-0354,SRC-03,QR260929A0354,lot_scans.csv
LOT,LOT-0354,SRC-04,LOT-0354-A,qc_auto.csv
LOT,LOT-0355,SRC-01,A0355,output_perf.csv
LOT,LOT-0355,SRC-02,L-B-0355,ipc.csv
LOT,LOT-0355,SRC-03,QR260929A0355,lot_scans.csv
LOT,LOT-0355,SRC-04,LOT-0355-B,qc_auto.csv
LOT,LOT-0356,SRC-01,A0356,output_perf.csv
LOT,LOT-0356,SRC-02,L-B-0356,ipc.csv
LOT,LOT-0356,SRC-03,QR260929A0356,lot_scans.csv
LOT,LOT-0356,SRC-04,LOT-0356-B,qc_auto.csv
LOT,LOT-0357,SRC-01,A0357,output_perf.csv
LOT,LOT-0357,SRC-02,L-A-0357,ipc.csv
LOT,LOT-0357,SRC-03,QR260929A0357,lot_scans.csv
LOT,LOT-0357,SRC-04,LOT-0357-A,qc_auto.csv
LOT,LOT-0358,SRC-01,A0358,output_perf.csv
LOT,LOT-0358,SRC-02,L-A-0358,ipc.csv
LOT,LOT-0358,SRC-03,QR260929A0358,lot_scans.csv
LOT,LOT-0358,SRC-04,LOT-0358-A,qc_auto.csv
LOT,LOT-0359,SRC-01,A0359,output_perf.csv
LOT,LOT-0359,SRC-02,L-B-0359,ipc.csv
LOT,LOT-0359,SRC-03,QR260929A0359,lot_scans.csv
LOT,LOT-0359,SRC-04,LOT-0359-B,qc_auto.csv
LOT,LOT-0360,SRC-01,A0360,output_perf.csv
LOT,LOT-0360,SRC-02,L-B-0360,ipc.csv
LOT,LOT-0360,SRC-03,QR260929A0360,lot_scans.csv
LOT,LOT-0360,SRC-04,LOT-0360-B,qc_auto.csv
LOT,LOT-0361,SRC-01,A0361,output_perf.csv
LOT,LOT-0361,SRC-02,L-A-0361,ipc.csv
LOT,LOT-0361,SRC-03,QR260929A0361,lot_scans.csv
LOT,LOT-0361,SRC-04,LOT-0361-A,qc_auto.csv
LOT,LOT-0362,SRC-01,A0362,output_perf.csv
LOT,LOT-0362,SRC-02,L-A-0362,ipc.csv
LOT,LOT-0362,SRC-03,QR260929A0362,lot_scans.csv
LOT,LOT-0362,SRC-04,LOT-0362-A,qc_auto.csv
LOT,LOT-0363,SRC-01,A0363,output_perf.csv
LOT,LOT-0363,SRC-02,L-B-0363,ipc.csv
LOT,LOT-0363,SRC-03,QR260929A0363,lot_scans.csv
LOT,LOT-0363,SRC-04,LOT-0363-B,qc_auto.csv
LOT,LOT-0364,SRC-01,A0364,output_perf.csv
LOT,LOT-0364,SRC-02,L-B-0364,ipc.csv
LOT,LOT-0364,SRC-03,QR260929A0364,lot_scans.csv
LOT,LOT-0364,SRC-04,LOT-0364-B,qc_auto.csv
LOT,LOT-0365,SRC-01,A0365,output_perf.csv
LOT,LOT-0365,SRC-02,L-A-0365,ipc.csv
LOT,LOT-0365,SRC-03,QR260929A0365,lot_scans.csv
LOT,LOT-0365,SRC-04,LOT-0365-A,qc_auto.csv
LOT,LOT-0366,SRC-01,A0366,output_perf.csv
LOT,LOT-0366,SRC-02,L-A-0366,ipc.csv
LOT,LOT-0366,SRC-03,QR260929A0366,lot_scans.csv
LOT,LOT-0366,SRC-04,LOT-0366-A,qc_auto.csv
LOT,LOT-0367,SRC-01,A0367,output_perf.csv
LOT,LOT-0367,SRC-02,L-B-0367,ipc.csv
LOT,LOT-0367,SRC-03,QR260929A0367,lot_scans.csv
LOT,LOT-0367,SRC-04,LOT-0367-B,qc_auto.csv
LOT,LOT-0368,SRC-01,A0368,output_perf.csv
LOT,LOT-0368,SRC-02,L-B-0368,ipc.csv
LOT,LOT-0368,SRC-03,QR260929A0368,lot_scans.csv
LOT,LOT-0368,SRC-04,LOT-0368-B,qc_auto.csv
LOT,LOT-0369,SRC-01,A0369,output_perf.csv
LOT,LOT-0369,SRC-02,L-A-0369,ipc.csv
LOT,LOT-0369,SRC-03,QR260929A0369,lot_scans.csv
LOT,LOT-0369,SRC-04,LOT-0369-A,qc_auto.csv
LOT,LOT-0370,SRC-01,A0370,output_perf.csv
LOT,LOT-0370,SRC-02,L-A-0370,ipc.csv
LOT,LOT-0370,SRC-03,QR260929A0370,lot_scans.csv
LOT,LOT-0370,SRC-04,LOT-0370-A,qc_auto.csv
LOT,LOT-0371,SRC-01,A0371,output_perf.csv
LOT,LOT-0371,SRC-02,L-B-0371,ipc.csv
LOT,LOT-0371,SRC-03,QR260929A0371,lot_scans.csv
LOT,LOT-0371,SRC-04,LOT-0371-B,qc_auto.csv
LOT,LOT-0372,SRC-01,A0372,output_perf.csv
LOT,LOT-0372,SRC-02,L-B-0372,ipc.csv
LOT,LOT-0372,SRC-03,QR260929A0372,lot_scans.csv
LOT,LOT-0372,SRC-04,LOT-0372-B,qc_auto.csv
LOT,LOT-0373,SRC-01,A0373,output_perf.csv
LOT,LOT-0373,SRC-02,L-A-0373,ipc.csv
LOT,LOT-0373,SRC-03,QR260929A0373,lot_scans.csv
LOT,LOT-0373,SRC-04,LOT-0373-A,qc_auto.csv
LOT,LOT-0374,SRC-01,A0374,output_perf.csv
LOT,LOT-0374,SRC-02,L-A-0374,ipc.csv
LOT,LOT-0374,SRC-03,QR260929A0374,lot_scans.csv
LOT,LOT-0374,SRC-04,LOT-0374-A,qc_auto.csv
LOT,LOT-0375,SRC-01,A0375,output_perf.csv
LOT,LOT-0375,SRC-02,L-B-0375,ipc.csv
LOT,LOT-0375,SRC-03,QR260929A0375,lot_scans.csv
LOT,LOT-0375,SRC-04,LOT-0375-B,qc_auto.csv
LOT,LOT-0376,SRC-01,A0376,output_perf.csv
LOT,LOT-0376,SRC-02,L-B-0376,ipc.csv
LOT,LOT-0376,SRC-03,QR260929A0376,lot_scans.csv
LOT,LOT-0376,SRC-04,LOT-0376-B,qc_auto.csv
LOT,LOT-0377,SRC-01,A0377,output_perf.csv
LOT,LOT-0377,SRC-02,L-A-0377,ipc.csv
LOT,LOT-0377,SRC-03,QR260929A0377,lot_scans.csv
LOT,LOT-0377,SRC-04,LOT-0377-A,qc_auto.csv
LOT,LOT-0378,SRC-01,A0378,output_perf.csv
LOT,LOT-0378,SRC-02,L-A-0378,ipc.csv
LOT,LOT-0378,SRC-03,QR260929A0378,lot_scans.csv
LOT,LOT-0378,SRC-04,LOT-0378-A,qc_auto.csv
LOT,LOT-0379,SRC-01,A0379,output_perf.csv
LOT,LOT-0379,SRC-02,L-B-0379,ipc.csv
LOT,LOT-0379,SRC-03,QR260929A0379,lot_scans.csv
LOT,LOT-0379,SRC-04,LOT-0379-B,qc_auto.csv
LOT,LOT-0380,SRC-01,A0380,output_perf.csv
LOT,LOT-0380,SRC-02,L-B-0380,ipc.csv
LOT,LOT-0380,SRC-03,QR260929A0380,lot_scans.csv
LOT,LOT-0380,SRC-04,LOT-0380-B,qc_auto.csv
LOT,LOT-0381,SRC-01,A0381,output_perf.csv
LOT,LOT-0381,SRC-02,L-A-0381,ipc.csv
LOT,LOT-0381,SRC-03,QR260929A0381,lot_scans.csv
LOT,LOT-0381,SRC-04,LOT-0381-A,qc_auto.csv
LOT,LOT-0382,SRC-01,A0382,output_perf.csv
LOT,LOT-0382,SRC-02,L-A-0382,ipc.csv
LOT,LOT-0382,SRC-03,QR260929A0382,lot_scans.csv
LOT,LOT-0382,SRC-04,LOT-0382-A,qc_auto.csv
LOT,LOT-0383,SRC-01,A0383,output_perf.csv
LOT,LOT-0383,SRC-02,L-B-0383,ipc.csv
LOT,LOT-0383,SRC-03,QR260929A0383,lot_scans.csv
LOT,LOT-0383,SRC-04,LOT-0383-B,qc_auto.csv
LOT,LOT-0384,SRC-01,A0384,output_perf.csv
LOT,LOT-0384,SRC-02,L-B-0384,ipc.csv
LOT,LOT-0384,SRC-03,QR260929A0384,lot_scans.csv
LOT,LOT-0384,SRC-04,LOT-0384-B,qc_auto.csv
LOT,LOT-0385,SRC-01,A0385,output_perf.csv
LOT,LOT-0385,SRC-02,L-A-0385,ipc.csv
LOT,LOT-0385,SRC-03,QR260929A0385,lot_scans.csv
LOT,LOT-0385,SRC-04,LOT-0385-A,qc_auto.csv
LOT,LOT-0386,SRC-01,A0386,output_perf.csv
LOT,LOT-0386,SRC-02,L-A-0386,ipc.csv
LOT,LOT-0386,SRC-03,QR260929A0386,lot_scans.csv
LOT,LOT-0386,SRC-04,LOT-0386-A,qc_auto.csv
LOT,LOT-0387,SRC-01,A0387,output_perf.csv
LOT,LOT-0387,SRC-02,L-B-0387,ipc.csv
LOT,LOT-0387,SRC-03,QR260929A0387,lot_scans.csv
LOT,LOT-0387,SRC-04,LOT-0387-B,qc_auto.csv
LOT,LOT-0388,SRC-01,A0388,output_perf.csv
LOT,LOT-0388,SRC-02,L-B-0388,ipc.csv
LOT,LOT-0388,SRC-03,QR260929A0388,lot_scans.csv
LOT,LOT-0388,SRC-04,LOT-0388-B,qc_auto.csv
LOT,LOT-0389,SRC-01,A0389,output_perf.csv
LOT,LOT-0389,SRC-02,L-A-0389,ipc.csv
LOT,LOT-0389,SRC-03,QR260929A0389,lot_scans.csv
LOT,LOT-0389,SRC-04,LOT-0389-A,qc_auto.csv
LOT,LOT-0390,SRC-01,A0390,output_perf.csv
LOT,LOT-0390,SRC-02,L-A-0390,ipc.csv
LOT,LOT-0390,SRC-03,QR260929A0390,lot_scans.csv
LOT,LOT-0390,SRC-04,LOT-0390-A,qc_auto.csv
LOT,LOT-0391,SRC-01,A0391,output_perf.csv
LOT,LOT-0391,SRC-02,L-B-0391,ipc.csv
LOT,LOT-0391,SRC-03,QR260929A0391,lot_scans.csv
LOT,LOT-0391,SRC-04,LOT-0391-B,qc_auto.csv
LOT,LOT-0392,SRC-01,A0392,output_perf.csv
LOT,LOT-0392,SRC-02,L-B-0392,ipc.csv
LOT,LOT-0392,SRC-03,QR260929A0392,lot_scans.csv
LOT,LOT-0392,SRC-04,LOT-0392-B,qc_auto.csv
LOT,LOT-0393,SRC-01,A0393,output_perf.csv
LOT,LOT-0393,SRC-02,L-A-0393,ipc.csv
LOT,LOT-0393,SRC-03,QR260929A0393,lot_scans.csv
LOT,LOT-0393,SRC-04,LOT-0393-A,qc_auto.csv
LOT,LOT-0394,SRC-01,A0394,output_perf.csv
LOT,LOT-0394,SRC-02,L-A-0394,ipc.csv
LOT,LOT-0394,SRC-03,QR260929A0394,lot_scans.csv
LOT,LOT-0394,SRC-04,LOT-0394-A,qc_auto.csv
LOT,LOT-0395,SRC-01,A0395,output_perf.csv
LOT,LOT-0395,SRC-02,L-B-0395,ipc.csv
LOT,LOT-0395,SRC-03,QR260929A0395,lot_scans.csv
LOT,LOT-0395,SRC-04,LOT-0395-B,qc_auto.csv
LOT,LOT-0396,SRC-01,A0396,output_perf.csv
LOT,LOT-0396,SRC-02,L-B-0396,ipc.csv
LOT,LOT-0396,SRC-03,QR260929A0396,lot_scans.csv
LOT,LOT-0396,SRC-04,LOT-0396-B,qc_auto.csv
LOT,LOT-0397,SRC-01,A0397,output_perf.csv
LOT,LOT-0397,SRC-02,L-A-0397,ipc.csv
LOT,LOT-0397,SRC-03,QR260929A0397,lot_scans.csv
LOT,LOT-0397,SRC-04,LOT-0397-A,qc_auto.csv
LOT,LOT-0398,SRC-01,A0398,output_perf.csv
LOT,LOT-0398,SRC-02,L-A-0398,ipc.csv
LOT,LOT-0398,SRC-03,QR260929A0398,lot_scans.csv
LOT,LOT-0398,SRC-04,LOT-0398-A,qc_auto.csv
LOT,LOT-0399,SRC-01,A0399,output_perf.csv
LOT,LOT-0399,SRC-02,L-B-0399,ipc.csv
LOT,LOT-0399,SRC-03,QR260929A0399,lot_scans.csv
LOT,LOT-0399,SRC-04,LOT-0399-B,qc_auto.csv
LOT,LOT-0400,SRC-01,A0400,output_perf.csv
LOT,LOT-0400,SRC-02,L-B-0400,ipc.csv
LOT,LOT-0400,SRC-03,QR260929A0400,lot_scans.csv
LOT,LOT-0400,SRC-04,LOT-0400-B,qc_auto.csv
