edge_id,parent_lot_id,child_lot_id,edge_type,qty,true_time
EDGE-00001,BATCH-HT-B07,LOT-0401,SPLIT,200,2026-09-30T10:00:00
EDGE-00002,BATCH-HT-B07,LOT-0402,SPLIT,200,2026-09-30T10:00:00
EDGE-00003,BATCH-HT-B07,LOT-0403,SPLIT,200,2026-09-30T10:00:00
EDGE-00004,BATCH-HT-B07,LOT-0404,SPLIT,200,2026-09-30T10:00:00
EDGE-00005,BATCH-HT-B07,LOT-0405,SPLIT,200,2026-09-30T10:00:00
EDGE-00006,LOT-0403,LOT-2207,MERGE,200,2026-09-30T14:00:00
EDGE-00007,LOT-0404,LOT-2207,MERGE,200,2026-09-30T14:00:00
EDGE-00008,BATCH-HT-B08,LOT-0406,SPLIT,200,2026-10-02T10:00:00
EDGE-00009,BATCH-HT-B08,LOT-0407,SPLIT,200,2026-10-02T10:00:00
EDGE-00010,BATCH-HT-B08,LOT-0408,SPLIT,200,2026-10-02T10:00:00
EDGE-00011,BATCH-HT-B08,LOT-0409,SPLIT,200,2026-10-02T10:00:00
EDGE-00012,BATCH-HT-B08,LOT-0410,SPLIT,200,2026-10-02T10:00:00
