incident_id,station_id,start_time,end_time,duration_h,fmea_code,rpn,severity_level,root_cause_type,affected_lots,test_case_link
INC-0001,STN-M2,2026-09-29T08:00:00,2026-09-29T16:00:00,8.0,FMEA-M2-001,96,HIGH,MACHINE,"LOT-0147,LOT-0148",F01
INC-0002,STN-M2,2026-09-30T08:00:00,2026-09-30T12:00:00,4.0,FMEA-M2-001,64,MEDIUM,MACHINE,LOT-0147,F02
INC-0003,STN-M2,2026-10-01T08:00:00,2026-10-01T20:00:00,12.0,FMEA-M2-001,128,CRITICAL,MACHINE,"LOT-0231,LOT-0235",F03
INC-0004,STN-M1,2026-10-02T08:00:00,2026-10-02T16:00:00,8.0,FMEA-M1-002,54,MEDIUM,MACHINE,,F04
INC-0005,STN-HT,2026-10-03T08:00:00,2026-10-03T16:00:00,8.0,FMEA-HT-001,135,CRITICAL,PROCESS,"LOT-0401,LOT-0402,LOT-0403,LOT-0404,LOT-0405",F05
INC-0006,STN-AS2,2026-10-04T08:00:00,2026-10-04T16:00:00,8.0,FMEA-AS2-001,30,LOW,HUMAN,LOT-0240,F06
INC-0007,STN-T1,2026-10-05T08:00:00,2026-10-05T16:00:00,8.0,FMEA-T1-001,42,MEDIUM,MACHINE,,F07
INC-0008,STN-M2,2026-10-05T16:00:00,2026-10-06T00:00:00,8.0,FMEA-M2-001,96,HIGH,MACHINE,LOT-0232,F08
INC-0009,STN-M2,2026-10-06T08:00:00,2026-10-06T16:00:00,8.0,FMEA-M2-001,96,HIGH,MACHINE,"LOT-0231,LOT-0232",F09
INC-0010,STN-M2,2026-10-07T08:00:00,2026-10-07T16:00:00,8.0,FMEA-M2-001,96,HIGH,MACHINE,LOT-0231,F10
INC-0011,STN-M2,2026-10-08T08:00:00,2026-10-08T12:00:00,4.0,FMEA-COMB-001,48,MEDIUM,COMBINED,LOT-0231,F11
INC-0012,STN-M2,2026-10-09T08:00:00,2026-10-09T16:00:00,8.0,FMEA-M2-001,96,HIGH,MACHINE,"LOT-0231,LOT-0235",F12
INC-0013,STN-AS2,2026-09-30T16:00:00,2026-09-30T16:30:00,0.5,FMEA-SUP-001,96,HIGH,MATERIAL,"LOT-0403,LOT-0404",R01
INC-0014,STN-M1,2026-10-06T14:00:00,2026-10-06T14:30:00,0.5,FMEA-M1-001,54,MEDIUM,MACHINE,,R02
INC-0015,STN-HT,2026-09-30T18:00:00,2026-09-30T18:30:00,0.5,FMEA-HT-001,135,CRITICAL,PROCESS,"LOT-0401,LOT-0402,LOT-0403,LOT-0404,LOT-0405",R03
INC-0016,STN-AS2,2026-10-06T14:00:00,2026-10-06T14:15:00,0.25,FMEA-AS2-001,30,LOW,HUMAN,LOT-1050,R04
INC-0017,STN-HT,2026-09-30T10:00:00,2026-09-30T10:30:00,0.5,FMEA-DATA-001,42,MEDIUM,DATA_QUALITY,"LOT-0403,LOT-0404",R05
INC-0018,STN-AS2,2026-10-07T10:00:00,2026-10-07T10:30:00,0.5,FMEA-COMB-001,48,MEDIUM,COMBINED,LOT-1060,R06
INC-0019,STN-LAB,2026-10-08T14:00:00,2026-10-08T14:30:00,0.5,FMEA-UNKNOWN,0,UNKNOWN,UNKNOWN,LOT-1070,R07
INC-0020,STN-SHP,2026-10-10T10:00:00,2026-10-10T10:30:00,0.5,FMEA-SUP-002,108,CRITICAL,MATERIAL,LOT-1080,R08
