snapshot_id,snapshot_time,item_type,item_id,location,qty,capture_method
INV-00001,2026-09-29T06:00:00,FG,PROD-P1,Kho FG - Line A,450,AUTO
INV-00002,2026-09-29T06:00:00,FG,PROD-P2,Kho FG - Line A,600,AUTO
INV-00003,2026-09-29T06:00:00,FG,PROD-P3,Kho FG - Line B,450,AUTO
INV-00004,2026-09-29T06:00:00,FG,PROD-P4,Kho FG - Line B,450,AUTO
INV-00005,2026-09-29T06:00:00,COMPONENT,COMP-C3,Kho NVL,600,AUTO
INV-00006,2026-09-29T18:00:00,FG,PROD-P1,Kho FG - Line A,450,MANUAL
INV-00007,2026-09-29T18:00:00,FG,PROD-P2,Kho FG - Line A,600,MANUAL
INV-00008,2026-09-29T18:00:00,FG,PROD-P3,Kho FG - Line B,450,MANUAL
INV-00009,2026-09-29T18:00:00,FG,PROD-P4,Kho FG - Line B,450,MANUAL
INV-00010,2026-09-29T18:00:00,COMPONENT,COMP-C3,Kho NVL,3000,MANUAL
INV-00011,2026-09-30T06:00:00,FG,PROD-P1,Kho FG - Line A,450,AUTO
INV-00012,2026-09-30T06:00:00,FG,PROD-P2,Kho FG - Line A,600,AUTO
INV-00013,2026-09-30T06:00:00,FG,PROD-P3,Kho FG - Line B,450,AUTO
INV-00014,2026-09-30T06:00:00,FG,PROD-P4,Kho FG - Line B,450,AUTO
INV-00015,2026-09-30T06:00:00,COMPONENT,COMP-C3,Kho NVL,3000,AUTO
INV-00016,2026-09-30T18:00:00,FG,PROD-P1,Kho FG - Line A,450,MANUAL
INV-00017,2026-09-30T18:00:00,FG,PROD-P2,Kho FG - Line A,600,MANUAL
INV-00018,2026-09-30T18:00:00,FG,PROD-P3,Kho FG - Line B,450,MANUAL
INV-00019,2026-09-30T18:00:00,FG,PROD-P4,Kho FG - Line B,450,MANUAL
INV-00020,2026-09-30T18:00:00,COMPONENT,COMP-C3,Kho NVL,3000,MANUAL
INV-00021,2026-10-01T06:00:00,FG,PROD-P1,Kho FG - Line A,450,AUTO
INV-00022,2026-10-01T06:00:00,FG,PROD-P2,Kho FG - Line A,600,AUTO
INV-00023,2026-10-01T06:00:00,FG,PROD-P3,Kho FG - Line B,450,AUTO
INV-00024,2026-10-01T06:00:00,FG,PROD-P4,Kho FG - Line B,450,AUTO
INV-00025,2026-10-01T06:00:00,COMPONENT,COMP-C3,Kho NVL,3000,AUTO
INV-00026,2026-10-01T18:00:00,FG,PROD-P1,Kho FG - Line A,450,MANUAL
INV-00027,2026-10-01T18:00:00,FG,PROD-P2,Kho FG - Line A,600,MANUAL
INV-00028,2026-10-01T18:00:00,FG,PROD-P3,Kho FG - Line B,450,MANUAL
INV-00029,2026-10-01T18:00:00,FG,PROD-P4,Kho FG - Line B,450,MANUAL
INV-00030,2026-10-01T18:00:00,COMPONENT,COMP-C3,Kho NVL,3000,MANUAL
INV-00031,2026-10-02T06:00:00,FG,PROD-P1,Kho FG - Line A,450,AUTO
INV-00032,2026-10-02T06:00:00,FG,PROD-P2,Kho FG - Line A,600,AUTO
INV-00033,2026-10-02T06:00:00,FG,PROD-P3,Kho FG - Line B,450,AUTO
INV-00034,2026-10-02T06:00:00,FG,PROD-P4,Kho FG - Line B,450,AUTO
INV-00035,2026-10-02T06:00:00,COMPONENT,COMP-C3,Kho NVL,3000,AUTO
INV-00036,2026-10-02T18:00:00,FG,PROD-P1,Kho FG - Line A,450,MANUAL
INV-00037,2026-10-02T18:00:00,FG,PROD-P2,Kho FG - Line A,600,MANUAL
INV-00038,2026-10-02T18:00:00,FG,PROD-P3,Kho FG - Line B,450,MANUAL
INV-00039,2026-10-02T18:00:00,FG,PROD-P4,Kho FG - Line B,450,MANUAL
INV-00040,2026-10-02T18:00:00,COMPONENT,COMP-C3,Kho NVL,3000,MANUAL
INV-00041,2026-10-03T06:00:00,FG,PROD-P1,Kho FG - Line A,450,AUTO
INV-00042,2026-10-03T06:00:00,FG,PROD-P2,Kho FG - Line A,600,AUTO
INV-00043,2026-10-03T06:00:00,FG,PROD-P3,Kho FG - Line B,450,AUTO
INV-00044,2026-10-03T06:00:00,FG,PROD-P4,Kho FG - Line B,450,AUTO
INV-00045,2026-10-03T06:00:00,COMPONENT,COMP-C3,Kho NVL,3000,AUTO
INV-00046,2026-10-03T18:00:00,FG,PROD-P1,Kho FG - Line A,450,MANUAL
INV-00047,2026-10-03T18:00:00,FG,PROD-P2,Kho FG - Line A,600,MANUAL
INV-00048,2026-10-03T18:00:00,FG,PROD-P3,Kho FG - Line B,450,MANUAL
INV-00049,2026-10-03T18:00:00,FG,PROD-P4,Kho FG - Line B,450,MANUAL
INV-00050,2026-10-03T18:00:00,COMPONENT,COMP-C3,Kho NVL,3000,MANUAL
INV-00051,2026-10-04T06:00:00,FG,PROD-P1,Kho FG - Line A,450,AUTO
INV-00052,2026-10-04T06:00:00,FG,PROD-P2,Kho FG - Line A,600,AUTO
INV-00053,2026-10-04T06:00:00,FG,PROD-P3,Kho FG - Line B,450,AUTO
INV-00054,2026-10-04T06:00:00,FG,PROD-P4,Kho FG - Line B,450,AUTO
INV-00055,2026-10-04T06:00:00,COMPONENT,COMP-C3,Kho NVL,3000,AUTO
INV-00056,2026-10-04T18:00:00,FG,PROD-P1,Kho FG - Line A,450,MANUAL
INV-00057,2026-10-04T18:00:00,FG,PROD-P2,Kho FG - Line A,600,MANUAL
INV-00058,2026-10-04T18:00:00,FG,PROD-P3,Kho FG - Line B,450,MANUAL
INV-00059,2026-10-04T18:00:00,FG,PROD-P4,Kho FG - Line B,450,MANUAL
INV-00060,2026-10-04T18:00:00,COMPONENT,COMP-C3,Kho NVL,3000,MANUAL
INV-00061,2026-10-05T06:00:00,FG,PROD-P1,Kho FG - Line A,450,AUTO
INV-00062,2026-10-05T06:00:00,FG,PROD-P2,Kho FG - Line A,600,AUTO
INV-00063,2026-10-05T06:00:00,FG,PROD-P3,Kho FG - Line B,450,AUTO
INV-00064,2026-10-05T06:00:00,FG,PROD-P4,Kho FG - Line B,450,AUTO
INV-00065,2026-10-05T06:00:00,COMPONENT,COMP-C3,Kho NVL,3000,AUTO
INV-00066,2026-10-05T18:00:00,FG,PROD-P1,Kho FG - Line A,450,MANUAL
INV-00067,2026-10-05T18:00:00,FG,PROD-P2,Kho FG - Line A,600,MANUAL
INV-00068,2026-10-05T18:00:00,FG,PROD-P3,Kho FG - Line B,450,MANUAL
INV-00069,2026-10-05T18:00:00,FG,PROD-P4,Kho FG - Line B,450,MANUAL
INV-00070,2026-10-05T18:00:00,COMPONENT,COMP-C3,Kho NVL,3000,MANUAL
INV-00071,2026-10-06T06:00:00,FG,PROD-P1,Kho FG - Line A,450,AUTO
INV-00072,2026-10-06T06:00:00,FG,PROD-P2,Kho FG - Line A,600,AUTO
INV-00073,2026-10-06T06:00:00,FG,PROD-P3,Kho FG - Line B,450,AUTO
INV-00074,2026-10-06T06:00:00,FG,PROD-P4,Kho FG - Line B,450,AUTO
INV-00075,2026-10-06T06:00:00,COMPONENT,COMP-C3,Kho NVL,3000,AUTO
INV-00076,2026-10-06T18:00:00,FG,PROD-P1,Kho FG - Line A,450,MANUAL
INV-00077,2026-10-06T18:00:00,FG,PROD-P2,Kho FG - Line A,600,MANUAL
INV-00078,2026-10-06T18:00:00,FG,PROD-P3,Kho FG - Line B,450,MANUAL
INV-00079,2026-10-06T18:00:00,FG,PROD-P4,Kho FG - Line B,450,MANUAL
INV-00080,2026-10-06T18:00:00,COMPONENT,COMP-C3,Kho NVL,3000,MANUAL
INV-00081,2026-10-07T06:00:00,FG,PROD-P1,Kho FG - Line A,450,AUTO
INV-00082,2026-10-07T06:00:00,FG,PROD-P2,Kho FG - Line A,600,AUTO
INV-00083,2026-10-07T06:00:00,FG,PROD-P3,Kho FG - Line B,450,AUTO
INV-00084,2026-10-07T06:00:00,FG,PROD-P4,Kho FG - Line B,450,AUTO
INV-00085,2026-10-07T06:00:00,COMPONENT,COMP-C3,Kho NVL,3000,AUTO
INV-00086,2026-10-07T18:00:00,FG,PROD-P1,Kho FG - Line A,450,MANUAL
INV-00087,2026-10-07T18:00:00,FG,PROD-P2,Kho FG - Line A,600,MANUAL
INV-00088,2026-10-07T18:00:00,FG,PROD-P3,Kho FG - Line B,450,MANUAL
INV-00089,2026-10-07T18:00:00,FG,PROD-P4,Kho FG - Line B,450,MANUAL
INV-00090,2026-10-07T18:00:00,COMPONENT,COMP-C3,Kho NVL,3000,MANUAL
INV-00091,2026-10-08T06:00:00,FG,PROD-P1,Kho FG - Line A,450,AUTO
INV-00092,2026-10-08T06:00:00,FG,PROD-P2,Kho FG - Line A,600,AUTO
INV-00093,2026-10-08T06:00:00,FG,PROD-P3,Kho FG - Line B,450,AUTO
INV-00094,2026-10-08T06:00:00,FG,PROD-P4,Kho FG - Line B,450,AUTO
INV-00095,2026-10-08T06:00:00,COMPONENT,COMP-C3,Kho NVL,3000,AUTO
INV-00096,2026-10-08T18:00:00,FG,PROD-P1,Kho FG - Line A,450,MANUAL
INV-00097,2026-10-08T18:00:00,FG,PROD-P2,Kho FG - Line A,600,MANUAL
INV-00098,2026-10-08T18:00:00,FG,PROD-P3,Kho FG - Line B,450,MANUAL
INV-00099,2026-10-08T18:00:00,FG,PROD-P4,Kho FG - Line B,450,MANUAL
INV-00100,2026-10-08T18:00:00,COMPONENT,COMP-C3,Kho NVL,3000,MANUAL
INV-00101,2026-10-09T06:00:00,FG,PROD-P1,Kho FG - Line A,450,AUTO
INV-00102,2026-10-09T06:00:00,FG,PROD-P2,Kho FG - Line A,600,AUTO
INV-00103,2026-10-09T06:00:00,FG,PROD-P3,Kho FG - Line B,450,AUTO
INV-00104,2026-10-09T06:00:00,FG,PROD-P4,Kho FG - Line B,450,AUTO
INV-00105,2026-10-09T06:00:00,COMPONENT,COMP-C3,Kho NVL,3000,AUTO
INV-00106,2026-10-09T18:00:00,FG,PROD-P1,Kho FG - Line A,450,MANUAL
INV-00107,2026-10-09T18:00:00,FG,PROD-P2,Kho FG - Line A,600,MANUAL
INV-00108,2026-10-09T18:00:00,FG,PROD-P3,Kho FG - Line B,450,MANUAL
INV-00109,2026-10-09T18:00:00,FG,PROD-P4,Kho FG - Line B,450,MANUAL
INV-00110,2026-10-09T18:00:00,COMPONENT,COMP-C3,Kho NVL,3000,MANUAL
INV-00111,2026-10-10T06:00:00,FG,PROD-P1,Kho FG - Line A,450,AUTO
INV-00112,2026-10-10T06:00:00,FG,PROD-P2,Kho FG - Line A,600,AUTO
INV-00113,2026-10-10T06:00:00,FG,PROD-P3,Kho FG - Line B,450,AUTO
INV-00114,2026-10-10T06:00:00,FG,PROD-P4,Kho FG - Line B,450,AUTO
INV-00115,2026-10-10T06:00:00,COMPONENT,COMP-C3,Kho NVL,3000,AUTO
INV-00116,2026-10-10T18:00:00,FG,PROD-P1,Kho FG - Line A,450,MANUAL
INV-00117,2026-10-10T18:00:00,FG,PROD-P2,Kho FG - Line A,600,MANUAL
INV-00118,2026-10-10T18:00:00,FG,PROD-P3,Kho FG - Line B,450,MANUAL
INV-00119,2026-10-10T18:00:00,FG,PROD-P4,Kho FG - Line B,450,MANUAL
INV-00120,2026-10-10T18:00:00,COMPONENT,COMP-C3,Kho NVL,3000,MANUAL
INV-00121,2026-10-11T06:00:00,FG,PROD-P1,Kho FG - Line A,450,AUTO
INV-00122,2026-10-11T06:00:00,FG,PROD-P2,Kho FG - Line A,600,AUTO
INV-00123,2026-10-11T06:00:00,FG,PROD-P3,Kho FG - Line B,450,AUTO
INV-00124,2026-10-11T06:00:00,FG,PROD-P4,Kho FG - Line B,450,AUTO
INV-00125,2026-10-11T06:00:00,COMPONENT,COMP-C3,Kho NVL,3000,AUTO
INV-00126,2026-10-11T18:00:00,FG,PROD-P1,Kho FG - Line A,450,MANUAL
INV-00127,2026-10-11T18:00:00,FG,PROD-P2,Kho FG - Line A,600,MANUAL
INV-00128,2026-10-11T18:00:00,FG,PROD-P3,Kho FG - Line B,450,MANUAL
INV-00129,2026-10-11T18:00:00,FG,PROD-P4,Kho FG - Line B,450,MANUAL
INV-00130,2026-10-11T18:00:00,COMPONENT,COMP-C3,Kho NVL,3000,MANUAL
INV-00131,2026-10-12T06:00:00,FG,PROD-P1,Kho FG - Line A,450,AUTO
INV-00132,2026-10-12T06:00:00,FG,PROD-P2,Kho FG - Line A,600,AUTO
INV-00133,2026-10-12T06:00:00,FG,PROD-P3,Kho FG - Line B,450,AUTO
INV-00134,2026-10-12T06:00:00,FG,PROD-P4,Kho FG - Line B,450,AUTO
INV-00135,2026-10-12T06:00:00,COMPONENT,COMP-C3,Kho NVL,3000,AUTO
INV-00136,2026-10-12T18:00:00,FG,PROD-P1,Kho FG - Line A,450,MANUAL
INV-00137,2026-10-12T18:00:00,FG,PROD-P2,Kho FG - Line A,600,MANUAL
INV-00138,2026-10-12T18:00:00,FG,PROD-P3,Kho FG - Line B,450,MANUAL
INV-00139,2026-10-12T18:00:00,FG,PROD-P4,Kho FG - Line B,450,MANUAL
INV-00140,2026-10-12T18:00:00,COMPONENT,COMP-C3,Kho NVL,3000,MANUAL
