jt_id,product_id,line_id,qty,due_day,due_ts,priority,customer,status
JT-0001,PROD-P1,A,600,D2,2026-10-01T10:00:00,NORMAL,KHACH_X,OPEN
JT-0002,PROD-P2,A,600,D1,2026-09-30T10:00:00,NORMAL,KHACH_X,OPEN
JT-0003,PROD-P3,B,900,D2,2026-10-01T10:00:00,NORMAL,KHACH_X,OPEN
JT-0004,PROD-P4,B,600,D2,2026-10-01T10:00:00,NORMAL,KHACH_X,OPEN
JT-0005,PROD-P1,A,900,D2,2026-10-01T10:00:00,NORMAL,KHACH_X,OPEN
JT-0006,PROD-P2,A,600,D3,2026-10-02T10:00:00,NORMAL,KHACH_X,OPEN
JT-0007,PROD-P3,B,900,D3,2026-10-02T10:00:00,NORMAL,KHACH_X,OPEN
JT-0008,PROD-P4,B,600,D3,2026-10-02T10:00:00,NORMAL,KHACH_X,OPEN
JT-0009,PROD-P1,A,900,D4,2026-10-03T10:00:00,NORMAL,KHACH_X,OPEN
JT-0010,PROD-P2,A,600,D4,2026-10-03T10:00:00,NORMAL,KHACH_X,OPEN
JT-0011,PROD-P3,B,900,D4,2026-10-03T10:00:00,NORMAL,KHACH_X,OPEN
JT-0012,PROD-P4,B,600,D5,2026-10-04T10:00:00,URGENT,KHACH_X,OPEN
JT-0013,PROD-P1,A,900,D5,2026-10-04T10:00:00,NORMAL,KHACH_X,OPEN
JT-0014,PROD-P2,A,600,D5,2026-10-04T10:00:00,NORMAL,KHACH_X,OPEN
JT-0015,PROD-P3,B,900,D6,2026-10-05T10:00:00,NORMAL,KHACH_X,OPEN
JT-0016,PROD-P4,B,600,D6,2026-10-05T10:00:00,NORMAL,KHACH_X,OPEN
JT-0017,PROD-P1,A,900,D6,2026-10-05T10:00:00,NORMAL,KHACH_X,OPEN
JT-0018,PROD-P2,A,600,D7,2026-10-06T10:00:00,NORMAL,KHACH_X,OPEN
JT-0019,PROD-P3,B,900,D7,2026-10-06T10:00:00,NORMAL,KHACH_X,OPEN
JT-0020,PROD-P4,B,600,D7,2026-10-06T10:00:00,NORMAL,KHACH_X,OPEN
JT-0021,PROD-P1,A,900,D8,2026-10-07T10:00:00,NORMAL,KHACH_X,OPEN
JT-0022,PROD-P2,A,600,D8,2026-10-07T10:00:00,NORMAL,KHACH_X,OPEN
JT-0023,PROD-P3,B,900,D8,2026-10-07T10:00:00,NORMAL,KHACH_X,OPEN
JT-0024,PROD-P4,B,600,D9,2026-10-08T10:00:00,NORMAL,KHACH_X,OPEN
JT-0025,PROD-P1,A,900,D9,2026-10-08T10:00:00,NORMAL,KHACH_X,OPEN
JT-0026,PROD-P2,A,600,D9,2026-10-08T10:00:00,NORMAL,KHACH_X,OPEN
JT-0027,PROD-P3,B,900,D10,2026-10-09T10:00:00,NORMAL,KHACH_X,OPEN
JT-0028,PROD-P4,B,600,D10,2026-10-09T10:00:00,NORMAL,KHACH_X,OPEN
JT-0029,PROD-P1,A,900,D10,2026-10-09T10:00:00,NORMAL,KHACH_X,OPEN
JT-0030,PROD-P2,A,600,D11,2026-10-10T10:00:00,NORMAL,KHACH_X,OPEN
JT-0031,PROD-P3,B,900,D11,2026-10-10T10:00:00,NORMAL,KHACH_X,OPEN
JT-0032,PROD-P4,B,600,D11,2026-10-10T10:00:00,NORMAL,KHACH_X,OPEN
JT-0033,PROD-P1,A,900,D12,2026-10-11T10:00:00,NORMAL,KHACH_X,OPEN
JT-0034,PROD-P2,A,600,D12,2026-10-11T10:00:00,NORMAL,KHACH_X,OPEN
JT-0035,PROD-P3,B,900,D12,2026-10-11T10:00:00,NORMAL,KHACH_X,OPEN
JT-0036,PROD-P4,B,600,D13,2026-10-12T10:00:00,NORMAL,KHACH_X,OPEN
JT-0037,PROD-P1,A,900,D13,2026-10-12T10:00:00,NORMAL,KHACH_X,OPEN
JT-0038,PROD-P2,A,600,D13,2026-10-12T10:00:00,NORMAL,KHACH_X,OPEN
JT-0039,PROD-P3,B,900,D13,2026-10-12T10:00:00,NORMAL,KHACH_X,OPEN
JT-0040,PROD-P4,B,600,D13,2026-10-12T10:00:00,NORMAL,KHACH_X,OPEN
JT-0041,PROD-P1,A,900,D13,2026-10-12T10:00:00,NORMAL,KHACH_X,OPEN
JT-0042,PROD-P2,A,600,D13,2026-10-12T10:00:00,NORMAL,KHACH_X,OPEN
JT-0043,PROD-P3,B,900,D13,2026-10-12T10:00:00,NORMAL,KHACH_X,OPEN
JT-0044,PROD-P4,B,600,D13,2026-10-12T10:00:00,NORMAL,KHACH_X,OPEN
JT-0045,PROD-P1,A,900,D13,2026-10-12T10:00:00,NORMAL,KHACH_X,OPEN
JT-0231,PROD-P1,A,1300,D2,2026-10-01T10:00:00,URGENT,KHACH_X,OPEN
JT-0235,PROD-P2,A,600,D10,2026-10-09T10:00:00,NORMAL,KHACH_Y,OPEN
