consumption_id,lot_id,mat_lot_id,component_id,qty_consumed,consumption_time
CONS-00001,LOT-0001,MAT-C1-0917-01,COMP-C1,400,2026-09-29T06:00:00
CONS-00002,LOT-0001,MAT-C3-0917-01,COMP-C3,200,2026-09-29T06:00:00
CONS-00003,LOT-0002,MAT-C1-0917-01,COMP-C1,300,2026-09-29T14:48:00
CONS-00004,LOT-0002,MAT-C4-0917-01,COMP-C4,400,2026-09-29T14:48:00
CONS-00005,LOT-0003,MAT-C2-0917-01,COMP-C2,200,2026-09-29T07:36:00
CONS-00006,LOT-0003,MAT-C6-0917-01,COMP-C6,800,2026-09-29T07:36:00
CONS-00007,LOT-0004,MAT-C2-0917-01,COMP-C2,400,2026-09-29T16:24:00
CONS-00008,LOT-0004,MAT-C4-0917-01,COMP-C4,200,2026-09-29T16:24:00
CONS-00009,LOT-0005,MAT-C1-0917-01,COMP-C1,400,2026-09-29T09:12:00
CONS-00010,LOT-0005,MAT-C3-0917-01,COMP-C3,200,2026-09-29T09:12:00
CONS-00011,LOT-0006,MAT-C1-0917-01,COMP-C1,300,2026-09-29T18:00:00
CONS-00012,LOT-0006,MAT-C4-0917-01,COMP-C4,400,2026-09-29T18:00:00
CONS-00013,LOT-0007,MAT-C2-0917-01,COMP-C2,200,2026-09-29T10:48:00
CONS-00014,LOT-0007,MAT-C6-0917-01,COMP-C6,800,2026-09-29T10:48:00
CONS-00015,LOT-0008,MAT-C2-0917-01,COMP-C2,400,2026-09-29T19:36:00
CONS-00016,LOT-0008,MAT-C4-0917-01,COMP-C4,200,2026-09-29T19:36:00
CONS-00017,LOT-0009,MAT-C1-0917-01,COMP-C1,400,2026-09-29T06:00:00
CONS-00018,LOT-0009,MAT-C3-0917-01,COMP-C3,200,2026-09-29T06:00:00
CONS-00019,LOT-0010,MAT-C1-0917-01,COMP-C1,300,2026-09-29T14:48:00
CONS-00020,LOT-0010,MAT-C4-0917-01,COMP-C4,400,2026-09-29T14:48:00
CONS-00021,LOT-0011,MAT-C2-0917-01,COMP-C2,200,2026-09-29T07:36:00
CONS-00022,LOT-0011,MAT-C6-0917-01,COMP-C6,800,2026-09-29T07:36:00
CONS-00023,LOT-0012,MAT-C2-0917-01,COMP-C2,400,2026-09-29T16:24:00
CONS-00024,LOT-0012,MAT-C4-0917-01,COMP-C4,200,2026-09-29T16:24:00
CONS-00025,LOT-0013,MAT-C1-0917-01,COMP-C1,400,2026-09-29T09:12:00
CONS-00026,LOT-0013,MAT-C3-0917-01,COMP-C3,200,2026-09-29T09:12:00
CONS-00027,LOT-0014,MAT-C1-0917-01,COMP-C1,300,2026-09-29T18:00:00
CONS-00028,LOT-0014,MAT-C4-0917-01,COMP-C4,400,2026-09-29T18:00:00
CONS-00029,LOT-0015,MAT-C2-0917-01,COMP-C2,200,2026-09-29T10:48:00
CONS-00030,LOT-0015,MAT-C6-0917-01,COMP-C6,800,2026-09-29T10:48:00
CONS-00031,LOT-0016,MAT-C2-0917-01,COMP-C2,400,2026-09-29T19:36:00
CONS-00032,LOT-0016,MAT-C4-0917-01,COMP-C4,200,2026-09-29T19:36:00
CONS-00033,LOT-0017,MAT-C1-0917-01,COMP-C1,400,2026-09-29T06:00:00
CONS-00034,LOT-0017,MAT-C3-0917-01,COMP-C3,200,2026-09-29T06:00:00
CONS-00035,LOT-0018,MAT-C1-0917-01,COMP-C1,300,2026-09-29T14:48:00
CONS-00036,LOT-0018,MAT-C4-0917-01,COMP-C4,400,2026-09-29T14:48:00
CONS-00037,LOT-0019,MAT-C2-0917-01,COMP-C2,200,2026-09-29T07:36:00
CONS-00038,LOT-0019,MAT-C6-0917-01,COMP-C6,800,2026-09-29T07:36:00
CONS-00039,LOT-0020,MAT-C2-0917-01,COMP-C2,400,2026-09-29T16:24:00
CONS-00040,LOT-0020,MAT-C4-0917-01,COMP-C4,200,2026-09-29T16:24:00
CONS-00041,LOT-0021,MAT-C1-0917-01,COMP-C1,400,2026-09-29T09:12:00
CONS-00042,LOT-0021,MAT-C3-0917-01,COMP-C3,200,2026-09-29T09:12:00
CONS-00043,LOT-0022,MAT-C1-0917-01,COMP-C1,300,2026-09-29T18:00:00
CONS-00044,LOT-0022,MAT-C4-0917-01,COMP-C4,400,2026-09-29T18:00:00
CONS-00045,LOT-0023,MAT-C2-0917-01,COMP-C2,200,2026-09-29T10:48:00
CONS-00046,LOT-0023,MAT-C6-0917-01,COMP-C6,800,2026-09-29T10:48:00
CONS-00047,LOT-0024,MAT-C2-0917-01,COMP-C2,400,2026-09-29T19:36:00
CONS-00048,LOT-0024,MAT-C4-0917-01,COMP-C4,200,2026-09-29T19:36:00
CONS-00049,LOT-0025,MAT-C1-0917-01,COMP-C1,400,2026-09-29T06:00:00
CONS-00050,LOT-0025,MAT-C3-0917-01,COMP-C3,200,2026-09-29T06:00:00
CONS-00051,LOT-0026,MAT-C1-0917-01,COMP-C1,300,2026-09-29T14:48:00
CONS-00052,LOT-0026,MAT-C4-0917-01,COMP-C4,400,2026-09-29T14:48:00
CONS-00053,LOT-0027,MAT-C2-0917-01,COMP-C2,200,2026-09-29T07:36:00
CONS-00054,LOT-0027,MAT-C6-0917-01,COMP-C6,800,2026-09-29T07:36:00
CONS-00055,LOT-0028,MAT-C2-0917-01,COMP-C2,400,2026-09-29T16:24:00
CONS-00056,LOT-0028,MAT-C4-0917-01,COMP-C4,200,2026-09-29T16:24:00
CONS-00057,LOT-0029,MAT-C1-0917-01,COMP-C1,400,2026-09-29T09:12:00
CONS-00058,LOT-0029,MAT-C3-0917-01,COMP-C3,200,2026-09-29T09:12:00
CONS-00059,LOT-0030,MAT-C1-0917-01,COMP-C1,300,2026-09-30T06:00:00
CONS-00060,LOT-0030,MAT-C4-0917-01,COMP-C4,400,2026-09-30T06:00:00
CONS-00061,LOT-0031,MAT-C2-0917-01,COMP-C2,200,2026-09-30T14:48:00
CONS-00062,LOT-0031,MAT-C6-0917-01,COMP-C6,800,2026-09-30T14:48:00
CONS-00063,LOT-0032,MAT-C2-0917-01,COMP-C2,400,2026-09-30T07:36:00
CONS-00064,LOT-0032,MAT-C4-0917-01,COMP-C4,200,2026-09-30T07:36:00
CONS-00065,LOT-0033,MAT-C1-0917-01,COMP-C1,400,2026-09-30T16:24:00
CONS-00066,LOT-0033,MAT-C3-0917-01,COMP-C3,200,2026-09-30T16:24:00
CONS-00067,LOT-0034,MAT-C1-0917-01,COMP-C1,300,2026-09-30T09:12:00
CONS-00068,LOT-0034,MAT-C4-0917-01,COMP-C4,400,2026-09-30T09:12:00
CONS-00069,LOT-0035,MAT-C2-0917-01,COMP-C2,200,2026-09-30T18:00:00
CONS-00070,LOT-0035,MAT-C6-0917-01,COMP-C6,800,2026-09-30T18:00:00
CONS-00071,LOT-0036,MAT-C2-0917-01,COMP-C2,400,2026-09-30T10:48:00
CONS-00072,LOT-0036,MAT-C4-0917-01,COMP-C4,200,2026-09-30T10:48:00
CONS-00073,LOT-0037,MAT-C1-0917-01,COMP-C1,400,2026-09-30T19:36:00
CONS-00074,LOT-0037,MAT-C3-0917-01,COMP-C3,200,2026-09-30T19:36:00
CONS-00075,LOT-0038,MAT-C1-0917-01,COMP-C1,300,2026-09-30T06:00:00
CONS-00076,LOT-0038,MAT-C4-0917-01,COMP-C4,400,2026-09-30T06:00:00
CONS-00077,LOT-0039,MAT-C2-0917-01,COMP-C2,200,2026-09-30T14:48:00
CONS-00078,LOT-0039,MAT-C6-0917-01,COMP-C6,800,2026-09-30T14:48:00
CONS-00079,LOT-0040,MAT-C2-0917-01,COMP-C2,400,2026-09-30T07:36:00
CONS-00080,LOT-0040,MAT-C4-0917-01,COMP-C4,200,2026-09-30T07:36:00
CONS-00081,LOT-0041,MAT-C1-0917-01,COMP-C1,400,2026-09-30T16:24:00
CONS-00082,LOT-0041,MAT-C3-0917-01,COMP-C3,200,2026-09-30T16:24:00
CONS-00083,LOT-0042,MAT-C1-0917-01,COMP-C1,300,2026-09-30T09:12:00
CONS-00084,LOT-0042,MAT-C4-0917-01,COMP-C4,400,2026-09-30T09:12:00
CONS-00085,LOT-0043,MAT-C2-0917-01,COMP-C2,200,2026-09-30T18:00:00
CONS-00086,LOT-0043,MAT-C6-0917-01,COMP-C6,800,2026-09-30T18:00:00
CONS-00087,LOT-0044,MAT-C2-0917-01,COMP-C2,400,2026-09-30T10:48:00
CONS-00088,LOT-0044,MAT-C4-0917-01,COMP-C4,200,2026-09-30T10:48:00
CONS-00089,LOT-0045,MAT-C1-0917-01,COMP-C1,400,2026-09-30T19:36:00
CONS-00090,LOT-0045,MAT-C3-0917-01,COMP-C3,200,2026-09-30T19:36:00
CONS-00091,LOT-0046,MAT-C1-0917-01,COMP-C1,300,2026-09-30T06:00:00
CONS-00092,LOT-0046,MAT-C4-0917-01,COMP-C4,400,2026-09-30T06:00:00
CONS-00093,LOT-0047,MAT-C2-0917-01,COMP-C2,200,2026-09-30T14:48:00
CONS-00094,LOT-0047,MAT-C6-0917-01,COMP-C6,800,2026-09-30T14:48:00
CONS-00095,LOT-0048,MAT-C2-0917-01,COMP-C2,400,2026-09-30T07:36:00
CONS-00096,LOT-0048,MAT-C4-0917-01,COMP-C4,200,2026-09-30T07:36:00
CONS-00097,LOT-0049,MAT-C1-0917-01,COMP-C1,400,2026-09-30T16:24:00
CONS-00098,LOT-0049,MAT-C3-0917-01,COMP-C3,200,2026-09-30T16:24:00
CONS-00099,LOT-0050,MAT-C1-0917-01,COMP-C1,300,2026-09-30T09:12:00
CONS-00100,LOT-0050,MAT-C4-0917-01,COMP-C4,400,2026-09-30T09:12:00
CONS-00101,LOT-0051,MAT-C2-0917-01,COMP-C2,200,2026-09-30T18:00:00
CONS-00102,LOT-0051,MAT-C6-0917-01,COMP-C6,800,2026-09-30T18:00:00
CONS-00103,LOT-0052,MAT-C2-0917-01,COMP-C2,400,2026-09-30T10:48:00
CONS-00104,LOT-0052,MAT-C4-0917-01,COMP-C4,200,2026-09-30T10:48:00
CONS-00105,LOT-0053,MAT-C1-0917-01,COMP-C1,400,2026-09-30T19:36:00
CONS-00106,LOT-0053,MAT-C3-0917-01,COMP-C3,200,2026-09-30T19:36:00
CONS-00107,LOT-0054,MAT-C1-0917-01,COMP-C1,300,2026-09-30T06:00:00
CONS-00108,LOT-0054,MAT-C4-0917-01,COMP-C4,400,2026-09-30T06:00:00
CONS-00109,LOT-0055,MAT-C2-0917-01,COMP-C2,200,2026-09-30T14:48:00
CONS-00110,LOT-0055,MAT-C6-0917-01,COMP-C6,800,2026-09-30T14:48:00
CONS-00111,LOT-0056,MAT-C2-0917-01,COMP-C2,400,2026-09-30T07:36:00
CONS-00112,LOT-0056,MAT-C4-0917-01,COMP-C4,200,2026-09-30T07:36:00
CONS-00113,LOT-0057,MAT-C1-0917-01,COMP-C1,400,2026-09-30T16:24:00
CONS-00114,LOT-0057,MAT-C3-0917-01,COMP-C3,200,2026-09-30T16:24:00
CONS-00115,LOT-0058,MAT-C1-0917-01,COMP-C1,300,2026-09-30T09:12:00
CONS-00116,LOT-0058,MAT-C4-0917-01,COMP-C4,400,2026-09-30T09:12:00
CONS-00117,LOT-0401,MAT-C1-0917-01,COMP-C1,400,2026-09-30T10:00:00
CONS-00118,LOT-0401,MAT-C3-0917-01,COMP-C3,200,2026-09-30T10:00:00
CONS-00119,LOT-0402,MAT-C1-0917-01,COMP-C1,400,2026-09-30T10:05:00
CONS-00120,LOT-0402,MAT-C3-0917-01,COMP-C3,200,2026-09-30T10:05:00
CONS-00121,LOT-0403,MAT-C3-0917-02,COMP-C1,400,2026-09-30T10:10:00
CONS-00122,LOT-0403,MAT-C3-0917-02,COMP-C3,200,2026-09-30T10:10:00
CONS-00123,LOT-0404,MAT-C3-0917-02,COMP-C1,400,2026-09-30T10:15:00
CONS-00124,LOT-0404,MAT-C3-0917-02,COMP-C3,200,2026-09-30T10:15:00
CONS-00125,LOT-0405,MAT-C1-0917-01,COMP-C1,400,2026-09-30T10:20:00
CONS-00126,LOT-0405,MAT-C3-0917-01,COMP-C3,200,2026-09-30T10:20:00
CONS-00127,LOT-0059,MAT-C2-0917-01,COMP-C2,200,2026-10-01T06:00:00
CONS-00128,LOT-0059,MAT-C6-0917-01,COMP-C6,800,2026-10-01T06:00:00
CONS-00129,LOT-0060,MAT-C2-0917-01,COMP-C2,400,2026-10-01T14:48:00
CONS-00130,LOT-0060,MAT-C4-0917-01,COMP-C4,200,2026-10-01T14:48:00
CONS-00131,LOT-0061,MAT-C1-0917-01,COMP-C1,400,2026-10-01T07:36:00
CONS-00132,LOT-0061,MAT-C3-0917-01,COMP-C3,200,2026-10-01T07:36:00
CONS-00133,LOT-0062,MAT-C1-0917-01,COMP-C1,300,2026-10-01T16:24:00
CONS-00134,LOT-0062,MAT-C4-0917-01,COMP-C4,400,2026-10-01T16:24:00
CONS-00135,LOT-0063,MAT-C2-0917-01,COMP-C2,200,2026-10-01T09:12:00
CONS-00136,LOT-0063,MAT-C6-0917-01,COMP-C6,800,2026-10-01T09:12:00
CONS-00137,LOT-0064,MAT-C2-0917-01,COMP-C2,400,2026-10-01T18:00:00
CONS-00138,LOT-0064,MAT-C4-0917-01,COMP-C4,200,2026-10-01T18:00:00
CONS-00139,LOT-0065,MAT-C1-0917-01,COMP-C1,400,2026-10-01T10:48:00
CONS-00140,LOT-0065,MAT-C3-0917-01,COMP-C3,200,2026-10-01T10:48:00
CONS-00141,LOT-0066,MAT-C1-0917-01,COMP-C1,300,2026-10-01T19:36:00
CONS-00142,LOT-0066,MAT-C4-0917-01,COMP-C4,400,2026-10-01T19:36:00
CONS-00143,LOT-0067,MAT-C2-0917-01,COMP-C2,200,2026-10-01T06:00:00
CONS-00144,LOT-0067,MAT-C6-0917-01,COMP-C6,800,2026-10-01T06:00:00
CONS-00145,LOT-0068,MAT-C2-0917-01,COMP-C2,400,2026-10-01T14:48:00
CONS-00146,LOT-0068,MAT-C4-0917-01,COMP-C4,200,2026-10-01T14:48:00
CONS-00147,LOT-0069,MAT-C1-0917-01,COMP-C1,400,2026-10-01T07:36:00
CONS-00148,LOT-0069,MAT-C3-0917-01,COMP-C3,200,2026-10-01T07:36:00
CONS-00149,LOT-0070,MAT-C1-0917-01,COMP-C1,300,2026-10-01T16:24:00
CONS-00150,LOT-0070,MAT-C4-0917-01,COMP-C4,400,2026-10-01T16:24:00
CONS-00151,LOT-0071,MAT-C2-0917-01,COMP-C2,200,2026-10-01T09:12:00
CONS-00152,LOT-0071,MAT-C6-0917-01,COMP-C6,800,2026-10-01T09:12:00
CONS-00153,LOT-0072,MAT-C2-0917-01,COMP-C2,400,2026-10-01T18:00:00
CONS-00154,LOT-0072,MAT-C4-0917-01,COMP-C4,200,2026-10-01T18:00:00
CONS-00155,LOT-0073,MAT-C1-0917-01,COMP-C1,400,2026-10-01T10:48:00
CONS-00156,LOT-0073,MAT-C3-0917-01,COMP-C3,200,2026-10-01T10:48:00
CONS-00157,LOT-0074,MAT-C1-0917-01,COMP-C1,300,2026-10-01T19:36:00
CONS-00158,LOT-0074,MAT-C4-0917-01,COMP-C4,400,2026-10-01T19:36:00
CONS-00159,LOT-0075,MAT-C2-0917-01,COMP-C2,200,2026-10-01T06:00:00
CONS-00160,LOT-0075,MAT-C6-0917-01,COMP-C6,800,2026-10-01T06:00:00
CONS-00161,LOT-0076,MAT-C2-0917-01,COMP-C2,400,2026-10-01T14:48:00
CONS-00162,LOT-0076,MAT-C4-0917-01,COMP-C4,200,2026-10-01T14:48:00
CONS-00163,LOT-0077,MAT-C1-0917-01,COMP-C1,400,2026-10-01T07:36:00
CONS-00164,LOT-0077,MAT-C3-0917-01,COMP-C3,200,2026-10-01T07:36:00
CONS-00165,LOT-0078,MAT-C1-0917-01,COMP-C1,300,2026-10-01T16:24:00
CONS-00166,LOT-0078,MAT-C4-0917-01,COMP-C4,400,2026-10-01T16:24:00
CONS-00167,LOT-0079,MAT-C2-0917-01,COMP-C2,200,2026-10-01T09:12:00
CONS-00168,LOT-0079,MAT-C6-0917-01,COMP-C6,800,2026-10-01T09:12:00
CONS-00169,LOT-0080,MAT-C2-0917-01,COMP-C2,400,2026-10-01T18:00:00
CONS-00170,LOT-0080,MAT-C4-0917-01,COMP-C4,200,2026-10-01T18:00:00
CONS-00171,LOT-0081,MAT-C1-0917-01,COMP-C1,400,2026-10-01T10:48:00
CONS-00172,LOT-0081,MAT-C3-0917-01,COMP-C3,200,2026-10-01T10:48:00
CONS-00173,LOT-0082,MAT-C1-0917-01,COMP-C1,300,2026-10-01T19:36:00
CONS-00174,LOT-0082,MAT-C4-0917-01,COMP-C4,400,2026-10-01T19:36:00
CONS-00175,LOT-0083,MAT-C2-0917-01,COMP-C2,200,2026-10-01T06:00:00
CONS-00176,LOT-0083,MAT-C6-0917-01,COMP-C6,800,2026-10-01T06:00:00
CONS-00177,LOT-0084,MAT-C2-0917-01,COMP-C2,400,2026-10-01T14:48:00
CONS-00178,LOT-0084,MAT-C4-0917-01,COMP-C4,200,2026-10-01T14:48:00
CONS-00179,LOT-0085,MAT-C1-0917-01,COMP-C1,400,2026-10-01T07:36:00
CONS-00180,LOT-0085,MAT-C3-0917-01,COMP-C3,200,2026-10-01T07:36:00
CONS-00181,LOT-0086,MAT-C1-0917-01,COMP-C1,300,2026-10-01T16:24:00
CONS-00182,LOT-0086,MAT-C4-0917-01,COMP-C4,400,2026-10-01T16:24:00
CONS-00183,LOT-0087,MAT-C2-0917-01,COMP-C2,200,2026-10-01T09:12:00
CONS-00184,LOT-0087,MAT-C6-0917-01,COMP-C6,800,2026-10-01T09:12:00
CONS-00185,LOT-0088,MAT-C2-0917-01,COMP-C2,400,2026-10-02T06:00:00
CONS-00186,LOT-0088,MAT-C4-0917-01,COMP-C4,200,2026-10-02T06:00:00
CONS-00187,LOT-0089,MAT-C1-0917-01,COMP-C1,400,2026-10-02T14:48:00
CONS-00188,LOT-0089,MAT-C3-0917-01,COMP-C3,200,2026-10-02T14:48:00
CONS-00189,LOT-0090,MAT-C1-0917-01,COMP-C1,300,2026-10-02T07:36:00
CONS-00190,LOT-0090,MAT-C4-0917-01,COMP-C4,400,2026-10-02T07:36:00
CONS-00191,LOT-0091,MAT-C2-0917-01,COMP-C2,200,2026-10-02T16:24:00
CONS-00192,LOT-0091,MAT-C6-0917-01,COMP-C6,800,2026-10-02T16:24:00
CONS-00193,LOT-0092,MAT-C2-0917-01,COMP-C2,400,2026-10-02T09:12:00
CONS-00194,LOT-0092,MAT-C4-0917-01,COMP-C4,200,2026-10-02T09:12:00
CONS-00195,LOT-0093,MAT-C1-0917-01,COMP-C1,400,2026-10-02T18:00:00
CONS-00196,LOT-0093,MAT-C3-0917-01,COMP-C3,200,2026-10-02T18:00:00
CONS-00197,LOT-0094,MAT-C1-0917-01,COMP-C1,300,2026-10-02T10:48:00
CONS-00198,LOT-0094,MAT-C4-0917-01,COMP-C4,400,2026-10-02T10:48:00
CONS-00199,LOT-0095,MAT-C2-0917-01,COMP-C2,200,2026-10-02T19:36:00
CONS-00200,LOT-0095,MAT-C6-0917-01,COMP-C6,800,2026-10-02T19:36:00
CONS-00201,LOT-0096,MAT-C2-0917-01,COMP-C2,400,2026-10-02T06:00:00
CONS-00202,LOT-0096,MAT-C4-0917-01,COMP-C4,200,2026-10-02T06:00:00
CONS-00203,LOT-0097,MAT-C1-0917-01,COMP-C1,400,2026-10-02T14:48:00
CONS-00204,LOT-0097,MAT-C3-0917-01,COMP-C3,200,2026-10-02T14:48:00
CONS-00205,LOT-0098,MAT-C1-0917-01,COMP-C1,300,2026-10-02T07:36:00
CONS-00206,LOT-0098,MAT-C4-0917-01,COMP-C4,400,2026-10-02T07:36:00
CONS-00207,LOT-0099,MAT-C2-0917-01,COMP-C2,200,2026-10-02T16:24:00
CONS-00208,LOT-0099,MAT-C6-0917-01,COMP-C6,800,2026-10-02T16:24:00
CONS-00209,LOT-0100,MAT-C2-0917-01,COMP-C2,400,2026-10-02T09:12:00
CONS-00210,LOT-0100,MAT-C4-0917-01,COMP-C4,200,2026-10-02T09:12:00
CONS-00211,LOT-0101,MAT-C1-0917-01,COMP-C1,400,2026-10-02T18:00:00
CONS-00212,LOT-0101,MAT-C3-0917-01,COMP-C3,200,2026-10-02T18:00:00
CONS-00213,LOT-0102,MAT-C1-0917-01,COMP-C1,300,2026-10-02T10:48:00
CONS-00214,LOT-0102,MAT-C4-0917-01,COMP-C4,400,2026-10-02T10:48:00
CONS-00215,LOT-0103,MAT-C2-0917-01,COMP-C2,200,2026-10-02T19:36:00
CONS-00216,LOT-0103,MAT-C6-0917-01,COMP-C6,800,2026-10-02T19:36:00
CONS-00217,LOT-0104,MAT-C2-0917-01,COMP-C2,400,2026-10-02T06:00:00
CONS-00218,LOT-0104,MAT-C4-0917-01,COMP-C4,200,2026-10-02T06:00:00
CONS-00219,LOT-0105,MAT-C1-0917-01,COMP-C1,400,2026-10-02T14:48:00
CONS-00220,LOT-0105,MAT-C3-0917-01,COMP-C3,200,2026-10-02T14:48:00
CONS-00221,LOT-0106,MAT-C1-0917-01,COMP-C1,300,2026-10-02T07:36:00
CONS-00222,LOT-0106,MAT-C4-0917-01,COMP-C4,400,2026-10-02T07:36:00
CONS-00223,LOT-0107,MAT-C2-0917-01,COMP-C2,200,2026-10-02T16:24:00
CONS-00224,LOT-0107,MAT-C6-0917-01,COMP-C6,800,2026-10-02T16:24:00
CONS-00225,LOT-0108,MAT-C2-0917-01,COMP-C2,400,2026-10-02T09:12:00
CONS-00226,LOT-0108,MAT-C4-0917-01,COMP-C4,200,2026-10-02T09:12:00
CONS-00227,LOT-0109,MAT-C1-0917-01,COMP-C1,400,2026-10-02T18:00:00
CONS-00228,LOT-0109,MAT-C3-0917-01,COMP-C3,200,2026-10-02T18:00:00
CONS-00229,LOT-0110,MAT-C1-0917-01,COMP-C1,300,2026-10-02T10:48:00
CONS-00230,LOT-0110,MAT-C4-0917-01,COMP-C4,400,2026-10-02T10:48:00
CONS-00231,LOT-0111,MAT-C2-0917-01,COMP-C2,200,2026-10-02T19:36:00
CONS-00232,LOT-0111,MAT-C6-0917-01,COMP-C6,800,2026-10-02T19:36:00
CONS-00233,LOT-0112,MAT-C2-0917-01,COMP-C2,400,2026-10-02T06:00:00
CONS-00234,LOT-0112,MAT-C4-0917-01,COMP-C4,200,2026-10-02T06:00:00
CONS-00235,LOT-0113,MAT-C1-0917-01,COMP-C1,400,2026-10-02T14:48:00
CONS-00236,LOT-0113,MAT-C3-0917-01,COMP-C3,200,2026-10-02T14:48:00
CONS-00237,LOT-0114,MAT-C1-0917-01,COMP-C1,300,2026-10-02T07:36:00
CONS-00238,LOT-0114,MAT-C4-0917-01,COMP-C4,400,2026-10-02T07:36:00
CONS-00239,LOT-0115,MAT-C2-0917-01,COMP-C2,200,2026-10-02T16:24:00
CONS-00240,LOT-0115,MAT-C6-0917-01,COMP-C6,800,2026-10-02T16:24:00
CONS-00241,LOT-0116,MAT-C2-0917-01,COMP-C2,400,2026-10-02T09:12:00
CONS-00242,LOT-0116,MAT-C4-0917-01,COMP-C4,200,2026-10-02T09:12:00
CONS-00243,LOT-0406,MAT-C1-0917-01,COMP-C1,300,2026-10-02T10:00:00
CONS-00244,LOT-0406,MAT-C4-0917-01,COMP-C4,400,2026-10-02T10:00:00
CONS-00245,LOT-0407,MAT-C1-0917-01,COMP-C1,300,2026-10-02T10:05:00
CONS-00246,LOT-0407,MAT-C4-0917-01,COMP-C4,400,2026-10-02T10:05:00
CONS-00247,LOT-0408,MAT-C1-0917-01,COMP-C1,300,2026-10-02T10:10:00
CONS-00248,LOT-0408,MAT-C4-0917-01,COMP-C4,400,2026-10-02T10:10:00
CONS-00249,LOT-0409,MAT-C1-0917-01,COMP-C1,300,2026-10-02T10:15:00
CONS-00250,LOT-0409,MAT-C4-0917-01,COMP-C4,400,2026-10-02T10:15:00
CONS-00251,LOT-0410,MAT-C1-0917-01,COMP-C1,300,2026-10-02T10:20:00
CONS-00252,LOT-0410,MAT-C4-0917-01,COMP-C4,400,2026-10-02T10:20:00
CONS-00253,LOT-0117,MAT-C1-0917-01,COMP-C1,400,2026-10-03T06:00:00
CONS-00254,LOT-0117,MAT-C3-0917-01,COMP-C3,200,2026-10-03T06:00:00
CONS-00255,LOT-0118,MAT-C1-0917-01,COMP-C1,300,2026-10-03T14:48:00
CONS-00256,LOT-0118,MAT-C4-0917-01,COMP-C4,400,2026-10-03T14:48:00
CONS-00257,LOT-0119,MAT-C2-0917-01,COMP-C2,200,2026-10-03T07:36:00
CONS-00258,LOT-0119,MAT-C6-0917-01,COMP-C6,800,2026-10-03T07:36:00
CONS-00259,LOT-0120,MAT-C2-0917-01,COMP-C2,400,2026-10-03T16:24:00
CONS-00260,LOT-0120,MAT-C4-0917-01,COMP-C4,200,2026-10-03T16:24:00
CONS-00261,LOT-0121,MAT-C1-0917-01,COMP-C1,400,2026-10-03T09:12:00
CONS-00262,LOT-0121,MAT-C3-0917-01,COMP-C3,200,2026-10-03T09:12:00
CONS-00263,LOT-0122,MAT-C1-0917-01,COMP-C1,300,2026-10-03T18:00:00
CONS-00264,LOT-0122,MAT-C4-0917-01,COMP-C4,400,2026-10-03T18:00:00
CONS-00265,LOT-0123,MAT-C2-0917-01,COMP-C2,200,2026-10-03T10:48:00
CONS-00266,LOT-0123,MAT-C6-0917-01,COMP-C6,800,2026-10-03T10:48:00
CONS-00267,LOT-0124,MAT-C2-0917-01,COMP-C2,400,2026-10-03T19:36:00
CONS-00268,LOT-0124,MAT-C4-0917-01,COMP-C4,200,2026-10-03T19:36:00
CONS-00269,LOT-0125,MAT-C1-0917-01,COMP-C1,400,2026-10-03T06:00:00
CONS-00270,LOT-0125,MAT-C3-0917-01,COMP-C3,200,2026-10-03T06:00:00
CONS-00271,LOT-0126,MAT-C1-0917-01,COMP-C1,300,2026-10-03T14:48:00
CONS-00272,LOT-0126,MAT-C4-0917-01,COMP-C4,400,2026-10-03T14:48:00
CONS-00273,LOT-0127,MAT-C2-0917-01,COMP-C2,200,2026-10-03T07:36:00
CONS-00274,LOT-0127,MAT-C6-0917-01,COMP-C6,800,2026-10-03T07:36:00
CONS-00275,LOT-0128,MAT-C2-0917-01,COMP-C2,400,2026-10-03T16:24:00
CONS-00276,LOT-0128,MAT-C4-0917-01,COMP-C4,200,2026-10-03T16:24:00
CONS-00277,LOT-0129,MAT-C1-0917-01,COMP-C1,400,2026-10-03T09:12:00
CONS-00278,LOT-0129,MAT-C3-0917-01,COMP-C3,200,2026-10-03T09:12:00
CONS-00279,LOT-0130,MAT-C1-0917-01,COMP-C1,300,2026-10-03T18:00:00
CONS-00280,LOT-0130,MAT-C4-0917-01,COMP-C4,400,2026-10-03T18:00:00
CONS-00281,LOT-0131,MAT-C2-0917-01,COMP-C2,200,2026-10-03T10:48:00
CONS-00282,LOT-0131,MAT-C6-0917-01,COMP-C6,800,2026-10-03T10:48:00
CONS-00283,LOT-0132,MAT-C2-0917-01,COMP-C2,400,2026-10-03T19:36:00
CONS-00284,LOT-0132,MAT-C4-0917-01,COMP-C4,200,2026-10-03T19:36:00
CONS-00285,LOT-0133,MAT-C1-0917-01,COMP-C1,400,2026-10-03T06:00:00
CONS-00286,LOT-0133,MAT-C3-0917-01,COMP-C3,200,2026-10-03T06:00:00
CONS-00287,LOT-0134,MAT-C1-0917-01,COMP-C1,300,2026-10-03T14:48:00
CONS-00288,LOT-0134,MAT-C4-0917-01,COMP-C4,400,2026-10-03T14:48:00
CONS-00289,LOT-0135,MAT-C2-0917-01,COMP-C2,200,2026-10-03T07:36:00
CONS-00290,LOT-0135,MAT-C6-0917-01,COMP-C6,800,2026-10-03T07:36:00
CONS-00291,LOT-0136,MAT-C2-0917-01,COMP-C2,400,2026-10-03T16:24:00
CONS-00292,LOT-0136,MAT-C4-0917-01,COMP-C4,200,2026-10-03T16:24:00
CONS-00293,LOT-0137,MAT-C1-0917-01,COMP-C1,400,2026-10-03T09:12:00
CONS-00294,LOT-0137,MAT-C3-0917-01,COMP-C3,200,2026-10-03T09:12:00
CONS-00295,LOT-0138,MAT-C1-0917-01,COMP-C1,300,2026-10-03T18:00:00
CONS-00296,LOT-0138,MAT-C4-0917-01,COMP-C4,400,2026-10-03T18:00:00
CONS-00297,LOT-0139,MAT-C2-0917-01,COMP-C2,200,2026-10-03T10:48:00
CONS-00298,LOT-0139,MAT-C6-0917-01,COMP-C6,800,2026-10-03T10:48:00
CONS-00299,LOT-0140,MAT-C2-0917-01,COMP-C2,400,2026-10-03T19:36:00
CONS-00300,LOT-0140,MAT-C4-0917-01,COMP-C4,200,2026-10-03T19:36:00
CONS-00301,LOT-0141,MAT-C1-0917-01,COMP-C1,400,2026-10-03T06:00:00
CONS-00302,LOT-0141,MAT-C3-0917-01,COMP-C3,200,2026-10-03T06:00:00
CONS-00303,LOT-0142,MAT-C1-0917-01,COMP-C1,300,2026-10-03T14:48:00
CONS-00304,LOT-0142,MAT-C4-0917-01,COMP-C4,400,2026-10-03T14:48:00
CONS-00305,LOT-0143,MAT-C2-0917-01,COMP-C2,200,2026-10-03T07:36:00
CONS-00306,LOT-0143,MAT-C6-0917-01,COMP-C6,800,2026-10-03T07:36:00
CONS-00307,LOT-0144,MAT-C2-0917-01,COMP-C2,400,2026-10-03T16:24:00
CONS-00308,LOT-0144,MAT-C4-0917-01,COMP-C4,200,2026-10-03T16:24:00
CONS-00309,LOT-0145,MAT-C1-0917-01,COMP-C1,400,2026-10-03T09:12:00
CONS-00310,LOT-0145,MAT-C3-0917-01,COMP-C3,200,2026-10-03T09:12:00
CONS-00311,LOT-0146,MAT-C1-0917-01,COMP-C1,300,2026-10-04T06:00:00
CONS-00312,LOT-0146,MAT-C4-0917-01,COMP-C4,400,2026-10-04T06:00:00
CONS-00313,LOT-0147,MAT-C2-0917-01,COMP-C2,200,2026-10-04T14:48:00
CONS-00314,LOT-0147,MAT-C6-0917-01,COMP-C6,800,2026-10-04T14:48:00
CONS-00315,LOT-0148,MAT-C2-0917-01,COMP-C2,400,2026-10-04T07:36:00
CONS-00316,LOT-0148,MAT-C4-0917-01,COMP-C4,200,2026-10-04T07:36:00
CONS-00317,LOT-0149,MAT-C1-0917-01,COMP-C1,400,2026-10-04T16:24:00
CONS-00318,LOT-0149,MAT-C3-0917-01,COMP-C3,200,2026-10-04T16:24:00
CONS-00319,LOT-0150,MAT-C1-0917-01,COMP-C1,300,2026-10-04T09:12:00
CONS-00320,LOT-0150,MAT-C4-0917-01,COMP-C4,400,2026-10-04T09:12:00
CONS-00321,LOT-0151,MAT-C2-0917-01,COMP-C2,200,2026-10-04T18:00:00
CONS-00322,LOT-0151,MAT-C6-0917-01,COMP-C6,800,2026-10-04T18:00:00
CONS-00323,LOT-0152,MAT-C2-0917-01,COMP-C2,400,2026-10-04T10:48:00
CONS-00324,LOT-0152,MAT-C4-0917-01,COMP-C4,200,2026-10-04T10:48:00
CONS-00325,LOT-0153,MAT-C1-0917-01,COMP-C1,400,2026-10-04T19:36:00
CONS-00326,LOT-0153,MAT-C3-0917-01,COMP-C3,200,2026-10-04T19:36:00
CONS-00327,LOT-0154,MAT-C1-0917-01,COMP-C1,300,2026-10-04T06:00:00
CONS-00328,LOT-0154,MAT-C4-0917-01,COMP-C4,400,2026-10-04T06:00:00
CONS-00329,LOT-0155,MAT-C2-0917-01,COMP-C2,200,2026-10-04T14:48:00
CONS-00330,LOT-0155,MAT-C6-0917-01,COMP-C6,800,2026-10-04T14:48:00
CONS-00331,LOT-0156,MAT-C2-0917-01,COMP-C2,400,2026-10-04T07:36:00
CONS-00332,LOT-0156,MAT-C4-0917-01,COMP-C4,200,2026-10-04T07:36:00
CONS-00333,LOT-0157,MAT-C1-0917-01,COMP-C1,400,2026-10-04T16:24:00
CONS-00334,LOT-0157,MAT-C3-0917-01,COMP-C3,200,2026-10-04T16:24:00
CONS-00335,LOT-0158,MAT-C1-0917-01,COMP-C1,300,2026-10-04T09:12:00
CONS-00336,LOT-0158,MAT-C4-0917-01,COMP-C4,400,2026-10-04T09:12:00
CONS-00337,LOT-0159,MAT-C2-0917-01,COMP-C2,200,2026-10-04T18:00:00
CONS-00338,LOT-0159,MAT-C6-0917-01,COMP-C6,800,2026-10-04T18:00:00
CONS-00339,LOT-0160,MAT-C2-0917-01,COMP-C2,400,2026-10-04T10:48:00
CONS-00340,LOT-0160,MAT-C4-0917-01,COMP-C4,200,2026-10-04T10:48:00
CONS-00341,LOT-0161,MAT-C1-0917-01,COMP-C1,400,2026-10-04T19:36:00
CONS-00342,LOT-0161,MAT-C3-0917-01,COMP-C3,200,2026-10-04T19:36:00
CONS-00343,LOT-0162,MAT-C1-0917-01,COMP-C1,300,2026-10-04T06:00:00
CONS-00344,LOT-0162,MAT-C4-0917-01,COMP-C4,400,2026-10-04T06:00:00
CONS-00345,LOT-0163,MAT-C2-0917-01,COMP-C2,200,2026-10-04T14:48:00
CONS-00346,LOT-0163,MAT-C6-0917-01,COMP-C6,800,2026-10-04T14:48:00
CONS-00347,LOT-0164,MAT-C2-0917-01,COMP-C2,400,2026-10-04T07:36:00
CONS-00348,LOT-0164,MAT-C4-0917-01,COMP-C4,200,2026-10-04T07:36:00
CONS-00349,LOT-0165,MAT-C1-0917-01,COMP-C1,400,2026-10-04T16:24:00
CONS-00350,LOT-0165,MAT-C3-0917-01,COMP-C3,200,2026-10-04T16:24:00
CONS-00351,LOT-0166,MAT-C1-0917-01,COMP-C1,300,2026-10-04T09:12:00
CONS-00352,LOT-0166,MAT-C4-0917-01,COMP-C4,400,2026-10-04T09:12:00
CONS-00353,LOT-0167,MAT-C2-0917-01,COMP-C2,200,2026-10-04T18:00:00
CONS-00354,LOT-0167,MAT-C6-0917-01,COMP-C6,800,2026-10-04T18:00:00
CONS-00355,LOT-0168,MAT-C2-0917-01,COMP-C2,400,2026-10-04T10:48:00
CONS-00356,LOT-0168,MAT-C4-0917-01,COMP-C4,200,2026-10-04T10:48:00
CONS-00357,LOT-0169,MAT-C1-0917-01,COMP-C1,400,2026-10-04T19:36:00
CONS-00358,LOT-0169,MAT-C3-0917-01,COMP-C3,200,2026-10-04T19:36:00
CONS-00359,LOT-0170,MAT-C1-0917-01,COMP-C1,300,2026-10-04T06:00:00
CONS-00360,LOT-0170,MAT-C4-0917-01,COMP-C4,400,2026-10-04T06:00:00
CONS-00361,LOT-0171,MAT-C2-0917-01,COMP-C2,200,2026-10-04T14:48:00
CONS-00362,LOT-0171,MAT-C6-0917-01,COMP-C6,800,2026-10-04T14:48:00
CONS-00363,LOT-0172,MAT-C2-0917-01,COMP-C2,400,2026-10-04T07:36:00
CONS-00364,LOT-0172,MAT-C4-0917-01,COMP-C4,200,2026-10-04T07:36:00
CONS-00365,LOT-0173,MAT-C1-0917-01,COMP-C1,400,2026-10-04T16:24:00
CONS-00366,LOT-0173,MAT-C3-0917-01,COMP-C3,200,2026-10-04T16:24:00
CONS-00367,LOT-0174,MAT-C1-0917-01,COMP-C1,300,2026-10-04T09:12:00
CONS-00368,LOT-0174,MAT-C4-0917-01,COMP-C4,400,2026-10-04T09:12:00
CONS-00369,LOT-0175,MAT-C2-0917-01,COMP-C2,200,2026-10-05T06:00:00
CONS-00370,LOT-0175,MAT-C6-0917-01,COMP-C6,800,2026-10-05T06:00:00
CONS-00371,LOT-0176,MAT-C2-0917-01,COMP-C2,400,2026-10-05T14:48:00
CONS-00372,LOT-0176,MAT-C4-0917-01,COMP-C4,200,2026-10-05T14:48:00
CONS-00373,LOT-0177,MAT-C1-0917-01,COMP-C1,400,2026-10-05T07:36:00
CONS-00374,LOT-0177,MAT-C3-0917-01,COMP-C3,200,2026-10-05T07:36:00
CONS-00375,LOT-0178,MAT-C1-0917-01,COMP-C1,300,2026-10-05T16:24:00
CONS-00376,LOT-0178,MAT-C4-0917-01,COMP-C4,400,2026-10-05T16:24:00
CONS-00377,LOT-0179,MAT-C2-0917-01,COMP-C2,200,2026-10-05T09:12:00
CONS-00378,LOT-0179,MAT-C6-0917-01,COMP-C6,800,2026-10-05T09:12:00
CONS-00379,LOT-0180,MAT-C2-0917-01,COMP-C2,400,2026-10-05T18:00:00
CONS-00380,LOT-0180,MAT-C4-0917-01,COMP-C4,200,2026-10-05T18:00:00
CONS-00381,LOT-0181,MAT-C1-0917-01,COMP-C1,400,2026-10-05T10:48:00
CONS-00382,LOT-0181,MAT-C3-0917-01,COMP-C3,200,2026-10-05T10:48:00
CONS-00383,LOT-0182,MAT-C1-0917-01,COMP-C1,300,2026-10-05T19:36:00
CONS-00384,LOT-0182,MAT-C4-0917-01,COMP-C4,400,2026-10-05T19:36:00
CONS-00385,LOT-0183,MAT-C2-0917-01,COMP-C2,200,2026-10-05T06:00:00
CONS-00386,LOT-0183,MAT-C6-0917-01,COMP-C6,800,2026-10-05T06:00:00
CONS-00387,LOT-0184,MAT-C2-0917-01,COMP-C2,400,2026-10-05T14:48:00
CONS-00388,LOT-0184,MAT-C4-0917-01,COMP-C4,200,2026-10-05T14:48:00
CONS-00389,LOT-0185,MAT-C1-0917-01,COMP-C1,400,2026-10-05T07:36:00
CONS-00390,LOT-0185,MAT-C3-0917-01,COMP-C3,200,2026-10-05T07:36:00
CONS-00391,LOT-0186,MAT-C1-0917-01,COMP-C1,300,2026-10-05T16:24:00
CONS-00392,LOT-0186,MAT-C4-0917-01,COMP-C4,400,2026-10-05T16:24:00
CONS-00393,LOT-0187,MAT-C2-0917-01,COMP-C2,200,2026-10-05T09:12:00
CONS-00394,LOT-0187,MAT-C6-0917-01,COMP-C6,800,2026-10-05T09:12:00
CONS-00395,LOT-0188,MAT-C2-0917-01,COMP-C2,400,2026-10-05T18:00:00
CONS-00396,LOT-0188,MAT-C4-0917-01,COMP-C4,200,2026-10-05T18:00:00
CONS-00397,LOT-0189,MAT-C1-0917-01,COMP-C1,400,2026-10-05T10:48:00
CONS-00398,LOT-0189,MAT-C3-0917-01,COMP-C3,200,2026-10-05T10:48:00
CONS-00399,LOT-0190,MAT-C1-0917-01,COMP-C1,300,2026-10-05T19:36:00
CONS-00400,LOT-0190,MAT-C4-0917-01,COMP-C4,400,2026-10-05T19:36:00
CONS-00401,LOT-0191,MAT-C2-0917-01,COMP-C2,200,2026-10-05T06:00:00
CONS-00402,LOT-0191,MAT-C6-0917-01,COMP-C6,800,2026-10-05T06:00:00
CONS-00403,LOT-0192,MAT-C2-0917-01,COMP-C2,400,2026-10-05T14:48:00
CONS-00404,LOT-0192,MAT-C4-0917-01,COMP-C4,200,2026-10-05T14:48:00
CONS-00405,LOT-0193,MAT-C1-0917-01,COMP-C1,400,2026-10-05T07:36:00
CONS-00406,LOT-0193,MAT-C3-0917-01,COMP-C3,200,2026-10-05T07:36:00
CONS-00407,LOT-0194,MAT-C1-0917-01,COMP-C1,300,2026-10-05T16:24:00
CONS-00408,LOT-0194,MAT-C4-0917-01,COMP-C4,400,2026-10-05T16:24:00
CONS-00409,LOT-0195,MAT-C2-0917-01,COMP-C2,200,2026-10-05T09:12:00
CONS-00410,LOT-0195,MAT-C6-0917-01,COMP-C6,800,2026-10-05T09:12:00
CONS-00411,LOT-0196,MAT-C2-0917-01,COMP-C2,400,2026-10-05T18:00:00
CONS-00412,LOT-0196,MAT-C4-0917-01,COMP-C4,200,2026-10-05T18:00:00
CONS-00413,LOT-0197,MAT-C1-0917-01,COMP-C1,400,2026-10-05T10:48:00
CONS-00414,LOT-0197,MAT-C3-0917-01,COMP-C3,200,2026-10-05T10:48:00
CONS-00415,LOT-0198,MAT-C1-0917-01,COMP-C1,300,2026-10-05T19:36:00
CONS-00416,LOT-0198,MAT-C4-0917-01,COMP-C4,400,2026-10-05T19:36:00
CONS-00417,LOT-0199,MAT-C2-0917-01,COMP-C2,200,2026-10-05T06:00:00
CONS-00418,LOT-0199,MAT-C6-0917-01,COMP-C6,800,2026-10-05T06:00:00
CONS-00419,LOT-0200,MAT-C2-0917-01,COMP-C2,400,2026-10-05T14:48:00
CONS-00420,LOT-0200,MAT-C4-0917-01,COMP-C4,200,2026-10-05T14:48:00
CONS-00421,LOT-0201,MAT-C1-0917-01,COMP-C1,400,2026-10-05T07:36:00
CONS-00422,LOT-0201,MAT-C3-0917-01,COMP-C3,200,2026-10-05T07:36:00
CONS-00423,LOT-0202,MAT-C1-0917-01,COMP-C1,300,2026-10-05T16:24:00
CONS-00424,LOT-0202,MAT-C4-0917-01,COMP-C4,400,2026-10-05T16:24:00
CONS-00425,LOT-0203,MAT-C2-0917-01,COMP-C2,200,2026-10-05T09:12:00
CONS-00426,LOT-0203,MAT-C6-0917-01,COMP-C6,800,2026-10-05T09:12:00
CONS-00427,LOT-0204,MAT-C2-0917-01,COMP-C2,400,2026-10-06T06:00:00
CONS-00428,LOT-0204,MAT-C4-0917-01,COMP-C4,200,2026-10-06T06:00:00
CONS-00429,LOT-0205,MAT-C1-0917-01,COMP-C1,400,2026-10-06T14:48:00
CONS-00430,LOT-0205,MAT-C3-0917-01,COMP-C3,200,2026-10-06T14:48:00
CONS-00431,LOT-0206,MAT-C1-0917-01,COMP-C1,300,2026-10-06T07:36:00
CONS-00432,LOT-0206,MAT-C4-0917-01,COMP-C4,400,2026-10-06T07:36:00
CONS-00433,LOT-0207,MAT-C2-0917-01,COMP-C2,200,2026-10-06T16:24:00
CONS-00434,LOT-0207,MAT-C6-0917-01,COMP-C6,800,2026-10-06T16:24:00
CONS-00435,LOT-0208,MAT-C2-0917-01,COMP-C2,400,2026-10-06T09:12:00
CONS-00436,LOT-0208,MAT-C4-0917-01,COMP-C4,200,2026-10-06T09:12:00
CONS-00437,LOT-0209,MAT-C1-0917-01,COMP-C1,400,2026-10-06T18:00:00
CONS-00438,LOT-0209,MAT-C3-0917-01,COMP-C3,200,2026-10-06T18:00:00
CONS-00439,LOT-0210,MAT-C1-0917-01,COMP-C1,300,2026-10-06T10:48:00
CONS-00440,LOT-0210,MAT-C4-0917-01,COMP-C4,400,2026-10-06T10:48:00
CONS-00441,LOT-0211,MAT-C2-0917-01,COMP-C2,200,2026-10-06T19:36:00
CONS-00442,LOT-0211,MAT-C6-0917-01,COMP-C6,800,2026-10-06T19:36:00
CONS-00443,LOT-0212,MAT-C2-0917-01,COMP-C2,400,2026-10-06T06:00:00
CONS-00444,LOT-0212,MAT-C4-0917-01,COMP-C4,200,2026-10-06T06:00:00
CONS-00445,LOT-0213,MAT-C1-0917-01,COMP-C1,400,2026-10-06T14:48:00
CONS-00446,LOT-0213,MAT-C3-0917-01,COMP-C3,200,2026-10-06T14:48:00
CONS-00447,LOT-0214,MAT-C1-0917-01,COMP-C1,300,2026-10-06T07:36:00
CONS-00448,LOT-0214,MAT-C4-0917-01,COMP-C4,400,2026-10-06T07:36:00
CONS-00449,LOT-0215,MAT-C2-0917-01,COMP-C2,200,2026-10-06T16:24:00
CONS-00450,LOT-0215,MAT-C6-0917-01,COMP-C6,800,2026-10-06T16:24:00
CONS-00451,LOT-0216,MAT-C2-0917-01,COMP-C2,400,2026-10-06T09:12:00
CONS-00452,LOT-0216,MAT-C4-0917-01,COMP-C4,200,2026-10-06T09:12:00
CONS-00453,LOT-0217,MAT-C1-0917-01,COMP-C1,400,2026-10-06T18:00:00
CONS-00454,LOT-0217,MAT-C3-0917-01,COMP-C3,200,2026-10-06T18:00:00
CONS-00455,LOT-0218,MAT-C1-0917-01,COMP-C1,300,2026-10-06T10:48:00
CONS-00456,LOT-0218,MAT-C4-0917-01,COMP-C4,400,2026-10-06T10:48:00
CONS-00457,LOT-0219,MAT-C2-0917-01,COMP-C2,200,2026-10-06T19:36:00
CONS-00458,LOT-0219,MAT-C6-0917-01,COMP-C6,800,2026-10-06T19:36:00
CONS-00459,LOT-0220,MAT-C2-0917-01,COMP-C2,400,2026-10-06T06:00:00
CONS-00460,LOT-0220,MAT-C4-0917-01,COMP-C4,200,2026-10-06T06:00:00
CONS-00461,LOT-0221,MAT-C1-0917-01,COMP-C1,400,2026-10-06T14:48:00
CONS-00462,LOT-0221,MAT-C3-0917-01,COMP-C3,200,2026-10-06T14:48:00
CONS-00463,LOT-0222,MAT-C1-0917-01,COMP-C1,300,2026-10-06T07:36:00
CONS-00464,LOT-0222,MAT-C4-0917-01,COMP-C4,400,2026-10-06T07:36:00
CONS-00465,LOT-0223,MAT-C2-0917-01,COMP-C2,200,2026-10-06T16:24:00
CONS-00466,LOT-0223,MAT-C6-0917-01,COMP-C6,800,2026-10-06T16:24:00
CONS-00467,LOT-0224,MAT-C2-0917-01,COMP-C2,400,2026-10-06T09:12:00
CONS-00468,LOT-0224,MAT-C4-0917-01,COMP-C4,200,2026-10-06T09:12:00
CONS-00469,LOT-0225,MAT-C1-0917-01,COMP-C1,400,2026-10-06T18:00:00
CONS-00470,LOT-0225,MAT-C3-0917-01,COMP-C3,200,2026-10-06T18:00:00
CONS-00471,LOT-0226,MAT-C1-0917-01,COMP-C1,300,2026-10-06T10:48:00
CONS-00472,LOT-0226,MAT-C4-0917-01,COMP-C4,400,2026-10-06T10:48:00
CONS-00473,LOT-0227,MAT-C2-0917-01,COMP-C2,200,2026-10-06T19:36:00
CONS-00474,LOT-0227,MAT-C6-0917-01,COMP-C6,800,2026-10-06T19:36:00
CONS-00475,LOT-0228,MAT-C2-0917-01,COMP-C2,400,2026-10-06T06:00:00
CONS-00476,LOT-0228,MAT-C4-0917-01,COMP-C4,200,2026-10-06T06:00:00
CONS-00477,LOT-0229,MAT-C1-0917-01,COMP-C1,400,2026-10-06T14:48:00
CONS-00478,LOT-0229,MAT-C3-0917-01,COMP-C3,200,2026-10-06T14:48:00
CONS-00479,LOT-0230,MAT-C1-0917-01,COMP-C1,300,2026-10-06T07:36:00
CONS-00480,LOT-0230,MAT-C4-0917-01,COMP-C4,400,2026-10-06T07:36:00
CONS-00481,LOT-0231,MAT-C2-0917-01,COMP-C2,200,2026-10-06T16:24:00
CONS-00482,LOT-0231,MAT-C6-0917-01,COMP-C6,800,2026-10-06T16:24:00
CONS-00483,LOT-0232,MAT-C2-0917-01,COMP-C2,400,2026-10-06T09:12:00
CONS-00484,LOT-0232,MAT-C4-0917-01,COMP-C4,200,2026-10-06T09:12:00
CONS-00485,LOT-0233,MAT-C1-0917-01,COMP-C1,400,2026-10-07T06:00:00
CONS-00486,LOT-0233,MAT-C3-0917-01,COMP-C3,200,2026-10-07T06:00:00
CONS-00487,LOT-0234,MAT-C1-0917-01,COMP-C1,300,2026-10-07T14:48:00
CONS-00488,LOT-0234,MAT-C4-0917-01,COMP-C4,400,2026-10-07T14:48:00
CONS-00489,LOT-0235,MAT-C2-0917-01,COMP-C2,200,2026-10-07T07:36:00
CONS-00490,LOT-0235,MAT-C6-0917-01,COMP-C6,800,2026-10-07T07:36:00
CONS-00491,LOT-0236,MAT-C2-0917-01,COMP-C2,400,2026-10-07T16:24:00
CONS-00492,LOT-0236,MAT-C4-0917-01,COMP-C4,200,2026-10-07T16:24:00
CONS-00493,LOT-0237,MAT-C1-0917-01,COMP-C1,400,2026-10-07T09:12:00
CONS-00494,LOT-0237,MAT-C3-0917-01,COMP-C3,200,2026-10-07T09:12:00
CONS-00495,LOT-0238,MAT-C1-0917-01,COMP-C1,300,2026-10-07T18:00:00
CONS-00496,LOT-0238,MAT-C4-0917-01,COMP-C4,400,2026-10-07T18:00:00
CONS-00497,LOT-0239,MAT-C2-0917-01,COMP-C2,200,2026-10-07T10:48:00
CONS-00498,LOT-0239,MAT-C6-0917-01,COMP-C6,800,2026-10-07T10:48:00
CONS-00499,LOT-0240,MAT-C2-0917-01,COMP-C2,400,2026-10-07T19:36:00
CONS-00500,LOT-0240,MAT-C4-0917-01,COMP-C4,200,2026-10-07T19:36:00
CONS-00501,LOT-0241,MAT-C1-0917-01,COMP-C1,400,2026-10-07T06:00:00
CONS-00502,LOT-0241,MAT-C3-0917-01,COMP-C3,200,2026-10-07T06:00:00
CONS-00503,LOT-0242,MAT-C1-0917-01,COMP-C1,300,2026-10-07T14:48:00
CONS-00504,LOT-0242,MAT-C4-0917-01,COMP-C4,400,2026-10-07T14:48:00
CONS-00505,LOT-0243,MAT-C2-0917-01,COMP-C2,200,2026-10-07T07:36:00
CONS-00506,LOT-0243,MAT-C6-0917-01,COMP-C6,800,2026-10-07T07:36:00
CONS-00507,LOT-0244,MAT-C2-0917-01,COMP-C2,400,2026-10-07T16:24:00
CONS-00508,LOT-0244,MAT-C4-0917-01,COMP-C4,200,2026-10-07T16:24:00
CONS-00509,LOT-0245,MAT-C1-0917-01,COMP-C1,400,2026-10-07T09:12:00
CONS-00510,LOT-0245,MAT-C3-0917-01,COMP-C3,200,2026-10-07T09:12:00
CONS-00511,LOT-0246,MAT-C1-0917-01,COMP-C1,300,2026-10-07T18:00:00
CONS-00512,LOT-0246,MAT-C4-0917-01,COMP-C4,400,2026-10-07T18:00:00
CONS-00513,LOT-0247,MAT-C2-0917-01,COMP-C2,200,2026-10-07T10:48:00
CONS-00514,LOT-0247,MAT-C6-0917-01,COMP-C6,800,2026-10-07T10:48:00
CONS-00515,LOT-0248,MAT-C2-0917-01,COMP-C2,400,2026-10-07T19:36:00
CONS-00516,LOT-0248,MAT-C4-0917-01,COMP-C4,200,2026-10-07T19:36:00
CONS-00517,LOT-0249,MAT-C1-0917-01,COMP-C1,400,2026-10-07T06:00:00
CONS-00518,LOT-0249,MAT-C3-0917-01,COMP-C3,200,2026-10-07T06:00:00
CONS-00519,LOT-0250,MAT-C1-0917-01,COMP-C1,300,2026-10-07T14:48:00
CONS-00520,LOT-0250,MAT-C4-0917-01,COMP-C4,400,2026-10-07T14:48:00
CONS-00521,LOT-0251,MAT-C2-0917-01,COMP-C2,200,2026-10-07T07:36:00
CONS-00522,LOT-0251,MAT-C6-0917-01,COMP-C6,800,2026-10-07T07:36:00
CONS-00523,LOT-0252,MAT-C2-0917-01,COMP-C2,400,2026-10-07T16:24:00
CONS-00524,LOT-0252,MAT-C4-0917-01,COMP-C4,200,2026-10-07T16:24:00
CONS-00525,LOT-0253,MAT-C1-0917-01,COMP-C1,400,2026-10-07T09:12:00
CONS-00526,LOT-0253,MAT-C3-0917-01,COMP-C3,200,2026-10-07T09:12:00
CONS-00527,LOT-0254,MAT-C1-0917-01,COMP-C1,300,2026-10-07T18:00:00
CONS-00528,LOT-0254,MAT-C4-0917-01,COMP-C4,400,2026-10-07T18:00:00
CONS-00529,LOT-0255,MAT-C2-0917-01,COMP-C2,200,2026-10-07T10:48:00
CONS-00530,LOT-0255,MAT-C6-0917-01,COMP-C6,800,2026-10-07T10:48:00
CONS-00531,LOT-0256,MAT-C2-0917-01,COMP-C2,400,2026-10-07T19:36:00
CONS-00532,LOT-0256,MAT-C4-0917-01,COMP-C4,200,2026-10-07T19:36:00
CONS-00533,LOT-0257,MAT-C1-0917-01,COMP-C1,400,2026-10-07T06:00:00
CONS-00534,LOT-0257,MAT-C3-0917-01,COMP-C3,200,2026-10-07T06:00:00
CONS-00535,LOT-0258,MAT-C1-0917-01,COMP-C1,300,2026-10-07T14:48:00
CONS-00536,LOT-0258,MAT-C4-0917-01,COMP-C4,400,2026-10-07T14:48:00
CONS-00537,LOT-0259,MAT-C2-0917-01,COMP-C2,200,2026-10-07T07:36:00
CONS-00538,LOT-0259,MAT-C6-0917-01,COMP-C6,800,2026-10-07T07:36:00
CONS-00539,LOT-0260,MAT-C2-0917-01,COMP-C2,400,2026-10-07T16:24:00
CONS-00540,LOT-0260,MAT-C4-0917-01,COMP-C4,200,2026-10-07T16:24:00
CONS-00541,LOT-0261,MAT-C1-0917-01,COMP-C1,400,2026-10-08T06:00:00
CONS-00542,LOT-0261,MAT-C3-0917-01,COMP-C3,200,2026-10-08T06:00:00
CONS-00543,LOT-0262,MAT-C1-0917-01,COMP-C1,300,2026-10-08T14:48:00
CONS-00544,LOT-0262,MAT-C4-0917-01,COMP-C4,400,2026-10-08T14:48:00
CONS-00545,LOT-0263,MAT-C2-0917-01,COMP-C2,200,2026-10-08T07:36:00
CONS-00546,LOT-0263,MAT-C6-0917-01,COMP-C6,800,2026-10-08T07:36:00
CONS-00547,LOT-0264,MAT-C2-0917-01,COMP-C2,400,2026-10-08T16:24:00
CONS-00548,LOT-0264,MAT-C4-0917-01,COMP-C4,200,2026-10-08T16:24:00
CONS-00549,LOT-0265,MAT-C1-0917-01,COMP-C1,400,2026-10-08T09:12:00
CONS-00550,LOT-0265,MAT-C3-0917-01,COMP-C3,200,2026-10-08T09:12:00
CONS-00551,LOT-0266,MAT-C1-0917-01,COMP-C1,300,2026-10-08T18:00:00
CONS-00552,LOT-0266,MAT-C4-0917-01,COMP-C4,400,2026-10-08T18:00:00
CONS-00553,LOT-0267,MAT-C2-0917-01,COMP-C2,200,2026-10-08T10:48:00
CONS-00554,LOT-0267,MAT-C6-0917-01,COMP-C6,800,2026-10-08T10:48:00
CONS-00555,LOT-0268,MAT-C2-0917-01,COMP-C2,400,2026-10-08T19:36:00
CONS-00556,LOT-0268,MAT-C4-0917-01,COMP-C4,200,2026-10-08T19:36:00
CONS-00557,LOT-0269,MAT-C1-0917-01,COMP-C1,400,2026-10-08T06:00:00
CONS-00558,LOT-0269,MAT-C3-0917-01,COMP-C3,200,2026-10-08T06:00:00
CONS-00559,LOT-0270,MAT-C1-0917-01,COMP-C1,300,2026-10-08T14:48:00
CONS-00560,LOT-0270,MAT-C4-0917-01,COMP-C4,400,2026-10-08T14:48:00
CONS-00561,LOT-0271,MAT-C2-0917-01,COMP-C2,200,2026-10-08T07:36:00
CONS-00562,LOT-0271,MAT-C6-0917-01,COMP-C6,800,2026-10-08T07:36:00
CONS-00563,LOT-0272,MAT-C2-0917-01,COMP-C2,400,2026-10-08T16:24:00
CONS-00564,LOT-0272,MAT-C4-0917-01,COMP-C4,200,2026-10-08T16:24:00
CONS-00565,LOT-0273,MAT-C1-0917-01,COMP-C1,400,2026-10-08T09:12:00
CONS-00566,LOT-0273,MAT-C3-0917-01,COMP-C3,200,2026-10-08T09:12:00
CONS-00567,LOT-0274,MAT-C1-0917-01,COMP-C1,300,2026-10-08T18:00:00
CONS-00568,LOT-0274,MAT-C4-0917-01,COMP-C4,400,2026-10-08T18:00:00
CONS-00569,LOT-0275,MAT-C2-0917-01,COMP-C2,200,2026-10-08T10:48:00
CONS-00570,LOT-0275,MAT-C6-0917-01,COMP-C6,800,2026-10-08T10:48:00
CONS-00571,LOT-0276,MAT-C2-0917-01,COMP-C2,400,2026-10-08T19:36:00
CONS-00572,LOT-0276,MAT-C4-0917-01,COMP-C4,200,2026-10-08T19:36:00
CONS-00573,LOT-0277,MAT-C1-0917-01,COMP-C1,400,2026-10-08T06:00:00
CONS-00574,LOT-0277,MAT-C3-0917-01,COMP-C3,200,2026-10-08T06:00:00
CONS-00575,LOT-0278,MAT-C1-0917-01,COMP-C1,300,2026-10-08T14:48:00
CONS-00576,LOT-0278,MAT-C4-0917-01,COMP-C4,400,2026-10-08T14:48:00
CONS-00577,LOT-0279,MAT-C2-0917-01,COMP-C2,200,2026-10-08T07:36:00
CONS-00578,LOT-0279,MAT-C6-0917-01,COMP-C6,800,2026-10-08T07:36:00
CONS-00579,LOT-0280,MAT-C2-0917-01,COMP-C2,400,2026-10-08T16:24:00
CONS-00580,LOT-0280,MAT-C4-0917-01,COMP-C4,200,2026-10-08T16:24:00
CONS-00581,LOT-0281,MAT-C1-0917-01,COMP-C1,400,2026-10-08T09:12:00
CONS-00582,LOT-0281,MAT-C3-0917-01,COMP-C3,200,2026-10-08T09:12:00
CONS-00583,LOT-0282,MAT-C1-0917-01,COMP-C1,300,2026-10-08T18:00:00
CONS-00584,LOT-0282,MAT-C4-0917-01,COMP-C4,400,2026-10-08T18:00:00
CONS-00585,LOT-0283,MAT-C2-0917-01,COMP-C2,200,2026-10-08T10:48:00
CONS-00586,LOT-0283,MAT-C6-0917-01,COMP-C6,800,2026-10-08T10:48:00
CONS-00587,LOT-0284,MAT-C2-0917-01,COMP-C2,400,2026-10-08T19:36:00
CONS-00588,LOT-0284,MAT-C4-0917-01,COMP-C4,200,2026-10-08T19:36:00
CONS-00589,LOT-0285,MAT-C1-0917-01,COMP-C1,400,2026-10-08T06:00:00
CONS-00590,LOT-0285,MAT-C3-0917-01,COMP-C3,200,2026-10-08T06:00:00
CONS-00591,LOT-0286,MAT-C1-0917-01,COMP-C1,300,2026-10-08T14:48:00
CONS-00592,LOT-0286,MAT-C4-0917-01,COMP-C4,400,2026-10-08T14:48:00
CONS-00593,LOT-0287,MAT-C2-0917-01,COMP-C2,200,2026-10-08T07:36:00
CONS-00594,LOT-0287,MAT-C6-0917-01,COMP-C6,800,2026-10-08T07:36:00
CONS-00595,LOT-0288,MAT-C2-0917-01,COMP-C2,400,2026-10-08T16:24:00
CONS-00596,LOT-0288,MAT-C4-0917-01,COMP-C4,200,2026-10-08T16:24:00
CONS-00597,LOT-0289,MAT-C1-0917-01,COMP-C1,400,2026-10-09T06:00:00
CONS-00598,LOT-0289,MAT-C3-0917-01,COMP-C3,200,2026-10-09T06:00:00
CONS-00599,LOT-0290,MAT-C1-0917-01,COMP-C1,300,2026-10-09T14:48:00
CONS-00600,LOT-0290,MAT-C4-0917-01,COMP-C4,400,2026-10-09T14:48:00
CONS-00601,LOT-0291,MAT-C2-0917-01,COMP-C2,200,2026-10-09T07:36:00
CONS-00602,LOT-0291,MAT-C6-0917-01,COMP-C6,800,2026-10-09T07:36:00
CONS-00603,LOT-0292,MAT-C2-0917-01,COMP-C2,400,2026-10-09T16:24:00
CONS-00604,LOT-0292,MAT-C4-0917-01,COMP-C4,200,2026-10-09T16:24:00
CONS-00605,LOT-0293,MAT-C1-0917-01,COMP-C1,400,2026-10-09T09:12:00
CONS-00606,LOT-0293,MAT-C3-0917-01,COMP-C3,200,2026-10-09T09:12:00
CONS-00607,LOT-0294,MAT-C1-0917-01,COMP-C1,300,2026-10-09T18:00:00
CONS-00608,LOT-0294,MAT-C4-0917-01,COMP-C4,400,2026-10-09T18:00:00
CONS-00609,LOT-0295,MAT-C2-0917-01,COMP-C2,200,2026-10-09T10:48:00
CONS-00610,LOT-0295,MAT-C6-0917-01,COMP-C6,800,2026-10-09T10:48:00
CONS-00611,LOT-0296,MAT-C2-0917-01,COMP-C2,400,2026-10-09T19:36:00
CONS-00612,LOT-0296,MAT-C4-0917-01,COMP-C4,200,2026-10-09T19:36:00
CONS-00613,LOT-0297,MAT-C1-0917-01,COMP-C1,400,2026-10-09T06:00:00
CONS-00614,LOT-0297,MAT-C3-0917-01,COMP-C3,200,2026-10-09T06:00:00
CONS-00615,LOT-0298,MAT-C1-0917-01,COMP-C1,300,2026-10-09T14:48:00
CONS-00616,LOT-0298,MAT-C4-0917-01,COMP-C4,400,2026-10-09T14:48:00
CONS-00617,LOT-0299,MAT-C2-0917-01,COMP-C2,200,2026-10-09T07:36:00
CONS-00618,LOT-0299,MAT-C6-0917-01,COMP-C6,800,2026-10-09T07:36:00
CONS-00619,LOT-0300,MAT-C2-0917-01,COMP-C2,400,2026-10-09T16:24:00
CONS-00620,LOT-0300,MAT-C4-0917-01,COMP-C4,200,2026-10-09T16:24:00
CONS-00621,LOT-0301,MAT-C1-0917-01,COMP-C1,400,2026-10-09T09:12:00
CONS-00622,LOT-0301,MAT-C3-0917-01,COMP-C3,200,2026-10-09T09:12:00
CONS-00623,LOT-0302,MAT-C1-0917-01,COMP-C1,300,2026-10-09T18:00:00
CONS-00624,LOT-0302,MAT-C4-0917-01,COMP-C4,400,2026-10-09T18:00:00
CONS-00625,LOT-0303,MAT-C2-0917-01,COMP-C2,200,2026-10-09T10:48:00
CONS-00626,LOT-0303,MAT-C6-0917-01,COMP-C6,800,2026-10-09T10:48:00
CONS-00627,LOT-0304,MAT-C2-0917-01,COMP-C2,400,2026-10-09T19:36:00
CONS-00628,LOT-0304,MAT-C4-0917-01,COMP-C4,200,2026-10-09T19:36:00
CONS-00629,LOT-0305,MAT-C1-0917-01,COMP-C1,400,2026-10-09T06:00:00
CONS-00630,LOT-0305,MAT-C3-0917-01,COMP-C3,200,2026-10-09T06:00:00
CONS-00631,LOT-0306,MAT-C1-0917-01,COMP-C1,300,2026-10-09T14:48:00
CONS-00632,LOT-0306,MAT-C4-0917-01,COMP-C4,400,2026-10-09T14:48:00
CONS-00633,LOT-0307,MAT-C2-0917-01,COMP-C2,200,2026-10-09T07:36:00
CONS-00634,LOT-0307,MAT-C6-0917-01,COMP-C6,800,2026-10-09T07:36:00
CONS-00635,LOT-0308,MAT-C2-0917-01,COMP-C2,400,2026-10-09T16:24:00
CONS-00636,LOT-0308,MAT-C4-0917-01,COMP-C4,200,2026-10-09T16:24:00
CONS-00637,LOT-0309,MAT-C1-0917-01,COMP-C1,400,2026-10-09T09:12:00
CONS-00638,LOT-0309,MAT-C3-0917-01,COMP-C3,200,2026-10-09T09:12:00
CONS-00639,LOT-0310,MAT-C1-0917-01,COMP-C1,300,2026-10-09T18:00:00
CONS-00640,LOT-0310,MAT-C4-0917-01,COMP-C4,400,2026-10-09T18:00:00
CONS-00641,LOT-0311,MAT-C2-0917-01,COMP-C2,200,2026-10-09T10:48:00
CONS-00642,LOT-0311,MAT-C6-0917-01,COMP-C6,800,2026-10-09T10:48:00
CONS-00643,LOT-0312,MAT-C2-0917-01,COMP-C2,400,2026-10-09T19:36:00
CONS-00644,LOT-0312,MAT-C4-0917-01,COMP-C4,200,2026-10-09T19:36:00
CONS-00645,LOT-0313,MAT-C1-0917-01,COMP-C1,400,2026-10-09T06:00:00
CONS-00646,LOT-0313,MAT-C3-0917-01,COMP-C3,200,2026-10-09T06:00:00
CONS-00647,LOT-0314,MAT-C1-0917-01,COMP-C1,300,2026-10-09T14:48:00
CONS-00648,LOT-0314,MAT-C4-0917-01,COMP-C4,400,2026-10-09T14:48:00
CONS-00649,LOT-0315,MAT-C2-0917-01,COMP-C2,200,2026-10-09T07:36:00
CONS-00650,LOT-0315,MAT-C6-0917-01,COMP-C6,800,2026-10-09T07:36:00
CONS-00651,LOT-0316,MAT-C2-0917-01,COMP-C2,400,2026-10-09T16:24:00
CONS-00652,LOT-0316,MAT-C4-0917-01,COMP-C4,200,2026-10-09T16:24:00
CONS-00653,LOT-0317,MAT-C1-0917-01,COMP-C1,400,2026-10-10T06:00:00
CONS-00654,LOT-0317,MAT-C3-0917-01,COMP-C3,200,2026-10-10T06:00:00
CONS-00655,LOT-0318,MAT-C1-0917-01,COMP-C1,300,2026-10-10T14:48:00
CONS-00656,LOT-0318,MAT-C4-0917-01,COMP-C4,400,2026-10-10T14:48:00
CONS-00657,LOT-0319,MAT-C2-0917-01,COMP-C2,200,2026-10-10T07:36:00
CONS-00658,LOT-0319,MAT-C6-0917-01,COMP-C6,800,2026-10-10T07:36:00
CONS-00659,LOT-0320,MAT-C2-0917-01,COMP-C2,400,2026-10-10T16:24:00
CONS-00660,LOT-0320,MAT-C4-0917-01,COMP-C4,200,2026-10-10T16:24:00
CONS-00661,LOT-0321,MAT-C1-0917-01,COMP-C1,400,2026-10-10T09:12:00
CONS-00662,LOT-0321,MAT-C3-0917-01,COMP-C3,200,2026-10-10T09:12:00
CONS-00663,LOT-0322,MAT-C1-0917-01,COMP-C1,300,2026-10-10T18:00:00
CONS-00664,LOT-0322,MAT-C4-0917-01,COMP-C4,400,2026-10-10T18:00:00
CONS-00665,LOT-0323,MAT-C2-0917-01,COMP-C2,200,2026-10-10T10:48:00
CONS-00666,LOT-0323,MAT-C6-0917-01,COMP-C6,800,2026-10-10T10:48:00
CONS-00667,LOT-0324,MAT-C2-0917-01,COMP-C2,400,2026-10-10T19:36:00
CONS-00668,LOT-0324,MAT-C4-0917-01,COMP-C4,200,2026-10-10T19:36:00
CONS-00669,LOT-0325,MAT-C1-0917-01,COMP-C1,400,2026-10-10T06:00:00
CONS-00670,LOT-0325,MAT-C3-0917-01,COMP-C3,200,2026-10-10T06:00:00
CONS-00671,LOT-0326,MAT-C1-0917-01,COMP-C1,300,2026-10-10T14:48:00
CONS-00672,LOT-0326,MAT-C4-0917-01,COMP-C4,400,2026-10-10T14:48:00
CONS-00673,LOT-0327,MAT-C2-0917-01,COMP-C2,200,2026-10-10T07:36:00
CONS-00674,LOT-0327,MAT-C6-0917-01,COMP-C6,800,2026-10-10T07:36:00
CONS-00675,LOT-0328,MAT-C2-0917-01,COMP-C2,400,2026-10-10T16:24:00
CONS-00676,LOT-0328,MAT-C4-0917-01,COMP-C4,200,2026-10-10T16:24:00
CONS-00677,LOT-0329,MAT-C1-0917-01,COMP-C1,400,2026-10-10T09:12:00
CONS-00678,LOT-0329,MAT-C3-0917-01,COMP-C3,200,2026-10-10T09:12:00
CONS-00679,LOT-0330,MAT-C1-0917-01,COMP-C1,300,2026-10-10T18:00:00
CONS-00680,LOT-0330,MAT-C4-0917-01,COMP-C4,400,2026-10-10T18:00:00
CONS-00681,LOT-0331,MAT-C2-0917-01,COMP-C2,200,2026-10-10T10:48:00
CONS-00682,LOT-0331,MAT-C6-0917-01,COMP-C6,800,2026-10-10T10:48:00
CONS-00683,LOT-0332,MAT-C2-0917-01,COMP-C2,400,2026-10-10T19:36:00
CONS-00684,LOT-0332,MAT-C4-0917-01,COMP-C4,200,2026-10-10T19:36:00
CONS-00685,LOT-0333,MAT-C1-0917-01,COMP-C1,400,2026-10-10T06:00:00
CONS-00686,LOT-0333,MAT-C3-0917-01,COMP-C3,200,2026-10-10T06:00:00
CONS-00687,LOT-0334,MAT-C1-0917-01,COMP-C1,300,2026-10-10T14:48:00
CONS-00688,LOT-0334,MAT-C4-0917-01,COMP-C4,400,2026-10-10T14:48:00
CONS-00689,LOT-0335,MAT-C2-0917-01,COMP-C2,200,2026-10-10T07:36:00
CONS-00690,LOT-0335,MAT-C6-0917-01,COMP-C6,800,2026-10-10T07:36:00
CONS-00691,LOT-0336,MAT-C2-0917-01,COMP-C2,400,2026-10-10T16:24:00
CONS-00692,LOT-0336,MAT-C4-0917-01,COMP-C4,200,2026-10-10T16:24:00
CONS-00693,LOT-0337,MAT-C1-0917-01,COMP-C1,400,2026-10-10T09:12:00
CONS-00694,LOT-0337,MAT-C3-0917-01,COMP-C3,200,2026-10-10T09:12:00
CONS-00695,LOT-0338,MAT-C1-0917-01,COMP-C1,300,2026-10-10T18:00:00
CONS-00696,LOT-0338,MAT-C4-0917-01,COMP-C4,400,2026-10-10T18:00:00
CONS-00697,LOT-0339,MAT-C2-0917-01,COMP-C2,200,2026-10-10T10:48:00
CONS-00698,LOT-0339,MAT-C6-0917-01,COMP-C6,800,2026-10-10T10:48:00
CONS-00699,LOT-0340,MAT-C2-0917-01,COMP-C2,400,2026-10-10T19:36:00
CONS-00700,LOT-0340,MAT-C4-0917-01,COMP-C4,200,2026-10-10T19:36:00
CONS-00701,LOT-0341,MAT-C1-0917-01,COMP-C1,400,2026-10-10T06:00:00
CONS-00702,LOT-0341,MAT-C3-0917-01,COMP-C3,200,2026-10-10T06:00:00
CONS-00703,LOT-0342,MAT-C1-0917-01,COMP-C1,300,2026-10-10T14:48:00
CONS-00704,LOT-0342,MAT-C4-0917-01,COMP-C4,400,2026-10-10T14:48:00
CONS-00705,LOT-0343,MAT-C2-0917-01,COMP-C2,200,2026-10-10T07:36:00
CONS-00706,LOT-0343,MAT-C6-0917-01,COMP-C6,800,2026-10-10T07:36:00
CONS-00707,LOT-0344,MAT-C2-0917-01,COMP-C2,400,2026-10-10T16:24:00
CONS-00708,LOT-0344,MAT-C4-0917-01,COMP-C4,200,2026-10-10T16:24:00
CONS-00709,LOT-0345,MAT-C1-0917-01,COMP-C1,400,2026-10-11T06:00:00
CONS-00710,LOT-0345,MAT-C3-0917-01,COMP-C3,200,2026-10-11T06:00:00
CONS-00711,LOT-0346,MAT-C1-0917-01,COMP-C1,300,2026-10-11T14:48:00
CONS-00712,LOT-0346,MAT-C4-0917-01,COMP-C4,400,2026-10-11T14:48:00
CONS-00713,LOT-0347,MAT-C2-0917-01,COMP-C2,200,2026-10-11T07:36:00
CONS-00714,LOT-0347,MAT-C6-0917-01,COMP-C6,800,2026-10-11T07:36:00
CONS-00715,LOT-0348,MAT-C2-0917-01,COMP-C2,400,2026-10-11T16:24:00
CONS-00716,LOT-0348,MAT-C4-0917-01,COMP-C4,200,2026-10-11T16:24:00
CONS-00717,LOT-0349,MAT-C1-0917-01,COMP-C1,400,2026-10-11T09:12:00
CONS-00718,LOT-0349,MAT-C3-0917-01,COMP-C3,200,2026-10-11T09:12:00
CONS-00719,LOT-0350,MAT-C1-0917-01,COMP-C1,300,2026-10-11T18:00:00
CONS-00720,LOT-0350,MAT-C4-0917-01,COMP-C4,400,2026-10-11T18:00:00
CONS-00721,LOT-0351,MAT-C2-0917-01,COMP-C2,200,2026-10-11T10:48:00
CONS-00722,LOT-0351,MAT-C6-0917-01,COMP-C6,800,2026-10-11T10:48:00
CONS-00723,LOT-0352,MAT-C2-0917-01,COMP-C2,400,2026-10-11T19:36:00
CONS-00724,LOT-0352,MAT-C4-0917-01,COMP-C4,200,2026-10-11T19:36:00
CONS-00725,LOT-0353,MAT-C1-0917-01,COMP-C1,400,2026-10-11T06:00:00
CONS-00726,LOT-0353,MAT-C3-0917-01,COMP-C3,200,2026-10-11T06:00:00
CONS-00727,LOT-0354,MAT-C1-0917-01,COMP-C1,300,2026-10-11T14:48:00
CONS-00728,LOT-0354,MAT-C4-0917-01,COMP-C4,400,2026-10-11T14:48:00
CONS-00729,LOT-0355,MAT-C2-0917-01,COMP-C2,200,2026-10-11T07:36:00
CONS-00730,LOT-0355,MAT-C6-0917-01,COMP-C6,800,2026-10-11T07:36:00
CONS-00731,LOT-0356,MAT-C2-0917-01,COMP-C2,400,2026-10-11T16:24:00
CONS-00732,LOT-0356,MAT-C4-0917-01,COMP-C4,200,2026-10-11T16:24:00
CONS-00733,LOT-0357,MAT-C1-0917-01,COMP-C1,400,2026-10-11T09:12:00
CONS-00734,LOT-0357,MAT-C3-0917-01,COMP-C3,200,2026-10-11T09:12:00
CONS-00735,LOT-0358,MAT-C1-0917-01,COMP-C1,300,2026-10-11T18:00:00
CONS-00736,LOT-0358,MAT-C4-0917-01,COMP-C4,400,2026-10-11T18:00:00
CONS-00737,LOT-0359,MAT-C2-0917-01,COMP-C2,200,2026-10-11T10:48:00
CONS-00738,LOT-0359,MAT-C6-0917-01,COMP-C6,800,2026-10-11T10:48:00
CONS-00739,LOT-0360,MAT-C2-0917-01,COMP-C2,400,2026-10-11T19:36:00
CONS-00740,LOT-0360,MAT-C4-0917-01,COMP-C4,200,2026-10-11T19:36:00
CONS-00741,LOT-0361,MAT-C1-0917-01,COMP-C1,400,2026-10-11T06:00:00
CONS-00742,LOT-0361,MAT-C3-0917-01,COMP-C3,200,2026-10-11T06:00:00
CONS-00743,LOT-0362,MAT-C1-0917-01,COMP-C1,300,2026-10-11T14:48:00
CONS-00744,LOT-0362,MAT-C4-0917-01,COMP-C4,400,2026-10-11T14:48:00
CONS-00745,LOT-0363,MAT-C2-0917-01,COMP-C2,200,2026-10-11T07:36:00
CONS-00746,LOT-0363,MAT-C6-0917-01,COMP-C6,800,2026-10-11T07:36:00
CONS-00747,LOT-0364,MAT-C2-0917-01,COMP-C2,400,2026-10-11T16:24:00
CONS-00748,LOT-0364,MAT-C4-0917-01,COMP-C4,200,2026-10-11T16:24:00
CONS-00749,LOT-0365,MAT-C1-0917-01,COMP-C1,400,2026-10-11T09:12:00
CONS-00750,LOT-0365,MAT-C3-0917-01,COMP-C3,200,2026-10-11T09:12:00
CONS-00751,LOT-0366,MAT-C1-0917-01,COMP-C1,300,2026-10-11T18:00:00
CONS-00752,LOT-0366,MAT-C4-0917-01,COMP-C4,400,2026-10-11T18:00:00
CONS-00753,LOT-0367,MAT-C2-0917-01,COMP-C2,200,2026-10-11T10:48:00
CONS-00754,LOT-0367,MAT-C6-0917-01,COMP-C6,800,2026-10-11T10:48:00
CONS-00755,LOT-0368,MAT-C2-0917-01,COMP-C2,400,2026-10-11T19:36:00
CONS-00756,LOT-0368,MAT-C4-0917-01,COMP-C4,200,2026-10-11T19:36:00
CONS-00757,LOT-0369,MAT-C1-0917-01,COMP-C1,400,2026-10-11T06:00:00
CONS-00758,LOT-0369,MAT-C3-0917-01,COMP-C3,200,2026-10-11T06:00:00
CONS-00759,LOT-0370,MAT-C1-0917-01,COMP-C1,300,2026-10-11T14:48:00
CONS-00760,LOT-0370,MAT-C4-0917-01,COMP-C4,400,2026-10-11T14:48:00
CONS-00761,LOT-0371,MAT-C2-0917-01,COMP-C2,200,2026-10-11T07:36:00
CONS-00762,LOT-0371,MAT-C6-0917-01,COMP-C6,800,2026-10-11T07:36:00
CONS-00763,LOT-0372,MAT-C2-0917-01,COMP-C2,400,2026-10-11T16:24:00
CONS-00764,LOT-0372,MAT-C4-0917-01,COMP-C4,200,2026-10-11T16:24:00
CONS-00765,LOT-0373,MAT-C1-0917-01,COMP-C1,400,2026-10-12T06:00:00
CONS-00766,LOT-0373,MAT-C3-0917-01,COMP-C3,200,2026-10-12T06:00:00
CONS-00767,LOT-0374,MAT-C1-0917-01,COMP-C1,300,2026-10-12T14:48:00
CONS-00768,LOT-0374,MAT-C4-0917-01,COMP-C4,400,2026-10-12T14:48:00
CONS-00769,LOT-0375,MAT-C2-0917-01,COMP-C2,200,2026-10-12T07:36:00
CONS-00770,LOT-0375,MAT-C6-0917-01,COMP-C6,800,2026-10-12T07:36:00
CONS-00771,LOT-0376,MAT-C2-0917-01,COMP-C2,400,2026-10-12T16:24:00
CONS-00772,LOT-0376,MAT-C4-0917-01,COMP-C4,200,2026-10-12T16:24:00
CONS-00773,LOT-0377,MAT-C1-0917-01,COMP-C1,400,2026-10-12T09:12:00
CONS-00774,LOT-0377,MAT-C3-0917-01,COMP-C3,200,2026-10-12T09:12:00
CONS-00775,LOT-0378,MAT-C1-0917-01,COMP-C1,300,2026-10-12T18:00:00
CONS-00776,LOT-0378,MAT-C4-0917-01,COMP-C4,400,2026-10-12T18:00:00
CONS-00777,LOT-0379,MAT-C2-0917-01,COMP-C2,200,2026-10-12T10:48:00
CONS-00778,LOT-0379,MAT-C6-0917-01,COMP-C6,800,2026-10-12T10:48:00
CONS-00779,LOT-0380,MAT-C2-0917-01,COMP-C2,400,2026-10-12T19:36:00
CONS-00780,LOT-0380,MAT-C4-0917-01,COMP-C4,200,2026-10-12T19:36:00
CONS-00781,LOT-0381,MAT-C1-0917-01,COMP-C1,400,2026-10-12T06:00:00
CONS-00782,LOT-0381,MAT-C3-0917-01,COMP-C3,200,2026-10-12T06:00:00
CONS-00783,LOT-0382,MAT-C1-0917-01,COMP-C1,300,2026-10-12T14:48:00
CONS-00784,LOT-0382,MAT-C4-0917-01,COMP-C4,400,2026-10-12T14:48:00
CONS-00785,LOT-0383,MAT-C2-0917-01,COMP-C2,200,2026-10-12T07:36:00
CONS-00786,LOT-0383,MAT-C6-0917-01,COMP-C6,800,2026-10-12T07:36:00
CONS-00787,LOT-0384,MAT-C2-0917-01,COMP-C2,400,2026-10-12T16:24:00
CONS-00788,LOT-0384,MAT-C4-0917-01,COMP-C4,200,2026-10-12T16:24:00
CONS-00789,LOT-0385,MAT-C1-0917-01,COMP-C1,400,2026-10-12T09:12:00
CONS-00790,LOT-0385,MAT-C3-0917-01,COMP-C3,200,2026-10-12T09:12:00
CONS-00791,LOT-0386,MAT-C1-0917-01,COMP-C1,300,2026-10-12T18:00:00
CONS-00792,LOT-0386,MAT-C4-0917-01,COMP-C4,400,2026-10-12T18:00:00
CONS-00793,LOT-0387,MAT-C2-0917-01,COMP-C2,200,2026-10-12T10:48:00
CONS-00794,LOT-0387,MAT-C6-0917-01,COMP-C6,800,2026-10-12T10:48:00
CONS-00795,LOT-0388,MAT-C2-0917-01,COMP-C2,400,2026-10-12T19:36:00
CONS-00796,LOT-0388,MAT-C4-0917-01,COMP-C4,200,2026-10-12T19:36:00
CONS-00797,LOT-0389,MAT-C1-0917-01,COMP-C1,400,2026-10-12T06:00:00
CONS-00798,LOT-0389,MAT-C3-0917-01,COMP-C3,200,2026-10-12T06:00:00
CONS-00799,LOT-0390,MAT-C1-0917-01,COMP-C1,300,2026-10-12T14:48:00
CONS-00800,LOT-0390,MAT-C4-0917-01,COMP-C4,400,2026-10-12T14:48:00
CONS-00801,LOT-0391,MAT-C2-0917-01,COMP-C2,200,2026-10-12T07:36:00
CONS-00802,LOT-0391,MAT-C6-0917-01,COMP-C6,800,2026-10-12T07:36:00
CONS-00803,LOT-0392,MAT-C2-0917-01,COMP-C2,400,2026-10-12T16:24:00
CONS-00804,LOT-0392,MAT-C4-0917-01,COMP-C4,200,2026-10-12T16:24:00
CONS-00805,LOT-0393,MAT-C1-0917-01,COMP-C1,400,2026-10-12T09:12:00
CONS-00806,LOT-0393,MAT-C3-0917-01,COMP-C3,200,2026-10-12T09:12:00
CONS-00807,LOT-0394,MAT-C1-0917-01,COMP-C1,300,2026-10-12T18:00:00
CONS-00808,LOT-0394,MAT-C4-0917-01,COMP-C4,400,2026-10-12T18:00:00
CONS-00809,LOT-0395,MAT-C2-0917-01,COMP-C2,200,2026-10-12T10:48:00
CONS-00810,LOT-0395,MAT-C6-0917-01,COMP-C6,800,2026-10-12T10:48:00
CONS-00811,LOT-0396,MAT-C2-0917-01,COMP-C2,400,2026-10-12T19:36:00
CONS-00812,LOT-0396,MAT-C4-0917-01,COMP-C4,200,2026-10-12T19:36:00
CONS-00813,LOT-0397,MAT-C1-0917-01,COMP-C1,400,2026-10-12T06:00:00
CONS-00814,LOT-0397,MAT-C3-0917-01,COMP-C3,200,2026-10-12T06:00:00
CONS-00815,LOT-0398,MAT-C1-0917-01,COMP-C1,300,2026-10-12T14:48:00
CONS-00816,LOT-0398,MAT-C4-0917-01,COMP-C4,400,2026-10-12T14:48:00
CONS-00817,LOT-0399,MAT-C2-0917-01,COMP-C2,200,2026-10-12T07:36:00
CONS-00818,LOT-0399,MAT-C6-0917-01,COMP-C6,800,2026-10-12T07:36:00
CONS-00819,LOT-0400,MAT-C2-0917-01,COMP-C2,400,2026-10-12T16:24:00
CONS-00820,LOT-0400,MAT-C4-0917-01,COMP-C4,200,2026-10-12T16:24:00
