cap_id,station_id,characteristic,cap_date,n_sample,mean,std_dev,cp,cpk,trend_signal,dn7_alert
CAP-00001,STN-M1,Đường kính trục,2026-09-29,30,12.46,0.031,1.5,1.48,STABLE,NORMAL
CAP-00002,STN-M1,Đường kính trục,2026-09-30,30,12.46,0.031,1.5,1.4,STABLE,NORMAL
CAP-00003,STN-M1,Đường kính trục,2026-10-01,30,12.46,0.031,1.5,1.32,STABLE,NORMAL
CAP-00004,STN-M1,Đường kính trục,2026-10-02,30,12.46,0.031,1.5,1.24,STABLE,NORMAL
CAP-00005,STN-M1,Đường kính trục,2026-10-03,30,12.46,0.031,1.5,1.16,STABLE,NORMAL
CAP-00006,STN-M1,Đường kính trục,2026-10-04,30,12.46,0.031,1.5,1.08,STABLE,NORMAL
CAP-00007,STN-M1,Đường kính trục,2026-10-05,30,12.46,0.031,1.5,1.0,DECLINING,WARNING
CAP-00008,STN-M1,Đường kính trục,2026-10-06,30,12.46,0.031,1.5,0.92,DECLINING,WARNING
CAP-00009,STN-M1,Đường kính trục,2026-10-07,30,12.46,0.031,1.5,0.84,DECLINING,WARNING
CAP-00010,STN-M1,Đường kính trục,2026-10-08,30,12.46,0.031,1.5,0.76,DECLINING,WARNING
CAP-00011,STN-M1,Đường kính trục,2026-10-09,30,12.46,0.031,1.5,0.68,DECLINING,WARNING
CAP-00012,STN-M1,Đường kính trục,2026-10-10,30,12.46,0.031,1.5,0.68,DECLINING,WARNING
CAP-00013,STN-M1,Đường kính trục,2026-10-11,30,12.46,0.031,1.5,0.68,DECLINING,WARNING
CAP-00014,STN-M1,Đường kính trục,2026-10-12,30,12.46,0.031,1.5,0.68,DECLINING,WARNING
