qc_id,lot_id,station_id,test_type,characteristic,value,lsl,usl,result,ng_code,measured_time,spc_nelson_rule,cpk_trend,dn7_flag
QC-00001,LOT-0001,STN-T1,AUTO,Đường kính trục,12.47,12.3,12.6,OK,,2026-09-29T09:00:00,IN_CONTROL,STABLE,NORMAL
QC-00002,LOT-0001,STN-LAB,SAMPLE,Lực ép,187.9,170.0,230.0,OK,,2026-09-29T09:30:00,IN_CONTROL,STABLE,NORMAL
QC-00003,LOT-0002,STN-T1,AUTO,Đường kính trục,12.47,12.3,12.6,OK,,2026-09-29T17:48:00,IN_CONTROL,STABLE,NORMAL
QC-00004,LOT-0002,STN-LAB,SAMPLE,Lực ép,187.9,170.0,230.0,OK,,2026-09-29T18:18:00,IN_CONTROL,STABLE,NORMAL
QC-00005,LOT-0003,STN-T1,AUTO,Đường kính trục,12.47,12.3,12.6,OK,,2026-09-29T10:36:00,IN_CONTROL,STABLE,NORMAL
QC-00006,LOT-0003,STN-LAB,SAMPLE,Lực ép,187.9,170.0,230.0,OK,,2026-09-29T11:06:00,IN_CONTROL,STABLE,NORMAL
QC-00007,LOT-0004,STN-T1,AUTO,Đường kính trục,12.47,12.3,12.6,OK,,2026-09-29T19:24:00,IN_CONTROL,STABLE,NORMAL
QC-00008,LOT-0004,STN-LAB,SAMPLE,Lực ép,187.9,170.0,230.0,OK,,2026-09-29T19:54:00,IN_CONTROL,STABLE,NORMAL
QC-00009,LOT-0005,STN-T1,AUTO,Đường kính trục,12.47,12.3,12.6,OK,,2026-09-29T12:12:00,IN_CONTROL,STABLE,NORMAL
QC-00010,LOT-0005,STN-LAB,SAMPLE,Lực ép,187.9,170.0,230.0,OK,,2026-09-29T12:42:00,IN_CONTROL,STABLE,NORMAL
QC-00011,LOT-0006,STN-T1,AUTO,Đường kính trục,12.47,12.3,12.6,OK,,2026-09-29T21:00:00,IN_CONTROL,STABLE,NORMAL
QC-00012,LOT-0006,STN-LAB,SAMPLE,Lực ép,187.9,170.0,230.0,OK,,2026-09-29T21:30:00,IN_CONTROL,STABLE,NORMAL
QC-00013,LOT-0007,STN-T1,AUTO,Đường kính trục,12.47,12.3,12.6,OK,,2026-09-29T13:48:00,IN_CONTROL,STABLE,NORMAL
QC-00014,LOT-0007,STN-LAB,SAMPLE,Lực ép,187.9,170.0,230.0,OK,,2026-09-29T14:18:00,IN_CONTROL,STABLE,NORMAL
QC-00015,LOT-0008,STN-T1,AUTO,Đường kính trục,12.47,12.3,12.6,OK,,2026-09-29T22:36:00,IN_CONTROL,STABLE,NORMAL
QC-00016,LOT-0008,STN-LAB,SAMPLE,Lực ép,187.9,170.0,230.0,OK,,2026-09-29T23:06:00,IN_CONTROL,STABLE,NORMAL
QC-00017,LOT-0009,STN-T1,AUTO,Đường kính trục,12.47,12.3,12.6,OK,,2026-09-29T09:00:00,IN_CONTROL,STABLE,NORMAL
QC-00018,LOT-0009,STN-LAB,SAMPLE,Lực ép,187.9,170.0,230.0,OK,,2026-09-29T09:30:00,IN_CONTROL,STABLE,NORMAL
QC-00019,LOT-0010,STN-T1,AUTO,Đường kính trục,12.47,12.3,12.6,OK,,2026-09-29T17:48:00,IN_CONTROL,STABLE,NORMAL
QC-00020,LOT-0010,STN-LAB,SAMPLE,Lực ép,187.9,170.0,230.0,OK,,2026-09-29T18:18:00,IN_CONTROL,STABLE,NORMAL
QC-00021,LOT-0011,STN-T1,AUTO,Đường kính trục,12.47,12.3,12.6,OK,,2026-09-29T10:36:00,IN_CONTROL,STABLE,NORMAL
QC-00022,LOT-0011,STN-LAB,SAMPLE,Lực ép,187.9,170.0,230.0,OK,,2026-09-29T11:06:00,IN_CONTROL,STABLE,NORMAL
QC-00023,LOT-0012,STN-T1,AUTO,Đường kính trục,12.47,12.3,12.6,OK,,2026-09-29T19:24:00,IN_CONTROL,STABLE,NORMAL
QC-00024,LOT-0012,STN-LAB,SAMPLE,Lực ép,187.9,170.0,230.0,OK,,2026-09-29T19:54:00,IN_CONTROL,STABLE,NORMAL
QC-00025,LOT-0013,STN-T1,AUTO,Đường kính trục,12.47,12.3,12.6,OK,,2026-09-29T12:12:00,IN_CONTROL,STABLE,NORMAL
QC-00026,LOT-0013,STN-LAB,SAMPLE,Lực ép,187.9,170.0,230.0,OK,,2026-09-29T12:42:00,IN_CONTROL,STABLE,NORMAL
QC-00027,LOT-0014,STN-T1,AUTO,Đường kính trục,12.47,12.3,12.6,OK,,2026-09-29T21:00:00,IN_CONTROL,STABLE,NORMAL
QC-00028,LOT-0014,STN-LAB,SAMPLE,Lực ép,187.9,170.0,230.0,OK,,2026-09-29T21:30:00,IN_CONTROL,STABLE,NORMAL
QC-00029,LOT-0015,STN-T1,AUTO,Đường kính trục,12.47,12.3,12.6,OK,,2026-09-29T13:48:00,IN_CONTROL,STABLE,NORMAL
QC-00030,LOT-0015,STN-LAB,SAMPLE,Lực ép,187.9,170.0,230.0,OK,,2026-09-29T14:18:00,IN_CONTROL,STABLE,NORMAL
QC-00031,LOT-0016,STN-T1,AUTO,Đường kính trục,12.47,12.3,12.6,OK,,2026-09-29T22:36:00,IN_CONTROL,STABLE,NORMAL
QC-00032,LOT-0016,STN-LAB,SAMPLE,Lực ép,187.9,170.0,230.0,OK,,2026-09-29T23:06:00,IN_CONTROL,STABLE,NORMAL
QC-00033,LOT-0017,STN-T1,AUTO,Đường kính trục,12.47,12.3,12.6,OK,,2026-09-29T09:00:00,IN_CONTROL,STABLE,NORMAL
QC-00034,LOT-0017,STN-LAB,SAMPLE,Lực ép,187.9,170.0,230.0,OK,,2026-09-29T09:30:00,IN_CONTROL,STABLE,NORMAL
QC-00035,LOT-0018,STN-T1,AUTO,Đường kính trục,12.47,12.3,12.6,OK,,2026-09-29T17:48:00,IN_CONTROL,STABLE,NORMAL
QC-00036,LOT-0018,STN-LAB,SAMPLE,Lực ép,187.9,170.0,230.0,OK,,2026-09-29T18:18:00,IN_CONTROL,STABLE,NORMAL
QC-00037,LOT-0019,STN-T1,AUTO,Đường kính trục,12.47,12.3,12.6,OK,,2026-09-29T10:36:00,IN_CONTROL,STABLE,NORMAL
QC-00038,LOT-0019,STN-LAB,SAMPLE,Lực ép,187.9,170.0,230.0,OK,,2026-09-29T11:06:00,IN_CONTROL,STABLE,NORMAL
QC-00039,LOT-0020,STN-T1,AUTO,Đường kính trục,12.47,12.3,12.6,OK,,2026-09-29T19:24:00,IN_CONTROL,STABLE,NORMAL
QC-00040,LOT-0020,STN-LAB,SAMPLE,Lực ép,187.9,170.0,230.0,OK,,2026-09-29T19:54:00,IN_CONTROL,STABLE,NORMAL
QC-00041,LOT-0021,STN-T1,AUTO,Đường kính trục,12.47,12.3,12.6,OK,,2026-09-29T12:12:00,IN_CONTROL,STABLE,NORMAL
QC-00042,LOT-0021,STN-LAB,SAMPLE,Lực ép,187.9,170.0,230.0,OK,,2026-09-29T12:42:00,IN_CONTROL,STABLE,NORMAL
QC-00043,LOT-0022,STN-T1,AUTO,Đường kính trục,12.47,12.3,12.6,OK,,2026-09-29T21:00:00,IN_CONTROL,STABLE,NORMAL
QC-00044,LOT-0022,STN-LAB,SAMPLE,Lực ép,187.9,170.0,230.0,OK,,2026-09-29T21:30:00,IN_CONTROL,STABLE,NORMAL
QC-00045,LOT-0023,STN-T1,AUTO,Đường kính trục,12.47,12.3,12.6,OK,,2026-09-29T13:48:00,IN_CONTROL,STABLE,NORMAL
QC-00046,LOT-0023,STN-LAB,SAMPLE,Lực ép,187.9,170.0,230.0,OK,,2026-09-29T14:18:00,IN_CONTROL,STABLE,NORMAL
QC-00047,LOT-0024,STN-T1,AUTO,Đường kính trục,12.47,12.3,12.6,OK,,2026-09-29T22:36:00,IN_CONTROL,STABLE,NORMAL
QC-00048,LOT-0024,STN-LAB,SAMPLE,Lực ép,187.9,170.0,230.0,OK,,2026-09-29T23:06:00,IN_CONTROL,STABLE,NORMAL
QC-00049,LOT-0025,STN-T1,AUTO,Đường kính trục,12.47,12.3,12.6,OK,,2026-09-29T09:00:00,IN_CONTROL,STABLE,NORMAL
QC-00050,LOT-0025,STN-LAB,SAMPLE,Lực ép,187.9,170.0,230.0,OK,,2026-09-29T09:30:00,IN_CONTROL,STABLE,NORMAL
QC-00051,LOT-0026,STN-T1,AUTO,Đường kính trục,12.47,12.3,12.6,OK,,2026-09-29T17:48:00,IN_CONTROL,STABLE,NORMAL
QC-00052,LOT-0026,STN-LAB,SAMPLE,Lực ép,187.9,170.0,230.0,OK,,2026-09-29T18:18:00,IN_CONTROL,STABLE,NORMAL
QC-00053,LOT-0027,STN-T1,AUTO,Đường kính trục,12.47,12.3,12.6,OK,,2026-09-29T10:36:00,IN_CONTROL,STABLE,NORMAL
QC-00054,LOT-0027,STN-LAB,SAMPLE,Lực ép,187.9,170.0,230.0,OK,,2026-09-29T11:06:00,IN_CONTROL,STABLE,NORMAL
QC-00055,LOT-0028,STN-T1,AUTO,Đường kính trục,12.47,12.3,12.6,OK,,2026-09-29T19:24:00,IN_CONTROL,STABLE,NORMAL
QC-00056,LOT-0028,STN-LAB,SAMPLE,Lực ép,187.9,170.0,230.0,OK,,2026-09-29T19:54:00,IN_CONTROL,STABLE,NORMAL
QC-00057,LOT-0029,STN-T1,AUTO,Đường kính trục,12.47,12.3,12.6,OK,,2026-09-29T12:12:00,IN_CONTROL,STABLE,NORMAL
QC-00058,LOT-0029,STN-LAB,SAMPLE,Lực ép,187.9,170.0,230.0,OK,,2026-09-29T12:42:00,IN_CONTROL,STABLE,NORMAL
QC-00059,LOT-0030,STN-T1,AUTO,Đường kính trục,12.47,12.3,12.6,OK,,2026-09-30T09:00:00,IN_CONTROL,STABLE,NORMAL
QC-00060,LOT-0030,STN-LAB,SAMPLE,Lực ép,187.9,170.0,230.0,OK,,2026-09-30T09:30:00,IN_CONTROL,STABLE,NORMAL
QC-00061,LOT-0031,STN-T1,AUTO,Đường kính trục,12.47,12.3,12.6,OK,,2026-09-30T17:48:00,IN_CONTROL,STABLE,NORMAL
QC-00062,LOT-0031,STN-LAB,SAMPLE,Lực ép,187.9,170.0,230.0,OK,,2026-09-30T18:18:00,IN_CONTROL,STABLE,NORMAL
QC-00063,LOT-0032,STN-T1,AUTO,Đường kính trục,12.47,12.3,12.6,OK,,2026-09-30T10:36:00,IN_CONTROL,STABLE,NORMAL
QC-00064,LOT-0032,STN-LAB,SAMPLE,Lực ép,187.9,170.0,230.0,OK,,2026-09-30T11:06:00,IN_CONTROL,STABLE,NORMAL
QC-00065,LOT-0033,STN-T1,AUTO,Đường kính trục,12.47,12.3,12.6,OK,,2026-09-30T19:24:00,IN_CONTROL,STABLE,NORMAL
QC-00066,LOT-0033,STN-LAB,SAMPLE,Lực ép,187.9,170.0,230.0,OK,,2026-09-30T19:54:00,IN_CONTROL,STABLE,NORMAL
QC-00067,LOT-0034,STN-T1,AUTO,Đường kính trục,12.47,12.3,12.6,OK,,2026-09-30T12:12:00,IN_CONTROL,STABLE,NORMAL
QC-00068,LOT-0034,STN-LAB,SAMPLE,Lực ép,187.9,170.0,230.0,OK,,2026-09-30T12:42:00,IN_CONTROL,STABLE,NORMAL
QC-00069,LOT-0035,STN-T1,AUTO,Đường kính trục,12.47,12.3,12.6,OK,,2026-09-30T21:00:00,IN_CONTROL,STABLE,NORMAL
QC-00070,LOT-0035,STN-LAB,SAMPLE,Lực ép,187.9,170.0,230.0,OK,,2026-09-30T21:30:00,IN_CONTROL,STABLE,NORMAL
QC-00071,LOT-0036,STN-T1,AUTO,Đường kính trục,12.47,12.3,12.6,OK,,2026-09-30T13:48:00,IN_CONTROL,STABLE,NORMAL
QC-00072,LOT-0036,STN-LAB,SAMPLE,Lực ép,187.9,170.0,230.0,OK,,2026-09-30T14:18:00,IN_CONTROL,STABLE,NORMAL
QC-00073,LOT-0037,STN-T1,AUTO,Đường kính trục,12.47,12.3,12.6,OK,,2026-09-30T22:36:00,IN_CONTROL,STABLE,NORMAL
QC-00074,LOT-0037,STN-LAB,SAMPLE,Lực ép,187.9,170.0,230.0,OK,,2026-09-30T23:06:00,IN_CONTROL,STABLE,NORMAL
QC-00075,LOT-0038,STN-T1,AUTO,Đường kính trục,12.47,12.3,12.6,OK,,2026-09-30T09:00:00,IN_CONTROL,STABLE,NORMAL
QC-00076,LOT-0038,STN-LAB,SAMPLE,Lực ép,187.9,170.0,230.0,OK,,2026-09-30T09:30:00,IN_CONTROL,STABLE,NORMAL
QC-00077,LOT-0039,STN-T1,AUTO,Đường kính trục,12.47,12.3,12.6,OK,,2026-09-30T17:48:00,IN_CONTROL,STABLE,NORMAL
QC-00078,LOT-0039,STN-LAB,SAMPLE,Lực ép,187.9,170.0,230.0,OK,,2026-09-30T18:18:00,IN_CONTROL,STABLE,NORMAL
QC-00079,LOT-0040,STN-T1,AUTO,Đường kính trục,12.47,12.3,12.6,OK,,2026-09-30T10:36:00,IN_CONTROL,STABLE,NORMAL
QC-00080,LOT-0040,STN-LAB,SAMPLE,Lực ép,187.9,170.0,230.0,OK,,2026-09-30T11:06:00,IN_CONTROL,STABLE,NORMAL
QC-00081,LOT-0041,STN-T1,AUTO,Đường kính trục,12.47,12.3,12.6,OK,,2026-09-30T19:24:00,IN_CONTROL,STABLE,NORMAL
QC-00082,LOT-0041,STN-LAB,SAMPLE,Lực ép,187.9,170.0,230.0,OK,,2026-09-30T19:54:00,IN_CONTROL,STABLE,NORMAL
QC-00083,LOT-0042,STN-T1,AUTO,Đường kính trục,12.47,12.3,12.6,OK,,2026-09-30T12:12:00,IN_CONTROL,STABLE,NORMAL
QC-00084,LOT-0042,STN-LAB,SAMPLE,Lực ép,187.9,170.0,230.0,OK,,2026-09-30T12:42:00,IN_CONTROL,STABLE,NORMAL
QC-00085,LOT-0043,STN-T1,AUTO,Đường kính trục,12.47,12.3,12.6,OK,,2026-09-30T21:00:00,IN_CONTROL,STABLE,NORMAL
QC-00086,LOT-0043,STN-LAB,SAMPLE,Lực ép,187.9,170.0,230.0,OK,,2026-09-30T21:30:00,IN_CONTROL,STABLE,NORMAL
QC-00087,LOT-0044,STN-T1,AUTO,Đường kính trục,12.47,12.3,12.6,OK,,2026-09-30T13:48:00,IN_CONTROL,STABLE,NORMAL
QC-00088,LOT-0044,STN-LAB,SAMPLE,Lực ép,187.9,170.0,230.0,OK,,2026-09-30T14:18:00,IN_CONTROL,STABLE,NORMAL
QC-00089,LOT-0045,STN-T1,AUTO,Đường kính trục,12.47,12.3,12.6,OK,,2026-09-30T22:36:00,IN_CONTROL,STABLE,NORMAL
QC-00090,LOT-0045,STN-LAB,SAMPLE,Lực ép,187.9,170.0,230.0,OK,,2026-09-30T23:06:00,IN_CONTROL,STABLE,NORMAL
QC-00091,LOT-0046,STN-T1,AUTO,Đường kính trục,12.47,12.3,12.6,OK,,2026-09-30T09:00:00,IN_CONTROL,STABLE,NORMAL
QC-00092,LOT-0046,STN-LAB,SAMPLE,Lực ép,187.9,170.0,230.0,OK,,2026-09-30T09:30:00,IN_CONTROL,STABLE,NORMAL
QC-00093,LOT-0047,STN-T1,AUTO,Đường kính trục,12.47,12.3,12.6,OK,,2026-09-30T17:48:00,IN_CONTROL,STABLE,NORMAL
QC-00094,LOT-0047,STN-LAB,SAMPLE,Lực ép,187.9,170.0,230.0,OK,,2026-09-30T18:18:00,IN_CONTROL,STABLE,NORMAL
QC-00095,LOT-0048,STN-T1,AUTO,Đường kính trục,12.47,12.3,12.6,OK,,2026-09-30T10:36:00,IN_CONTROL,STABLE,NORMAL
QC-00096,LOT-0048,STN-LAB,SAMPLE,Lực ép,187.9,170.0,230.0,OK,,2026-09-30T11:06:00,IN_CONTROL,STABLE,NORMAL
QC-00097,LOT-0049,STN-T1,AUTO,Đường kính trục,12.47,12.3,12.6,OK,,2026-09-30T19:24:00,IN_CONTROL,STABLE,NORMAL
QC-00098,LOT-0049,STN-LAB,SAMPLE,Lực ép,187.9,170.0,230.0,OK,,2026-09-30T19:54:00,IN_CONTROL,STABLE,NORMAL
QC-00099,LOT-0050,STN-T1,AUTO,Đường kính trục,12.47,12.3,12.6,OK,,2026-09-30T12:12:00,IN_CONTROL,STABLE,NORMAL
QC-00100,LOT-0050,STN-LAB,SAMPLE,Lực ép,187.9,170.0,230.0,OK,,2026-09-30T12:42:00,IN_CONTROL,STABLE,NORMAL
QC-00101,LOT-0051,STN-T1,AUTO,Đường kính trục,12.47,12.3,12.6,OK,,2026-09-30T21:00:00,IN_CONTROL,STABLE,NORMAL
QC-00102,LOT-0051,STN-LAB,SAMPLE,Lực ép,187.9,170.0,230.0,OK,,2026-09-30T21:30:00,IN_CONTROL,STABLE,NORMAL
QC-00103,LOT-0052,STN-T1,AUTO,Đường kính trục,12.47,12.3,12.6,OK,,2026-09-30T13:48:00,IN_CONTROL,STABLE,NORMAL
QC-00104,LOT-0052,STN-LAB,SAMPLE,Lực ép,187.9,170.0,230.0,OK,,2026-09-30T14:18:00,IN_CONTROL,STABLE,NORMAL
QC-00105,LOT-0053,STN-T1,AUTO,Đường kính trục,12.47,12.3,12.6,OK,,2026-09-30T22:36:00,IN_CONTROL,STABLE,NORMAL
QC-00106,LOT-0053,STN-LAB,SAMPLE,Lực ép,187.9,170.0,230.0,OK,,2026-09-30T23:06:00,IN_CONTROL,STABLE,NORMAL
QC-00107,LOT-0054,STN-T1,AUTO,Đường kính trục,12.47,12.3,12.6,OK,,2026-09-30T09:00:00,IN_CONTROL,STABLE,NORMAL
QC-00108,LOT-0054,STN-LAB,SAMPLE,Lực ép,187.9,170.0,230.0,OK,,2026-09-30T09:30:00,IN_CONTROL,STABLE,NORMAL
QC-00109,LOT-0055,STN-T1,AUTO,Đường kính trục,12.47,12.3,12.6,OK,,2026-09-30T17:48:00,IN_CONTROL,STABLE,NORMAL
QC-00110,LOT-0055,STN-LAB,SAMPLE,Lực ép,187.9,170.0,230.0,OK,,2026-09-30T18:18:00,IN_CONTROL,STABLE,NORMAL
QC-00111,LOT-0056,STN-T1,AUTO,Đường kính trục,12.47,12.3,12.6,OK,,2026-09-30T10:36:00,IN_CONTROL,STABLE,NORMAL
QC-00112,LOT-0056,STN-LAB,SAMPLE,Lực ép,187.9,170.0,230.0,OK,,2026-09-30T11:06:00,IN_CONTROL,STABLE,NORMAL
QC-00113,LOT-0057,STN-T1,AUTO,Đường kính trục,12.47,12.3,12.6,OK,,2026-09-30T19:24:00,IN_CONTROL,STABLE,NORMAL
QC-00114,LOT-0057,STN-LAB,SAMPLE,Lực ép,187.9,170.0,230.0,OK,,2026-09-30T19:54:00,IN_CONTROL,STABLE,NORMAL
QC-00115,LOT-0058,STN-T1,AUTO,Đường kính trục,12.47,12.3,12.6,OK,,2026-09-30T12:12:00,IN_CONTROL,STABLE,NORMAL
QC-00116,LOT-0058,STN-LAB,SAMPLE,Lực ép,187.9,170.0,230.0,OK,,2026-09-30T12:42:00,IN_CONTROL,STABLE,NORMAL
QC-00117,LOT-0401,STN-T1,AUTO,Đường kính trục,12.47,12.3,12.6,OK,,2026-09-30T13:00:00,IN_CONTROL,STABLE,NORMAL
QC-00118,LOT-0401,STN-LAB,SAMPLE,Lực ép,187.9,170.0,230.0,OK,,2026-09-30T13:30:00,IN_CONTROL,STABLE,NORMAL
QC-00119,LOT-0402,STN-T1,AUTO,Đường kính trục,12.47,12.3,12.6,OK,,2026-09-30T13:05:00,IN_CONTROL,STABLE,NORMAL
QC-00120,LOT-0402,STN-LAB,SAMPLE,Lực ép,187.9,170.0,230.0,OK,,2026-09-30T13:35:00,IN_CONTROL,STABLE,NORMAL
QC-00121,LOT-0403,STN-T1,AUTO,Đường kính trục,12.61,12.3,12.6,NG,NG-01,2026-09-30T13:10:00,NELSON_1,DECLINING,OUT_OF_SPEC
QC-00122,LOT-0403,STN-LAB,SAMPLE,Lực ép,187.9,170.0,230.0,OK,,2026-09-30T13:40:00,IN_CONTROL,STABLE,NORMAL
QC-00123,LOT-0404,STN-T1,AUTO,Đường kính trục,12.61,12.3,12.6,NG,NG-01,2026-09-30T13:15:00,NELSON_1,DECLINING,OUT_OF_SPEC
QC-00124,LOT-0404,STN-LAB,SAMPLE,Lực ép,187.9,170.0,230.0,OK,,2026-09-30T13:45:00,IN_CONTROL,STABLE,NORMAL
QC-00125,LOT-0405,STN-T1,AUTO,Đường kính trục,12.47,12.3,12.6,OK,,2026-09-30T13:20:00,IN_CONTROL,STABLE,NORMAL
QC-00126,LOT-0405,STN-LAB,SAMPLE,Lực ép,187.9,170.0,230.0,OK,,2026-09-30T13:50:00,IN_CONTROL,STABLE,NORMAL
QC-00127,LOT-2207,STN-T1,AUTO,Đường kính trục,12.47,12.3,12.6,OK,,2026-09-30T17:00:00,IN_CONTROL,STABLE,NORMAL
QC-00128,LOT-2207,STN-LAB,SAMPLE,Lực ép,187.9,170.0,230.0,OK,,2026-09-30T17:30:00,IN_CONTROL,STABLE,NORMAL
QC-00129,LOT-0059,STN-T1,AUTO,Đường kính trục,12.47,12.3,12.6,OK,,2026-10-01T09:00:00,IN_CONTROL,STABLE,NORMAL
QC-00130,LOT-0059,STN-LAB,SAMPLE,Lực ép,187.9,170.0,230.0,OK,,2026-10-01T09:30:00,IN_CONTROL,STABLE,NORMAL
QC-00131,LOT-0060,STN-T1,AUTO,Đường kính trục,12.47,12.3,12.6,OK,,2026-10-01T17:48:00,IN_CONTROL,STABLE,NORMAL
QC-00132,LOT-0060,STN-LAB,SAMPLE,Lực ép,187.9,170.0,230.0,OK,,2026-10-01T18:18:00,IN_CONTROL,STABLE,NORMAL
QC-00133,LOT-0061,STN-T1,AUTO,Đường kính trục,12.47,12.3,12.6,OK,,2026-10-01T10:36:00,IN_CONTROL,STABLE,NORMAL
QC-00134,LOT-0061,STN-LAB,SAMPLE,Lực ép,187.9,170.0,230.0,OK,,2026-10-01T11:06:00,IN_CONTROL,STABLE,NORMAL
QC-00135,LOT-0062,STN-T1,AUTO,Đường kính trục,12.47,12.3,12.6,OK,,2026-10-01T19:24:00,IN_CONTROL,STABLE,NORMAL
QC-00136,LOT-0062,STN-LAB,SAMPLE,Lực ép,187.9,170.0,230.0,OK,,2026-10-01T19:54:00,IN_CONTROL,STABLE,NORMAL
QC-00137,LOT-0063,STN-T1,AUTO,Đường kính trục,12.47,12.3,12.6,OK,,2026-10-01T12:12:00,IN_CONTROL,STABLE,NORMAL
QC-00138,LOT-0063,STN-LAB,SAMPLE,Lực ép,187.9,170.0,230.0,OK,,2026-10-01T12:42:00,IN_CONTROL,STABLE,NORMAL
QC-00139,LOT-0064,STN-T1,AUTO,Đường kính trục,12.47,12.3,12.6,OK,,2026-10-01T21:00:00,IN_CONTROL,STABLE,NORMAL
QC-00140,LOT-0064,STN-LAB,SAMPLE,Lực ép,187.9,170.0,230.0,OK,,2026-10-01T21:30:00,IN_CONTROL,STABLE,NORMAL
QC-00141,LOT-0065,STN-T1,AUTO,Đường kính trục,12.47,12.3,12.6,OK,,2026-10-01T13:48:00,IN_CONTROL,STABLE,NORMAL
QC-00142,LOT-0065,STN-LAB,SAMPLE,Lực ép,187.9,170.0,230.0,OK,,2026-10-01T14:18:00,IN_CONTROL,STABLE,NORMAL
QC-00143,LOT-0066,STN-T1,AUTO,Đường kính trục,12.47,12.3,12.6,OK,,2026-10-01T22:36:00,IN_CONTROL,STABLE,NORMAL
QC-00144,LOT-0066,STN-LAB,SAMPLE,Lực ép,187.9,170.0,230.0,OK,,2026-10-01T23:06:00,IN_CONTROL,STABLE,NORMAL
QC-00145,LOT-0067,STN-T1,AUTO,Đường kính trục,12.47,12.3,12.6,OK,,2026-10-01T09:00:00,IN_CONTROL,STABLE,NORMAL
QC-00146,LOT-0067,STN-LAB,SAMPLE,Lực ép,187.9,170.0,230.0,OK,,2026-10-01T09:30:00,IN_CONTROL,STABLE,NORMAL
QC-00147,LOT-0068,STN-T1,AUTO,Đường kính trục,12.47,12.3,12.6,OK,,2026-10-01T17:48:00,IN_CONTROL,STABLE,NORMAL
QC-00148,LOT-0068,STN-LAB,SAMPLE,Lực ép,187.9,170.0,230.0,OK,,2026-10-01T18:18:00,IN_CONTROL,STABLE,NORMAL
QC-00149,LOT-0069,STN-T1,AUTO,Đường kính trục,12.47,12.3,12.6,OK,,2026-10-01T10:36:00,IN_CONTROL,STABLE,NORMAL
QC-00150,LOT-0069,STN-LAB,SAMPLE,Lực ép,187.9,170.0,230.0,OK,,2026-10-01T11:06:00,IN_CONTROL,STABLE,NORMAL
QC-00151,LOT-0070,STN-T1,AUTO,Đường kính trục,12.47,12.3,12.6,OK,,2026-10-01T19:24:00,IN_CONTROL,STABLE,NORMAL
QC-00152,LOT-0070,STN-LAB,SAMPLE,Lực ép,187.9,170.0,230.0,OK,,2026-10-01T19:54:00,IN_CONTROL,STABLE,NORMAL
QC-00153,LOT-0071,STN-T1,AUTO,Đường kính trục,12.47,12.3,12.6,OK,,2026-10-01T12:12:00,IN_CONTROL,STABLE,NORMAL
QC-00154,LOT-0071,STN-LAB,SAMPLE,Lực ép,187.9,170.0,230.0,OK,,2026-10-01T12:42:00,IN_CONTROL,STABLE,NORMAL
QC-00155,LOT-0072,STN-T1,AUTO,Đường kính trục,12.47,12.3,12.6,OK,,2026-10-01T21:00:00,IN_CONTROL,STABLE,NORMAL
QC-00156,LOT-0072,STN-LAB,SAMPLE,Lực ép,187.9,170.0,230.0,OK,,2026-10-01T21:30:00,IN_CONTROL,STABLE,NORMAL
QC-00157,LOT-0073,STN-T1,AUTO,Đường kính trục,12.47,12.3,12.6,OK,,2026-10-01T13:48:00,IN_CONTROL,STABLE,NORMAL
QC-00158,LOT-0073,STN-LAB,SAMPLE,Lực ép,187.9,170.0,230.0,OK,,2026-10-01T14:18:00,IN_CONTROL,STABLE,NORMAL
QC-00159,LOT-0074,STN-T1,AUTO,Đường kính trục,12.47,12.3,12.6,OK,,2026-10-01T22:36:00,IN_CONTROL,STABLE,NORMAL
QC-00160,LOT-0074,STN-LAB,SAMPLE,Lực ép,187.9,170.0,230.0,OK,,2026-10-01T23:06:00,IN_CONTROL,STABLE,NORMAL
QC-00161,LOT-0075,STN-T1,AUTO,Đường kính trục,12.47,12.3,12.6,OK,,2026-10-01T09:00:00,IN_CONTROL,STABLE,NORMAL
QC-00162,LOT-0075,STN-LAB,SAMPLE,Lực ép,187.9,170.0,230.0,OK,,2026-10-01T09:30:00,IN_CONTROL,STABLE,NORMAL
QC-00163,LOT-0076,STN-T1,AUTO,Đường kính trục,12.47,12.3,12.6,OK,,2026-10-01T17:48:00,IN_CONTROL,STABLE,NORMAL
QC-00164,LOT-0076,STN-LAB,SAMPLE,Lực ép,187.9,170.0,230.0,OK,,2026-10-01T18:18:00,IN_CONTROL,STABLE,NORMAL
QC-00165,LOT-0077,STN-T1,AUTO,Đường kính trục,12.47,12.3,12.6,OK,,2026-10-01T10:36:00,IN_CONTROL,STABLE,NORMAL
QC-00166,LOT-0077,STN-LAB,SAMPLE,Lực ép,187.9,170.0,230.0,OK,,2026-10-01T11:06:00,IN_CONTROL,STABLE,NORMAL
QC-00167,LOT-0078,STN-T1,AUTO,Đường kính trục,12.47,12.3,12.6,OK,,2026-10-01T19:24:00,IN_CONTROL,STABLE,NORMAL
QC-00168,LOT-0078,STN-LAB,SAMPLE,Lực ép,187.9,170.0,230.0,OK,,2026-10-01T19:54:00,IN_CONTROL,STABLE,NORMAL
QC-00169,LOT-0079,STN-T1,AUTO,Đường kính trục,12.47,12.3,12.6,OK,,2026-10-01T12:12:00,IN_CONTROL,STABLE,NORMAL
QC-00170,LOT-0079,STN-LAB,SAMPLE,Lực ép,187.9,170.0,230.0,OK,,2026-10-01T12:42:00,IN_CONTROL,STABLE,NORMAL
QC-00171,LOT-0080,STN-T1,AUTO,Đường kính trục,12.47,12.3,12.6,OK,,2026-10-01T21:00:00,IN_CONTROL,STABLE,NORMAL
QC-00172,LOT-0080,STN-LAB,SAMPLE,Lực ép,187.9,170.0,230.0,OK,,2026-10-01T21:30:00,IN_CONTROL,STABLE,NORMAL
QC-00173,LOT-0081,STN-T1,AUTO,Đường kính trục,12.47,12.3,12.6,OK,,2026-10-01T13:48:00,IN_CONTROL,STABLE,NORMAL
QC-00174,LOT-0081,STN-LAB,SAMPLE,Lực ép,187.9,170.0,230.0,OK,,2026-10-01T14:18:00,IN_CONTROL,STABLE,NORMAL
QC-00175,LOT-0082,STN-T1,AUTO,Đường kính trục,12.47,12.3,12.6,OK,,2026-10-01T22:36:00,IN_CONTROL,STABLE,NORMAL
QC-00176,LOT-0082,STN-LAB,SAMPLE,Lực ép,187.9,170.0,230.0,OK,,2026-10-01T23:06:00,IN_CONTROL,STABLE,NORMAL
QC-00177,LOT-0083,STN-T1,AUTO,Đường kính trục,12.47,12.3,12.6,OK,,2026-10-01T09:00:00,IN_CONTROL,STABLE,NORMAL
QC-00178,LOT-0083,STN-LAB,SAMPLE,Lực ép,187.9,170.0,230.0,OK,,2026-10-01T09:30:00,IN_CONTROL,STABLE,NORMAL
QC-00179,LOT-0084,STN-T1,AUTO,Đường kính trục,12.47,12.3,12.6,OK,,2026-10-01T17:48:00,IN_CONTROL,STABLE,NORMAL
QC-00180,LOT-0084,STN-LAB,SAMPLE,Lực ép,187.9,170.0,230.0,OK,,2026-10-01T18:18:00,IN_CONTROL,STABLE,NORMAL
QC-00181,LOT-0085,STN-T1,AUTO,Đường kính trục,12.47,12.3,12.6,OK,,2026-10-01T10:36:00,IN_CONTROL,STABLE,NORMAL
QC-00182,LOT-0085,STN-LAB,SAMPLE,Lực ép,187.9,170.0,230.0,OK,,2026-10-01T11:06:00,IN_CONTROL,STABLE,NORMAL
QC-00183,LOT-0086,STN-T1,AUTO,Đường kính trục,12.47,12.3,12.6,OK,,2026-10-01T19:24:00,IN_CONTROL,STABLE,NORMAL
QC-00184,LOT-0086,STN-LAB,SAMPLE,Lực ép,187.9,170.0,230.0,OK,,2026-10-01T19:54:00,IN_CONTROL,STABLE,NORMAL
QC-00185,LOT-0087,STN-T1,AUTO,Đường kính trục,12.47,12.3,12.6,OK,,2026-10-01T12:12:00,IN_CONTROL,STABLE,NORMAL
QC-00186,LOT-0087,STN-LAB,SAMPLE,Lực ép,187.9,170.0,230.0,OK,,2026-10-01T12:42:00,IN_CONTROL,STABLE,NORMAL
QC-00187,LOT-0088,STN-T1,AUTO,Đường kính trục,12.47,12.3,12.6,OK,,2026-10-02T09:00:00,IN_CONTROL,STABLE,NORMAL
QC-00188,LOT-0088,STN-LAB,SAMPLE,Lực ép,187.9,170.0,230.0,OK,,2026-10-02T09:30:00,IN_CONTROL,STABLE,NORMAL
QC-00189,LOT-0089,STN-T1,AUTO,Đường kính trục,12.47,12.3,12.6,OK,,2026-10-02T17:48:00,IN_CONTROL,STABLE,NORMAL
QC-00190,LOT-0089,STN-LAB,SAMPLE,Lực ép,187.9,170.0,230.0,OK,,2026-10-02T18:18:00,IN_CONTROL,STABLE,NORMAL
QC-00191,LOT-0090,STN-T1,AUTO,Đường kính trục,12.47,12.3,12.6,OK,,2026-10-02T10:36:00,IN_CONTROL,STABLE,NORMAL
QC-00192,LOT-0090,STN-LAB,SAMPLE,Lực ép,187.9,170.0,230.0,OK,,2026-10-02T11:06:00,IN_CONTROL,STABLE,NORMAL
QC-00193,LOT-0091,STN-T1,AUTO,Đường kính trục,12.47,12.3,12.6,OK,,2026-10-02T19:24:00,IN_CONTROL,STABLE,NORMAL
QC-00194,LOT-0091,STN-LAB,SAMPLE,Lực ép,187.9,170.0,230.0,OK,,2026-10-02T19:54:00,IN_CONTROL,STABLE,NORMAL
QC-00195,LOT-0092,STN-T1,AUTO,Đường kính trục,12.47,12.3,12.6,OK,,2026-10-02T12:12:00,IN_CONTROL,STABLE,NORMAL
QC-00196,LOT-0092,STN-LAB,SAMPLE,Lực ép,187.9,170.0,230.0,OK,,2026-10-02T12:42:00,IN_CONTROL,STABLE,NORMAL
QC-00197,LOT-0093,STN-T1,AUTO,Đường kính trục,12.47,12.3,12.6,OK,,2026-10-02T21:00:00,IN_CONTROL,STABLE,NORMAL
QC-00198,LOT-0093,STN-LAB,SAMPLE,Lực ép,187.9,170.0,230.0,OK,,2026-10-02T21:30:00,IN_CONTROL,STABLE,NORMAL
QC-00199,LOT-0094,STN-T1,AUTO,Đường kính trục,12.47,12.3,12.6,OK,,2026-10-02T13:48:00,IN_CONTROL,STABLE,NORMAL
QC-00200,LOT-0094,STN-LAB,SAMPLE,Lực ép,187.9,170.0,230.0,OK,,2026-10-02T14:18:00,IN_CONTROL,STABLE,NORMAL
QC-00201,LOT-0095,STN-T1,AUTO,Đường kính trục,12.47,12.3,12.6,OK,,2026-10-02T22:36:00,IN_CONTROL,STABLE,NORMAL
QC-00202,LOT-0095,STN-LAB,SAMPLE,Lực ép,187.9,170.0,230.0,OK,,2026-10-02T23:06:00,IN_CONTROL,STABLE,NORMAL
QC-00203,LOT-0096,STN-T1,AUTO,Đường kính trục,12.47,12.3,12.6,OK,,2026-10-02T09:00:00,IN_CONTROL,STABLE,NORMAL
QC-00204,LOT-0096,STN-LAB,SAMPLE,Lực ép,187.9,170.0,230.0,OK,,2026-10-02T09:30:00,IN_CONTROL,STABLE,NORMAL
QC-00205,LOT-0097,STN-T1,AUTO,Đường kính trục,12.47,12.3,12.6,OK,,2026-10-02T17:48:00,IN_CONTROL,STABLE,NORMAL
QC-00206,LOT-0097,STN-LAB,SAMPLE,Lực ép,187.9,170.0,230.0,OK,,2026-10-02T18:18:00,IN_CONTROL,STABLE,NORMAL
QC-00207,LOT-0098,STN-T1,AUTO,Đường kính trục,12.47,12.3,12.6,OK,,2026-10-02T10:36:00,IN_CONTROL,STABLE,NORMAL
QC-00208,LOT-0098,STN-LAB,SAMPLE,Lực ép,187.9,170.0,230.0,OK,,2026-10-02T11:06:00,IN_CONTROL,STABLE,NORMAL
QC-00209,LOT-0099,STN-T1,AUTO,Đường kính trục,12.47,12.3,12.6,OK,,2026-10-02T19:24:00,IN_CONTROL,STABLE,NORMAL
QC-00210,LOT-0099,STN-LAB,SAMPLE,Lực ép,187.9,170.0,230.0,OK,,2026-10-02T19:54:00,IN_CONTROL,STABLE,NORMAL
QC-00211,LOT-0100,STN-T1,AUTO,Đường kính trục,12.47,12.3,12.6,OK,,2026-10-02T12:12:00,IN_CONTROL,STABLE,NORMAL
QC-00212,LOT-0100,STN-LAB,SAMPLE,Lực ép,187.9,170.0,230.0,OK,,2026-10-02T12:42:00,IN_CONTROL,STABLE,NORMAL
QC-00213,LOT-0101,STN-T1,AUTO,Đường kính trục,12.47,12.3,12.6,OK,,2026-10-02T21:00:00,IN_CONTROL,STABLE,NORMAL
QC-00214,LOT-0101,STN-LAB,SAMPLE,Lực ép,187.9,170.0,230.0,OK,,2026-10-02T21:30:00,IN_CONTROL,STABLE,NORMAL
QC-00215,LOT-0102,STN-T1,AUTO,Đường kính trục,12.47,12.3,12.6,OK,,2026-10-02T13:48:00,IN_CONTROL,STABLE,NORMAL
QC-00216,LOT-0102,STN-LAB,SAMPLE,Lực ép,187.9,170.0,230.0,OK,,2026-10-02T14:18:00,IN_CONTROL,STABLE,NORMAL
QC-00217,LOT-0103,STN-T1,AUTO,Đường kính trục,12.47,12.3,12.6,OK,,2026-10-02T22:36:00,IN_CONTROL,STABLE,NORMAL
QC-00218,LOT-0103,STN-LAB,SAMPLE,Lực ép,187.9,170.0,230.0,OK,,2026-10-02T23:06:00,IN_CONTROL,STABLE,NORMAL
QC-00219,LOT-0104,STN-T1,AUTO,Đường kính trục,12.47,12.3,12.6,OK,,2026-10-02T09:00:00,IN_CONTROL,STABLE,NORMAL
QC-00220,LOT-0104,STN-LAB,SAMPLE,Lực ép,187.9,170.0,230.0,OK,,2026-10-02T09:30:00,IN_CONTROL,STABLE,NORMAL
QC-00221,LOT-0105,STN-T1,AUTO,Đường kính trục,12.47,12.3,12.6,OK,,2026-10-02T17:48:00,IN_CONTROL,STABLE,NORMAL
QC-00222,LOT-0105,STN-LAB,SAMPLE,Lực ép,187.9,170.0,230.0,OK,,2026-10-02T18:18:00,IN_CONTROL,STABLE,NORMAL
QC-00223,LOT-0106,STN-T1,AUTO,Đường kính trục,12.47,12.3,12.6,OK,,2026-10-02T10:36:00,IN_CONTROL,STABLE,NORMAL
QC-00224,LOT-0106,STN-LAB,SAMPLE,Lực ép,187.9,170.0,230.0,OK,,2026-10-02T11:06:00,IN_CONTROL,STABLE,NORMAL
QC-00225,LOT-0107,STN-T1,AUTO,Đường kính trục,12.47,12.3,12.6,OK,,2026-10-02T19:24:00,IN_CONTROL,STABLE,NORMAL
QC-00226,LOT-0107,STN-LAB,SAMPLE,Lực ép,187.9,170.0,230.0,OK,,2026-10-02T19:54:00,IN_CONTROL,STABLE,NORMAL
QC-00227,LOT-0108,STN-T1,AUTO,Đường kính trục,12.47,12.3,12.6,OK,,2026-10-02T12:12:00,IN_CONTROL,STABLE,NORMAL
QC-00228,LOT-0108,STN-LAB,SAMPLE,Lực ép,187.9,170.0,230.0,OK,,2026-10-02T12:42:00,IN_CONTROL,STABLE,NORMAL
QC-00229,LOT-0109,STN-T1,AUTO,Đường kính trục,12.47,12.3,12.6,OK,,2026-10-02T21:00:00,IN_CONTROL,STABLE,NORMAL
QC-00230,LOT-0109,STN-LAB,SAMPLE,Lực ép,187.9,170.0,230.0,OK,,2026-10-02T21:30:00,IN_CONTROL,STABLE,NORMAL
QC-00231,LOT-0110,STN-T1,AUTO,Đường kính trục,12.47,12.3,12.6,OK,,2026-10-02T13:48:00,IN_CONTROL,STABLE,NORMAL
QC-00232,LOT-0110,STN-LAB,SAMPLE,Lực ép,187.9,170.0,230.0,OK,,2026-10-02T14:18:00,IN_CONTROL,STABLE,NORMAL
QC-00233,LOT-0111,STN-T1,AUTO,Đường kính trục,12.47,12.3,12.6,OK,,2026-10-02T22:36:00,IN_CONTROL,STABLE,NORMAL
QC-00234,LOT-0111,STN-LAB,SAMPLE,Lực ép,187.9,170.0,230.0,OK,,2026-10-02T23:06:00,IN_CONTROL,STABLE,NORMAL
QC-00235,LOT-0112,STN-T1,AUTO,Đường kính trục,12.47,12.3,12.6,OK,,2026-10-02T09:00:00,IN_CONTROL,STABLE,NORMAL
QC-00236,LOT-0112,STN-LAB,SAMPLE,Lực ép,187.9,170.0,230.0,OK,,2026-10-02T09:30:00,IN_CONTROL,STABLE,NORMAL
QC-00237,LOT-0113,STN-T1,AUTO,Đường kính trục,12.47,12.3,12.6,OK,,2026-10-02T17:48:00,IN_CONTROL,STABLE,NORMAL
QC-00238,LOT-0113,STN-LAB,SAMPLE,Lực ép,187.9,170.0,230.0,OK,,2026-10-02T18:18:00,IN_CONTROL,STABLE,NORMAL
QC-00239,LOT-0114,STN-T1,AUTO,Đường kính trục,12.47,12.3,12.6,OK,,2026-10-02T10:36:00,IN_CONTROL,STABLE,NORMAL
QC-00240,LOT-0114,STN-LAB,SAMPLE,Lực ép,187.9,170.0,230.0,OK,,2026-10-02T11:06:00,IN_CONTROL,STABLE,NORMAL
QC-00241,LOT-0115,STN-T1,AUTO,Đường kính trục,12.47,12.3,12.6,OK,,2026-10-02T19:24:00,IN_CONTROL,STABLE,NORMAL
QC-00242,LOT-0115,STN-LAB,SAMPLE,Lực ép,187.9,170.0,230.0,OK,,2026-10-02T19:54:00,IN_CONTROL,STABLE,NORMAL
QC-00243,LOT-0116,STN-T1,AUTO,Đường kính trục,12.47,12.3,12.6,OK,,2026-10-02T12:12:00,IN_CONTROL,STABLE,NORMAL
QC-00244,LOT-0116,STN-LAB,SAMPLE,Lực ép,187.9,170.0,230.0,OK,,2026-10-02T12:42:00,IN_CONTROL,STABLE,NORMAL
QC-00245,LOT-0406,STN-T1,AUTO,Đường kính trục,12.47,12.3,12.6,OK,,2026-10-02T13:00:00,IN_CONTROL,STABLE,NORMAL
QC-00246,LOT-0406,STN-LAB,SAMPLE,Lực ép,187.9,170.0,230.0,OK,,2026-10-02T13:30:00,IN_CONTROL,STABLE,NORMAL
QC-00247,LOT-0407,STN-T1,AUTO,Đường kính trục,12.47,12.3,12.6,OK,,2026-10-02T13:05:00,IN_CONTROL,STABLE,NORMAL
QC-00248,LOT-0407,STN-LAB,SAMPLE,Lực ép,187.9,170.0,230.0,OK,,2026-10-02T13:35:00,IN_CONTROL,STABLE,NORMAL
QC-00249,LOT-0408,STN-T1,AUTO,Đường kính trục,12.47,12.3,12.6,OK,,2026-10-02T13:10:00,IN_CONTROL,STABLE,NORMAL
QC-00250,LOT-0408,STN-LAB,SAMPLE,Lực ép,187.9,170.0,230.0,OK,,2026-10-02T13:40:00,IN_CONTROL,STABLE,NORMAL
QC-00251,LOT-0409,STN-T1,AUTO,Đường kính trục,12.47,12.3,12.6,OK,,2026-10-02T13:15:00,IN_CONTROL,STABLE,NORMAL
QC-00252,LOT-0409,STN-LAB,SAMPLE,Lực ép,187.9,170.0,230.0,OK,,2026-10-02T13:45:00,IN_CONTROL,STABLE,NORMAL
QC-00253,LOT-0410,STN-T1,AUTO,Đường kính trục,12.47,12.3,12.6,OK,,2026-10-02T13:20:00,IN_CONTROL,STABLE,NORMAL
QC-00254,LOT-0410,STN-LAB,SAMPLE,Lực ép,187.9,170.0,230.0,OK,,2026-10-02T13:50:00,IN_CONTROL,STABLE,NORMAL
QC-00255,LOT-0117,STN-T1,AUTO,Đường kính trục,12.47,12.3,12.6,OK,,2026-10-03T09:00:00,IN_CONTROL,STABLE,NORMAL
QC-00256,LOT-0117,STN-LAB,SAMPLE,Lực ép,187.9,170.0,230.0,OK,,2026-10-03T09:30:00,IN_CONTROL,STABLE,NORMAL
QC-00257,LOT-0118,STN-T1,AUTO,Đường kính trục,12.47,12.3,12.6,OK,,2026-10-03T17:48:00,IN_CONTROL,STABLE,NORMAL
QC-00258,LOT-0118,STN-LAB,SAMPLE,Lực ép,187.9,170.0,230.0,OK,,2026-10-03T18:18:00,IN_CONTROL,STABLE,NORMAL
QC-00259,LOT-0119,STN-T1,AUTO,Đường kính trục,12.47,12.3,12.6,OK,,2026-10-03T10:36:00,IN_CONTROL,STABLE,NORMAL
QC-00260,LOT-0119,STN-LAB,SAMPLE,Lực ép,187.9,170.0,230.0,OK,,2026-10-03T11:06:00,IN_CONTROL,STABLE,NORMAL
QC-00261,LOT-0120,STN-T1,AUTO,Đường kính trục,12.47,12.3,12.6,OK,,2026-10-03T19:24:00,IN_CONTROL,STABLE,NORMAL
QC-00262,LOT-0120,STN-LAB,SAMPLE,Lực ép,187.9,170.0,230.0,OK,,2026-10-03T19:54:00,IN_CONTROL,STABLE,NORMAL
QC-00263,LOT-0121,STN-T1,AUTO,Đường kính trục,12.47,12.3,12.6,OK,,2026-10-03T12:12:00,IN_CONTROL,STABLE,NORMAL
QC-00264,LOT-0121,STN-LAB,SAMPLE,Lực ép,187.9,170.0,230.0,OK,,2026-10-03T12:42:00,IN_CONTROL,STABLE,NORMAL
QC-00265,LOT-0122,STN-T1,AUTO,Đường kính trục,12.47,12.3,12.6,OK,,2026-10-03T21:00:00,IN_CONTROL,STABLE,NORMAL
QC-00266,LOT-0122,STN-LAB,SAMPLE,Lực ép,187.9,170.0,230.0,OK,,2026-10-03T21:30:00,IN_CONTROL,STABLE,NORMAL
QC-00267,LOT-0123,STN-T1,AUTO,Đường kính trục,12.47,12.3,12.6,OK,,2026-10-03T13:48:00,IN_CONTROL,STABLE,NORMAL
QC-00268,LOT-0123,STN-LAB,SAMPLE,Lực ép,187.9,170.0,230.0,OK,,2026-10-03T14:18:00,IN_CONTROL,STABLE,NORMAL
QC-00269,LOT-0124,STN-T1,AUTO,Đường kính trục,12.47,12.3,12.6,OK,,2026-10-03T22:36:00,IN_CONTROL,STABLE,NORMAL
QC-00270,LOT-0124,STN-LAB,SAMPLE,Lực ép,187.9,170.0,230.0,OK,,2026-10-03T23:06:00,IN_CONTROL,STABLE,NORMAL
QC-00271,LOT-0125,STN-T1,AUTO,Đường kính trục,12.47,12.3,12.6,OK,,2026-10-03T09:00:00,IN_CONTROL,STABLE,NORMAL
QC-00272,LOT-0125,STN-LAB,SAMPLE,Lực ép,187.9,170.0,230.0,OK,,2026-10-03T09:30:00,IN_CONTROL,STABLE,NORMAL
QC-00273,LOT-0126,STN-T1,AUTO,Đường kính trục,12.47,12.3,12.6,OK,,2026-10-03T17:48:00,IN_CONTROL,STABLE,NORMAL
QC-00274,LOT-0126,STN-LAB,SAMPLE,Lực ép,187.9,170.0,230.0,OK,,2026-10-03T18:18:00,IN_CONTROL,STABLE,NORMAL
QC-00275,LOT-0127,STN-T1,AUTO,Đường kính trục,12.47,12.3,12.6,OK,,2026-10-03T10:36:00,IN_CONTROL,STABLE,NORMAL
QC-00276,LOT-0127,STN-LAB,SAMPLE,Lực ép,187.9,170.0,230.0,OK,,2026-10-03T11:06:00,IN_CONTROL,STABLE,NORMAL
QC-00277,LOT-0128,STN-T1,AUTO,Đường kính trục,12.47,12.3,12.6,OK,,2026-10-03T19:24:00,IN_CONTROL,STABLE,NORMAL
QC-00278,LOT-0128,STN-LAB,SAMPLE,Lực ép,187.9,170.0,230.0,OK,,2026-10-03T19:54:00,IN_CONTROL,STABLE,NORMAL
QC-00279,LOT-0129,STN-T1,AUTO,Đường kính trục,12.47,12.3,12.6,OK,,2026-10-03T12:12:00,IN_CONTROL,STABLE,NORMAL
QC-00280,LOT-0129,STN-LAB,SAMPLE,Lực ép,187.9,170.0,230.0,OK,,2026-10-03T12:42:00,IN_CONTROL,STABLE,NORMAL
QC-00281,LOT-0130,STN-T1,AUTO,Đường kính trục,12.47,12.3,12.6,OK,,2026-10-03T21:00:00,IN_CONTROL,STABLE,NORMAL
QC-00282,LOT-0130,STN-LAB,SAMPLE,Lực ép,187.9,170.0,230.0,OK,,2026-10-03T21:30:00,IN_CONTROL,STABLE,NORMAL
QC-00283,LOT-0131,STN-T1,AUTO,Đường kính trục,12.47,12.3,12.6,OK,,2026-10-03T13:48:00,IN_CONTROL,STABLE,NORMAL
QC-00284,LOT-0131,STN-LAB,SAMPLE,Lực ép,187.9,170.0,230.0,OK,,2026-10-03T14:18:00,IN_CONTROL,STABLE,NORMAL
QC-00285,LOT-0132,STN-T1,AUTO,Đường kính trục,12.47,12.3,12.6,OK,,2026-10-03T22:36:00,IN_CONTROL,STABLE,NORMAL
QC-00286,LOT-0132,STN-LAB,SAMPLE,Lực ép,187.9,170.0,230.0,OK,,2026-10-03T23:06:00,IN_CONTROL,STABLE,NORMAL
QC-00287,LOT-0133,STN-T1,AUTO,Đường kính trục,12.47,12.3,12.6,OK,,2026-10-03T09:00:00,IN_CONTROL,STABLE,NORMAL
QC-00288,LOT-0133,STN-LAB,SAMPLE,Lực ép,187.9,170.0,230.0,OK,,2026-10-03T09:30:00,IN_CONTROL,STABLE,NORMAL
QC-00289,LOT-0134,STN-T1,AUTO,Đường kính trục,12.47,12.3,12.6,OK,,2026-10-03T17:48:00,IN_CONTROL,STABLE,NORMAL
QC-00290,LOT-0134,STN-LAB,SAMPLE,Lực ép,187.9,170.0,230.0,OK,,2026-10-03T18:18:00,IN_CONTROL,STABLE,NORMAL
QC-00291,LOT-0135,STN-T1,AUTO,Đường kính trục,12.47,12.3,12.6,OK,,2026-10-03T10:36:00,IN_CONTROL,STABLE,NORMAL
QC-00292,LOT-0135,STN-LAB,SAMPLE,Lực ép,187.9,170.0,230.0,OK,,2026-10-03T11:06:00,IN_CONTROL,STABLE,NORMAL
QC-00293,LOT-0136,STN-T1,AUTO,Đường kính trục,12.47,12.3,12.6,OK,,2026-10-03T19:24:00,IN_CONTROL,STABLE,NORMAL
QC-00294,LOT-0136,STN-LAB,SAMPLE,Lực ép,187.9,170.0,230.0,OK,,2026-10-03T19:54:00,IN_CONTROL,STABLE,NORMAL
QC-00295,LOT-0137,STN-T1,AUTO,Đường kính trục,12.47,12.3,12.6,OK,,2026-10-03T12:12:00,IN_CONTROL,STABLE,NORMAL
QC-00296,LOT-0137,STN-LAB,SAMPLE,Lực ép,187.9,170.0,230.0,OK,,2026-10-03T12:42:00,IN_CONTROL,STABLE,NORMAL
QC-00297,LOT-0138,STN-T1,AUTO,Đường kính trục,12.47,12.3,12.6,OK,,2026-10-03T21:00:00,IN_CONTROL,STABLE,NORMAL
QC-00298,LOT-0138,STN-LAB,SAMPLE,Lực ép,187.9,170.0,230.0,OK,,2026-10-03T21:30:00,IN_CONTROL,STABLE,NORMAL
QC-00299,LOT-0139,STN-T1,AUTO,Đường kính trục,12.47,12.3,12.6,OK,,2026-10-03T13:48:00,IN_CONTROL,STABLE,NORMAL
QC-00300,LOT-0139,STN-LAB,SAMPLE,Lực ép,187.9,170.0,230.0,OK,,2026-10-03T14:18:00,IN_CONTROL,STABLE,NORMAL
QC-00301,LOT-0140,STN-T1,AUTO,Đường kính trục,12.47,12.3,12.6,OK,,2026-10-03T22:36:00,IN_CONTROL,STABLE,NORMAL
QC-00302,LOT-0140,STN-LAB,SAMPLE,Lực ép,187.9,170.0,230.0,OK,,2026-10-03T23:06:00,IN_CONTROL,STABLE,NORMAL
QC-00303,LOT-0141,STN-T1,AUTO,Đường kính trục,12.47,12.3,12.6,OK,,2026-10-03T09:00:00,IN_CONTROL,STABLE,NORMAL
QC-00304,LOT-0141,STN-LAB,SAMPLE,Lực ép,187.9,170.0,230.0,OK,,2026-10-03T09:30:00,IN_CONTROL,STABLE,NORMAL
QC-00305,LOT-0142,STN-T1,AUTO,Đường kính trục,12.47,12.3,12.6,OK,,2026-10-03T17:48:00,IN_CONTROL,STABLE,NORMAL
QC-00306,LOT-0142,STN-LAB,SAMPLE,Lực ép,187.9,170.0,230.0,OK,,2026-10-03T18:18:00,IN_CONTROL,STABLE,NORMAL
QC-00307,LOT-0143,STN-T1,AUTO,Đường kính trục,12.47,12.3,12.6,OK,,2026-10-03T10:36:00,IN_CONTROL,STABLE,NORMAL
QC-00308,LOT-0143,STN-LAB,SAMPLE,Lực ép,187.9,170.0,230.0,OK,,2026-10-03T11:06:00,IN_CONTROL,STABLE,NORMAL
QC-00309,LOT-0144,STN-T1,AUTO,Đường kính trục,12.47,12.3,12.6,OK,,2026-10-03T19:24:00,IN_CONTROL,STABLE,NORMAL
QC-00310,LOT-0144,STN-LAB,SAMPLE,Lực ép,187.9,170.0,230.0,OK,,2026-10-03T19:54:00,IN_CONTROL,STABLE,NORMAL
QC-00311,LOT-0145,STN-T1,AUTO,Đường kính trục,12.47,12.3,12.6,OK,,2026-10-03T12:12:00,IN_CONTROL,STABLE,NORMAL
QC-00312,LOT-0145,STN-LAB,SAMPLE,Lực ép,187.9,170.0,230.0,OK,,2026-10-03T12:42:00,IN_CONTROL,STABLE,NORMAL
QC-00313,LOT-0146,STN-T1,AUTO,Đường kính trục,12.47,12.3,12.6,OK,,2026-10-04T09:00:00,IN_CONTROL,STABLE,NORMAL
QC-00314,LOT-0146,STN-LAB,SAMPLE,Lực ép,187.9,170.0,230.0,OK,,2026-10-04T09:30:00,IN_CONTROL,STABLE,NORMAL
QC-00315,LOT-0147,STN-T1,AUTO,Đường kính trục,12.47,12.3,12.6,OK,,2026-10-04T17:48:00,IN_CONTROL,STABLE,NORMAL
QC-00316,LOT-0147,STN-LAB,SAMPLE,Lực ép,187.9,170.0,230.0,OK,,2026-10-04T18:18:00,IN_CONTROL,STABLE,NORMAL
QC-00317,LOT-0148,STN-T1,AUTO,Đường kính trục,12.47,12.3,12.6,OK,,2026-10-04T10:36:00,IN_CONTROL,STABLE,NORMAL
QC-00318,LOT-0148,STN-LAB,SAMPLE,Lực ép,187.9,170.0,230.0,OK,,2026-10-04T11:06:00,IN_CONTROL,STABLE,NORMAL
QC-00319,LOT-0149,STN-T1,AUTO,Đường kính trục,12.47,12.3,12.6,OK,,2026-10-04T19:24:00,IN_CONTROL,STABLE,NORMAL
QC-00320,LOT-0149,STN-LAB,SAMPLE,Lực ép,187.9,170.0,230.0,OK,,2026-10-04T19:54:00,IN_CONTROL,STABLE,NORMAL
QC-00321,LOT-0150,STN-T1,AUTO,Đường kính trục,12.47,12.3,12.6,OK,,2026-10-04T12:12:00,IN_CONTROL,STABLE,NORMAL
QC-00322,LOT-0150,STN-LAB,SAMPLE,Lực ép,187.9,170.0,230.0,OK,,2026-10-04T12:42:00,IN_CONTROL,STABLE,NORMAL
QC-00323,LOT-0151,STN-T1,AUTO,Đường kính trục,12.47,12.3,12.6,OK,,2026-10-04T21:00:00,IN_CONTROL,STABLE,NORMAL
QC-00324,LOT-0151,STN-LAB,SAMPLE,Lực ép,187.9,170.0,230.0,OK,,2026-10-04T21:30:00,IN_CONTROL,STABLE,NORMAL
QC-00325,LOT-0152,STN-T1,AUTO,Đường kính trục,12.47,12.3,12.6,OK,,2026-10-04T13:48:00,IN_CONTROL,STABLE,NORMAL
QC-00326,LOT-0152,STN-LAB,SAMPLE,Lực ép,187.9,170.0,230.0,OK,,2026-10-04T14:18:00,IN_CONTROL,STABLE,NORMAL
QC-00327,LOT-0153,STN-T1,AUTO,Đường kính trục,12.47,12.3,12.6,OK,,2026-10-04T22:36:00,IN_CONTROL,STABLE,NORMAL
QC-00328,LOT-0153,STN-LAB,SAMPLE,Lực ép,187.9,170.0,230.0,OK,,2026-10-04T23:06:00,IN_CONTROL,STABLE,NORMAL
QC-00329,LOT-0154,STN-T1,AUTO,Đường kính trục,12.47,12.3,12.6,OK,,2026-10-04T09:00:00,IN_CONTROL,STABLE,NORMAL
QC-00330,LOT-0154,STN-LAB,SAMPLE,Lực ép,187.9,170.0,230.0,OK,,2026-10-04T09:30:00,IN_CONTROL,STABLE,NORMAL
QC-00331,LOT-0155,STN-T1,AUTO,Đường kính trục,12.47,12.3,12.6,OK,,2026-10-04T17:48:00,IN_CONTROL,STABLE,NORMAL
QC-00332,LOT-0155,STN-LAB,SAMPLE,Lực ép,187.9,170.0,230.0,OK,,2026-10-04T18:18:00,IN_CONTROL,STABLE,NORMAL
QC-00333,LOT-0156,STN-T1,AUTO,Đường kính trục,12.47,12.3,12.6,OK,,2026-10-04T10:36:00,IN_CONTROL,STABLE,NORMAL
QC-00334,LOT-0156,STN-LAB,SAMPLE,Lực ép,187.9,170.0,230.0,OK,,2026-10-04T11:06:00,IN_CONTROL,STABLE,NORMAL
QC-00335,LOT-0157,STN-T1,AUTO,Đường kính trục,12.47,12.3,12.6,OK,,2026-10-04T19:24:00,IN_CONTROL,STABLE,NORMAL
QC-00336,LOT-0157,STN-LAB,SAMPLE,Lực ép,187.9,170.0,230.0,OK,,2026-10-04T19:54:00,IN_CONTROL,STABLE,NORMAL
QC-00337,LOT-0158,STN-T1,AUTO,Đường kính trục,12.47,12.3,12.6,OK,,2026-10-04T12:12:00,IN_CONTROL,STABLE,NORMAL
QC-00338,LOT-0158,STN-LAB,SAMPLE,Lực ép,187.9,170.0,230.0,OK,,2026-10-04T12:42:00,IN_CONTROL,STABLE,NORMAL
QC-00339,LOT-0159,STN-T1,AUTO,Đường kính trục,12.47,12.3,12.6,OK,,2026-10-04T21:00:00,IN_CONTROL,STABLE,NORMAL
QC-00340,LOT-0159,STN-LAB,SAMPLE,Lực ép,187.9,170.0,230.0,OK,,2026-10-04T21:30:00,IN_CONTROL,STABLE,NORMAL
QC-00341,LOT-0160,STN-T1,AUTO,Đường kính trục,12.47,12.3,12.6,OK,,2026-10-04T13:48:00,IN_CONTROL,STABLE,NORMAL
QC-00342,LOT-0160,STN-LAB,SAMPLE,Lực ép,187.9,170.0,230.0,OK,,2026-10-04T14:18:00,IN_CONTROL,STABLE,NORMAL
QC-00343,LOT-0161,STN-T1,AUTO,Đường kính trục,12.47,12.3,12.6,OK,,2026-10-04T22:36:00,IN_CONTROL,STABLE,NORMAL
QC-00344,LOT-0161,STN-LAB,SAMPLE,Lực ép,187.9,170.0,230.0,OK,,2026-10-04T23:06:00,IN_CONTROL,STABLE,NORMAL
QC-00345,LOT-0162,STN-T1,AUTO,Đường kính trục,12.47,12.3,12.6,OK,,2026-10-04T09:00:00,IN_CONTROL,STABLE,NORMAL
QC-00346,LOT-0162,STN-LAB,SAMPLE,Lực ép,187.9,170.0,230.0,OK,,2026-10-04T09:30:00,IN_CONTROL,STABLE,NORMAL
QC-00347,LOT-0163,STN-T1,AUTO,Đường kính trục,12.47,12.3,12.6,OK,,2026-10-04T17:48:00,IN_CONTROL,STABLE,NORMAL
QC-00348,LOT-0163,STN-LAB,SAMPLE,Lực ép,187.9,170.0,230.0,OK,,2026-10-04T18:18:00,IN_CONTROL,STABLE,NORMAL
QC-00349,LOT-0164,STN-T1,AUTO,Đường kính trục,12.47,12.3,12.6,OK,,2026-10-04T10:36:00,IN_CONTROL,STABLE,NORMAL
QC-00350,LOT-0164,STN-LAB,SAMPLE,Lực ép,187.9,170.0,230.0,OK,,2026-10-04T11:06:00,IN_CONTROL,STABLE,NORMAL
QC-00351,LOT-0165,STN-T1,AUTO,Đường kính trục,12.47,12.3,12.6,OK,,2026-10-04T19:24:00,IN_CONTROL,STABLE,NORMAL
QC-00352,LOT-0165,STN-LAB,SAMPLE,Lực ép,187.9,170.0,230.0,OK,,2026-10-04T19:54:00,IN_CONTROL,STABLE,NORMAL
QC-00353,LOT-0166,STN-T1,AUTO,Đường kính trục,12.47,12.3,12.6,OK,,2026-10-04T12:12:00,IN_CONTROL,STABLE,NORMAL
QC-00354,LOT-0166,STN-LAB,SAMPLE,Lực ép,187.9,170.0,230.0,OK,,2026-10-04T12:42:00,IN_CONTROL,STABLE,NORMAL
QC-00355,LOT-0167,STN-T1,AUTO,Đường kính trục,12.47,12.3,12.6,OK,,2026-10-04T21:00:00,IN_CONTROL,STABLE,NORMAL
QC-00356,LOT-0167,STN-LAB,SAMPLE,Lực ép,187.9,170.0,230.0,OK,,2026-10-04T21:30:00,IN_CONTROL,STABLE,NORMAL
QC-00357,LOT-0168,STN-T1,AUTO,Đường kính trục,12.47,12.3,12.6,OK,,2026-10-04T13:48:00,IN_CONTROL,STABLE,NORMAL
QC-00358,LOT-0168,STN-LAB,SAMPLE,Lực ép,187.9,170.0,230.0,OK,,2026-10-04T14:18:00,IN_CONTROL,STABLE,NORMAL
QC-00359,LOT-0169,STN-T1,AUTO,Đường kính trục,12.47,12.3,12.6,OK,,2026-10-04T22:36:00,IN_CONTROL,STABLE,NORMAL
QC-00360,LOT-0169,STN-LAB,SAMPLE,Lực ép,187.9,170.0,230.0,OK,,2026-10-04T23:06:00,IN_CONTROL,STABLE,NORMAL
QC-00361,LOT-0170,STN-T1,AUTO,Đường kính trục,12.47,12.3,12.6,OK,,2026-10-04T09:00:00,IN_CONTROL,STABLE,NORMAL
QC-00362,LOT-0170,STN-LAB,SAMPLE,Lực ép,187.9,170.0,230.0,OK,,2026-10-04T09:30:00,IN_CONTROL,STABLE,NORMAL
QC-00363,LOT-0171,STN-T1,AUTO,Đường kính trục,12.47,12.3,12.6,OK,,2026-10-04T17:48:00,IN_CONTROL,STABLE,NORMAL
QC-00364,LOT-0171,STN-LAB,SAMPLE,Lực ép,187.9,170.0,230.0,OK,,2026-10-04T18:18:00,IN_CONTROL,STABLE,NORMAL
QC-00365,LOT-0172,STN-T1,AUTO,Đường kính trục,12.47,12.3,12.6,OK,,2026-10-04T10:36:00,IN_CONTROL,STABLE,NORMAL
QC-00366,LOT-0172,STN-LAB,SAMPLE,Lực ép,187.9,170.0,230.0,OK,,2026-10-04T11:06:00,IN_CONTROL,STABLE,NORMAL
QC-00367,LOT-0173,STN-T1,AUTO,Đường kính trục,12.47,12.3,12.6,OK,,2026-10-04T19:24:00,IN_CONTROL,STABLE,NORMAL
QC-00368,LOT-0173,STN-LAB,SAMPLE,Lực ép,187.9,170.0,230.0,OK,,2026-10-04T19:54:00,IN_CONTROL,STABLE,NORMAL
QC-00369,LOT-0174,STN-T1,AUTO,Đường kính trục,12.47,12.3,12.6,OK,,2026-10-04T12:12:00,IN_CONTROL,STABLE,NORMAL
QC-00370,LOT-0174,STN-LAB,SAMPLE,Lực ép,187.9,170.0,230.0,OK,,2026-10-04T12:42:00,IN_CONTROL,STABLE,NORMAL
QC-00371,LOT-0175,STN-T1,AUTO,Đường kính trục,12.47,12.3,12.6,OK,,2026-10-05T09:00:00,IN_CONTROL,STABLE,NORMAL
QC-00372,LOT-0175,STN-LAB,SAMPLE,Lực ép,187.9,170.0,230.0,OK,,2026-10-05T09:30:00,IN_CONTROL,STABLE,NORMAL
QC-00373,LOT-0176,STN-T1,AUTO,Đường kính trục,12.47,12.3,12.6,OK,,2026-10-05T17:48:00,IN_CONTROL,STABLE,NORMAL
QC-00374,LOT-0176,STN-LAB,SAMPLE,Lực ép,187.9,170.0,230.0,OK,,2026-10-05T18:18:00,IN_CONTROL,STABLE,NORMAL
QC-00375,LOT-0177,STN-T1,AUTO,Đường kính trục,12.47,12.3,12.6,OK,,2026-10-05T10:36:00,IN_CONTROL,STABLE,NORMAL
QC-00376,LOT-0177,STN-LAB,SAMPLE,Lực ép,187.9,170.0,230.0,OK,,2026-10-05T11:06:00,IN_CONTROL,STABLE,NORMAL
QC-00377,LOT-0178,STN-T1,AUTO,Đường kính trục,12.47,12.3,12.6,OK,,2026-10-05T19:24:00,IN_CONTROL,STABLE,NORMAL
QC-00378,LOT-0178,STN-LAB,SAMPLE,Lực ép,187.9,170.0,230.0,OK,,2026-10-05T19:54:00,IN_CONTROL,STABLE,NORMAL
QC-00379,LOT-0179,STN-T1,AUTO,Đường kính trục,12.47,12.3,12.6,OK,,2026-10-05T12:12:00,IN_CONTROL,STABLE,NORMAL
QC-00380,LOT-0179,STN-LAB,SAMPLE,Lực ép,187.9,170.0,230.0,OK,,2026-10-05T12:42:00,IN_CONTROL,STABLE,NORMAL
QC-00381,LOT-0180,STN-T1,AUTO,Đường kính trục,12.47,12.3,12.6,OK,,2026-10-05T21:00:00,IN_CONTROL,STABLE,NORMAL
QC-00382,LOT-0180,STN-LAB,SAMPLE,Lực ép,187.9,170.0,230.0,OK,,2026-10-05T21:30:00,IN_CONTROL,STABLE,NORMAL
QC-00383,LOT-0181,STN-T1,AUTO,Đường kính trục,12.47,12.3,12.6,OK,,2026-10-05T13:48:00,IN_CONTROL,STABLE,NORMAL
QC-00384,LOT-0181,STN-LAB,SAMPLE,Lực ép,187.9,170.0,230.0,OK,,2026-10-05T14:18:00,IN_CONTROL,STABLE,NORMAL
QC-00385,LOT-0182,STN-T1,AUTO,Đường kính trục,12.47,12.3,12.6,OK,,2026-10-05T22:36:00,IN_CONTROL,STABLE,NORMAL
QC-00386,LOT-0182,STN-LAB,SAMPLE,Lực ép,187.9,170.0,230.0,OK,,2026-10-05T23:06:00,IN_CONTROL,STABLE,NORMAL
QC-00387,LOT-0183,STN-T1,AUTO,Đường kính trục,12.47,12.3,12.6,OK,,2026-10-05T09:00:00,IN_CONTROL,STABLE,NORMAL
QC-00388,LOT-0183,STN-LAB,SAMPLE,Lực ép,187.9,170.0,230.0,OK,,2026-10-05T09:30:00,IN_CONTROL,STABLE,NORMAL
QC-00389,LOT-0184,STN-T1,AUTO,Đường kính trục,12.47,12.3,12.6,OK,,2026-10-05T17:48:00,IN_CONTROL,STABLE,NORMAL
QC-00390,LOT-0184,STN-LAB,SAMPLE,Lực ép,187.9,170.0,230.0,OK,,2026-10-05T18:18:00,IN_CONTROL,STABLE,NORMAL
QC-00391,LOT-0185,STN-T1,AUTO,Đường kính trục,12.47,12.3,12.6,OK,,2026-10-05T10:36:00,IN_CONTROL,STABLE,NORMAL
QC-00392,LOT-0185,STN-LAB,SAMPLE,Lực ép,187.9,170.0,230.0,OK,,2026-10-05T11:06:00,IN_CONTROL,STABLE,NORMAL
QC-00393,LOT-0186,STN-T1,AUTO,Đường kính trục,12.47,12.3,12.6,OK,,2026-10-05T19:24:00,IN_CONTROL,STABLE,NORMAL
QC-00394,LOT-0186,STN-LAB,SAMPLE,Lực ép,187.9,170.0,230.0,OK,,2026-10-05T19:54:00,IN_CONTROL,STABLE,NORMAL
QC-00395,LOT-0187,STN-T1,AUTO,Đường kính trục,12.47,12.3,12.6,OK,,2026-10-05T12:12:00,IN_CONTROL,STABLE,NORMAL
QC-00396,LOT-0187,STN-LAB,SAMPLE,Lực ép,187.9,170.0,230.0,OK,,2026-10-05T12:42:00,IN_CONTROL,STABLE,NORMAL
QC-00397,LOT-0188,STN-T1,AUTO,Đường kính trục,12.47,12.3,12.6,OK,,2026-10-05T21:00:00,IN_CONTROL,STABLE,NORMAL
QC-00398,LOT-0188,STN-LAB,SAMPLE,Lực ép,187.9,170.0,230.0,OK,,2026-10-05T21:30:00,IN_CONTROL,STABLE,NORMAL
QC-00399,LOT-0189,STN-T1,AUTO,Đường kính trục,12.47,12.3,12.6,OK,,2026-10-05T13:48:00,IN_CONTROL,STABLE,NORMAL
QC-00400,LOT-0189,STN-LAB,SAMPLE,Lực ép,187.9,170.0,230.0,OK,,2026-10-05T14:18:00,IN_CONTROL,STABLE,NORMAL
QC-00401,LOT-0190,STN-T1,AUTO,Đường kính trục,12.47,12.3,12.6,OK,,2026-10-05T22:36:00,IN_CONTROL,STABLE,NORMAL
QC-00402,LOT-0190,STN-LAB,SAMPLE,Lực ép,187.9,170.0,230.0,OK,,2026-10-05T23:06:00,IN_CONTROL,STABLE,NORMAL
QC-00403,LOT-0191,STN-T1,AUTO,Đường kính trục,12.47,12.3,12.6,OK,,2026-10-05T09:00:00,IN_CONTROL,STABLE,NORMAL
QC-00404,LOT-0191,STN-LAB,SAMPLE,Lực ép,187.9,170.0,230.0,OK,,2026-10-05T09:30:00,IN_CONTROL,STABLE,NORMAL
QC-00405,LOT-0192,STN-T1,AUTO,Đường kính trục,12.47,12.3,12.6,OK,,2026-10-05T17:48:00,IN_CONTROL,STABLE,NORMAL
QC-00406,LOT-0192,STN-LAB,SAMPLE,Lực ép,187.9,170.0,230.0,OK,,2026-10-05T18:18:00,IN_CONTROL,STABLE,NORMAL
QC-00407,LOT-0193,STN-T1,AUTO,Đường kính trục,12.47,12.3,12.6,OK,,2026-10-05T10:36:00,IN_CONTROL,STABLE,NORMAL
QC-00408,LOT-0193,STN-LAB,SAMPLE,Lực ép,187.9,170.0,230.0,OK,,2026-10-05T11:06:00,IN_CONTROL,STABLE,NORMAL
QC-00409,LOT-0194,STN-T1,AUTO,Đường kính trục,12.47,12.3,12.6,OK,,2026-10-05T19:24:00,IN_CONTROL,STABLE,NORMAL
QC-00410,LOT-0194,STN-LAB,SAMPLE,Lực ép,187.9,170.0,230.0,OK,,2026-10-05T19:54:00,IN_CONTROL,STABLE,NORMAL
QC-00411,LOT-0195,STN-T1,AUTO,Đường kính trục,12.47,12.3,12.6,OK,,2026-10-05T12:12:00,IN_CONTROL,STABLE,NORMAL
QC-00412,LOT-0195,STN-LAB,SAMPLE,Lực ép,187.9,170.0,230.0,OK,,2026-10-05T12:42:00,IN_CONTROL,STABLE,NORMAL
QC-00413,LOT-0196,STN-T1,AUTO,Đường kính trục,12.47,12.3,12.6,OK,,2026-10-05T21:00:00,IN_CONTROL,STABLE,NORMAL
QC-00414,LOT-0196,STN-LAB,SAMPLE,Lực ép,187.9,170.0,230.0,OK,,2026-10-05T21:30:00,IN_CONTROL,STABLE,NORMAL
QC-00415,LOT-0197,STN-T1,AUTO,Đường kính trục,12.47,12.3,12.6,OK,,2026-10-05T13:48:00,IN_CONTROL,STABLE,NORMAL
QC-00416,LOT-0197,STN-LAB,SAMPLE,Lực ép,187.9,170.0,230.0,OK,,2026-10-05T14:18:00,IN_CONTROL,STABLE,NORMAL
QC-00417,LOT-0198,STN-T1,AUTO,Đường kính trục,12.47,12.3,12.6,OK,,2026-10-05T22:36:00,IN_CONTROL,STABLE,NORMAL
QC-00418,LOT-0198,STN-LAB,SAMPLE,Lực ép,187.9,170.0,230.0,OK,,2026-10-05T23:06:00,IN_CONTROL,STABLE,NORMAL
QC-00419,LOT-0199,STN-T1,AUTO,Đường kính trục,12.47,12.3,12.6,OK,,2026-10-05T09:00:00,IN_CONTROL,STABLE,NORMAL
QC-00420,LOT-0199,STN-LAB,SAMPLE,Lực ép,187.9,170.0,230.0,OK,,2026-10-05T09:30:00,IN_CONTROL,STABLE,NORMAL
QC-00421,LOT-0200,STN-T1,AUTO,Đường kính trục,12.47,12.3,12.6,OK,,2026-10-05T17:48:00,IN_CONTROL,STABLE,NORMAL
QC-00422,LOT-0200,STN-LAB,SAMPLE,Lực ép,187.9,170.0,230.0,OK,,2026-10-05T18:18:00,IN_CONTROL,STABLE,NORMAL
QC-00423,LOT-0201,STN-T1,AUTO,Đường kính trục,12.47,12.3,12.6,OK,,2026-10-05T10:36:00,IN_CONTROL,STABLE,NORMAL
QC-00424,LOT-0201,STN-LAB,SAMPLE,Lực ép,187.9,170.0,230.0,OK,,2026-10-05T11:06:00,IN_CONTROL,STABLE,NORMAL
QC-00425,LOT-0202,STN-T1,AUTO,Đường kính trục,12.47,12.3,12.6,OK,,2026-10-05T19:24:00,IN_CONTROL,STABLE,NORMAL
QC-00426,LOT-0202,STN-LAB,SAMPLE,Lực ép,187.9,170.0,230.0,OK,,2026-10-05T19:54:00,IN_CONTROL,STABLE,NORMAL
QC-00427,LOT-0203,STN-T1,AUTO,Đường kính trục,12.47,12.3,12.6,OK,,2026-10-05T12:12:00,IN_CONTROL,STABLE,NORMAL
QC-00428,LOT-0203,STN-LAB,SAMPLE,Lực ép,187.9,170.0,230.0,OK,,2026-10-05T12:42:00,IN_CONTROL,STABLE,NORMAL
QC-00429,LOT-0204,STN-T1,AUTO,Đường kính trục,12.47,12.3,12.6,OK,,2026-10-06T09:00:00,IN_CONTROL,STABLE,NORMAL
QC-00430,LOT-0204,STN-LAB,SAMPLE,Lực ép,187.9,170.0,230.0,OK,,2026-10-06T09:30:00,IN_CONTROL,STABLE,NORMAL
QC-00431,LOT-0205,STN-T1,AUTO,Đường kính trục,12.47,12.3,12.6,OK,,2026-10-06T17:48:00,IN_CONTROL,STABLE,NORMAL
QC-00432,LOT-0205,STN-LAB,SAMPLE,Lực ép,187.9,170.0,230.0,OK,,2026-10-06T18:18:00,IN_CONTROL,STABLE,NORMAL
QC-00433,LOT-0206,STN-T1,AUTO,Đường kính trục,12.47,12.3,12.6,OK,,2026-10-06T10:36:00,IN_CONTROL,STABLE,NORMAL
QC-00434,LOT-0206,STN-LAB,SAMPLE,Lực ép,187.9,170.0,230.0,OK,,2026-10-06T11:06:00,IN_CONTROL,STABLE,NORMAL
QC-00435,LOT-0207,STN-T1,AUTO,Đường kính trục,12.47,12.3,12.6,OK,,2026-10-06T19:24:00,IN_CONTROL,STABLE,NORMAL
QC-00436,LOT-0207,STN-LAB,SAMPLE,Lực ép,187.9,170.0,230.0,OK,,2026-10-06T19:54:00,IN_CONTROL,STABLE,NORMAL
QC-00437,LOT-0208,STN-T1,AUTO,Đường kính trục,12.47,12.3,12.6,OK,,2026-10-06T12:12:00,IN_CONTROL,STABLE,NORMAL
QC-00438,LOT-0208,STN-LAB,SAMPLE,Lực ép,187.9,170.0,230.0,OK,,2026-10-06T12:42:00,IN_CONTROL,STABLE,NORMAL
QC-00439,LOT-0209,STN-T1,AUTO,Đường kính trục,12.47,12.3,12.6,OK,,2026-10-06T21:00:00,IN_CONTROL,STABLE,NORMAL
QC-00440,LOT-0209,STN-LAB,SAMPLE,Lực ép,187.9,170.0,230.0,OK,,2026-10-06T21:30:00,IN_CONTROL,STABLE,NORMAL
QC-00441,LOT-0210,STN-T1,AUTO,Đường kính trục,12.47,12.3,12.6,OK,,2026-10-06T13:48:00,IN_CONTROL,STABLE,NORMAL
QC-00442,LOT-0210,STN-LAB,SAMPLE,Lực ép,187.9,170.0,230.0,OK,,2026-10-06T14:18:00,IN_CONTROL,STABLE,NORMAL
QC-00443,LOT-0211,STN-T1,AUTO,Đường kính trục,12.47,12.3,12.6,OK,,2026-10-06T22:36:00,IN_CONTROL,STABLE,NORMAL
QC-00444,LOT-0211,STN-LAB,SAMPLE,Lực ép,187.9,170.0,230.0,OK,,2026-10-06T23:06:00,IN_CONTROL,STABLE,NORMAL
QC-00445,LOT-0212,STN-T1,AUTO,Đường kính trục,12.47,12.3,12.6,OK,,2026-10-06T09:00:00,IN_CONTROL,STABLE,NORMAL
QC-00446,LOT-0212,STN-LAB,SAMPLE,Lực ép,187.9,170.0,230.0,OK,,2026-10-06T09:30:00,IN_CONTROL,STABLE,NORMAL
QC-00447,LOT-0213,STN-T1,AUTO,Đường kính trục,12.47,12.3,12.6,OK,,2026-10-06T17:48:00,IN_CONTROL,STABLE,NORMAL
QC-00448,LOT-0213,STN-LAB,SAMPLE,Lực ép,187.9,170.0,230.0,OK,,2026-10-06T18:18:00,IN_CONTROL,STABLE,NORMAL
QC-00449,LOT-0214,STN-T1,AUTO,Đường kính trục,12.47,12.3,12.6,OK,,2026-10-06T10:36:00,IN_CONTROL,STABLE,NORMAL
QC-00450,LOT-0214,STN-LAB,SAMPLE,Lực ép,187.9,170.0,230.0,OK,,2026-10-06T11:06:00,IN_CONTROL,STABLE,NORMAL
QC-00451,LOT-0215,STN-T1,AUTO,Đường kính trục,12.47,12.3,12.6,OK,,2026-10-06T19:24:00,IN_CONTROL,STABLE,NORMAL
QC-00452,LOT-0215,STN-LAB,SAMPLE,Lực ép,187.9,170.0,230.0,OK,,2026-10-06T19:54:00,IN_CONTROL,STABLE,NORMAL
QC-00453,LOT-0216,STN-T1,AUTO,Đường kính trục,12.47,12.3,12.6,OK,,2026-10-06T12:12:00,IN_CONTROL,STABLE,NORMAL
QC-00454,LOT-0216,STN-LAB,SAMPLE,Lực ép,187.9,170.0,230.0,OK,,2026-10-06T12:42:00,IN_CONTROL,STABLE,NORMAL
QC-00455,LOT-0217,STN-T1,AUTO,Đường kính trục,12.47,12.3,12.6,OK,,2026-10-06T21:00:00,IN_CONTROL,STABLE,NORMAL
QC-00456,LOT-0217,STN-LAB,SAMPLE,Lực ép,187.9,170.0,230.0,OK,,2026-10-06T21:30:00,IN_CONTROL,STABLE,NORMAL
QC-00457,LOT-0218,STN-T1,AUTO,Đường kính trục,12.47,12.3,12.6,OK,,2026-10-06T13:48:00,IN_CONTROL,STABLE,NORMAL
QC-00458,LOT-0218,STN-LAB,SAMPLE,Lực ép,187.9,170.0,230.0,OK,,2026-10-06T14:18:00,IN_CONTROL,STABLE,NORMAL
QC-00459,LOT-0219,STN-T1,AUTO,Đường kính trục,12.47,12.3,12.6,OK,,2026-10-06T22:36:00,IN_CONTROL,STABLE,NORMAL
QC-00460,LOT-0219,STN-LAB,SAMPLE,Lực ép,187.9,170.0,230.0,OK,,2026-10-06T23:06:00,IN_CONTROL,STABLE,NORMAL
QC-00461,LOT-0220,STN-T1,AUTO,Đường kính trục,12.47,12.3,12.6,OK,,2026-10-06T09:00:00,IN_CONTROL,STABLE,NORMAL
QC-00462,LOT-0220,STN-LAB,SAMPLE,Lực ép,187.9,170.0,230.0,OK,,2026-10-06T09:30:00,IN_CONTROL,STABLE,NORMAL
QC-00463,LOT-0221,STN-T1,AUTO,Đường kính trục,12.47,12.3,12.6,OK,,2026-10-06T17:48:00,IN_CONTROL,STABLE,NORMAL
QC-00464,LOT-0221,STN-LAB,SAMPLE,Lực ép,187.9,170.0,230.0,OK,,2026-10-06T18:18:00,IN_CONTROL,STABLE,NORMAL
QC-00465,LOT-0222,STN-T1,AUTO,Đường kính trục,12.47,12.3,12.6,OK,,2026-10-06T10:36:00,IN_CONTROL,STABLE,NORMAL
QC-00466,LOT-0222,STN-LAB,SAMPLE,Lực ép,187.9,170.0,230.0,OK,,2026-10-06T11:06:00,IN_CONTROL,STABLE,NORMAL
QC-00467,LOT-0223,STN-T1,AUTO,Đường kính trục,12.47,12.3,12.6,OK,,2026-10-06T19:24:00,IN_CONTROL,STABLE,NORMAL
QC-00468,LOT-0223,STN-LAB,SAMPLE,Lực ép,187.9,170.0,230.0,OK,,2026-10-06T19:54:00,IN_CONTROL,STABLE,NORMAL
QC-00469,LOT-0224,STN-T1,AUTO,Đường kính trục,12.47,12.3,12.6,OK,,2026-10-06T12:12:00,IN_CONTROL,STABLE,NORMAL
QC-00470,LOT-0224,STN-LAB,SAMPLE,Lực ép,187.9,170.0,230.0,OK,,2026-10-06T12:42:00,IN_CONTROL,STABLE,NORMAL
QC-00471,LOT-0225,STN-T1,AUTO,Đường kính trục,12.47,12.3,12.6,OK,,2026-10-06T21:00:00,IN_CONTROL,STABLE,NORMAL
QC-00472,LOT-0225,STN-LAB,SAMPLE,Lực ép,187.9,170.0,230.0,OK,,2026-10-06T21:30:00,IN_CONTROL,STABLE,NORMAL
QC-00473,LOT-0226,STN-T1,AUTO,Đường kính trục,12.47,12.3,12.6,OK,,2026-10-06T13:48:00,IN_CONTROL,STABLE,NORMAL
QC-00474,LOT-0226,STN-LAB,SAMPLE,Lực ép,187.9,170.0,230.0,OK,,2026-10-06T14:18:00,IN_CONTROL,STABLE,NORMAL
QC-00475,LOT-0227,STN-T1,AUTO,Đường kính trục,12.47,12.3,12.6,OK,,2026-10-06T22:36:00,IN_CONTROL,STABLE,NORMAL
QC-00476,LOT-0227,STN-LAB,SAMPLE,Lực ép,187.9,170.0,230.0,OK,,2026-10-06T23:06:00,IN_CONTROL,STABLE,NORMAL
QC-00477,LOT-0228,STN-T1,AUTO,Đường kính trục,12.47,12.3,12.6,OK,,2026-10-06T09:00:00,IN_CONTROL,STABLE,NORMAL
QC-00478,LOT-0228,STN-LAB,SAMPLE,Lực ép,187.9,170.0,230.0,OK,,2026-10-06T09:30:00,IN_CONTROL,STABLE,NORMAL
QC-00479,LOT-0229,STN-T1,AUTO,Đường kính trục,12.47,12.3,12.6,OK,,2026-10-06T17:48:00,IN_CONTROL,STABLE,NORMAL
QC-00480,LOT-0229,STN-LAB,SAMPLE,Lực ép,187.9,170.0,230.0,OK,,2026-10-06T18:18:00,IN_CONTROL,STABLE,NORMAL
QC-00481,LOT-0230,STN-T1,AUTO,Đường kính trục,12.47,12.3,12.6,OK,,2026-10-06T10:36:00,IN_CONTROL,STABLE,NORMAL
QC-00482,LOT-0230,STN-LAB,SAMPLE,Lực ép,187.9,170.0,230.0,OK,,2026-10-06T11:06:00,IN_CONTROL,STABLE,NORMAL
QC-00483,LOT-0231,STN-T1,AUTO,Đường kính trục,12.47,12.3,12.6,OK,,2026-10-06T19:24:00,IN_CONTROL,STABLE,NORMAL
QC-00484,LOT-0231,STN-LAB,SAMPLE,Lực ép,187.9,170.0,230.0,OK,,2026-10-06T19:54:00,IN_CONTROL,STABLE,NORMAL
QC-00485,LOT-0232,STN-T1,AUTO,Đường kính trục,12.47,12.3,12.6,OK,,2026-10-06T12:12:00,IN_CONTROL,STABLE,NORMAL
QC-00486,LOT-0232,STN-LAB,SAMPLE,Lực ép,187.9,170.0,230.0,OK,,2026-10-06T12:42:00,IN_CONTROL,STABLE,NORMAL
QC-00487,LOT-0233,STN-T1,AUTO,Đường kính trục,12.47,12.3,12.6,OK,,2026-10-07T09:00:00,IN_CONTROL,STABLE,NORMAL
QC-00488,LOT-0233,STN-LAB,SAMPLE,Lực ép,187.9,170.0,230.0,OK,,2026-10-07T09:30:00,IN_CONTROL,STABLE,NORMAL
QC-00489,LOT-0234,STN-T1,AUTO,Đường kính trục,12.47,12.3,12.6,OK,,2026-10-07T17:48:00,IN_CONTROL,STABLE,NORMAL
QC-00490,LOT-0234,STN-LAB,SAMPLE,Lực ép,187.9,170.0,230.0,OK,,2026-10-07T18:18:00,IN_CONTROL,STABLE,NORMAL
QC-00491,LOT-0235,STN-T1,AUTO,Đường kính trục,12.47,12.3,12.6,OK,,2026-10-07T10:36:00,IN_CONTROL,STABLE,NORMAL
QC-00492,LOT-0235,STN-LAB,SAMPLE,Lực ép,187.9,170.0,230.0,OK,,2026-10-07T11:06:00,IN_CONTROL,STABLE,NORMAL
QC-00493,LOT-0236,STN-T1,AUTO,Đường kính trục,12.47,12.3,12.6,OK,,2026-10-07T19:24:00,IN_CONTROL,STABLE,NORMAL
QC-00494,LOT-0236,STN-LAB,SAMPLE,Lực ép,187.9,170.0,230.0,OK,,2026-10-07T19:54:00,IN_CONTROL,STABLE,NORMAL
QC-00495,LOT-0237,STN-T1,AUTO,Đường kính trục,12.47,12.3,12.6,OK,,2026-10-07T12:12:00,IN_CONTROL,STABLE,NORMAL
QC-00496,LOT-0237,STN-LAB,SAMPLE,Lực ép,187.9,170.0,230.0,OK,,2026-10-07T12:42:00,IN_CONTROL,STABLE,NORMAL
QC-00497,LOT-0238,STN-T1,AUTO,Đường kính trục,12.47,12.3,12.6,OK,,2026-10-07T21:00:00,IN_CONTROL,STABLE,NORMAL
QC-00498,LOT-0238,STN-LAB,SAMPLE,Lực ép,187.9,170.0,230.0,OK,,2026-10-07T21:30:00,IN_CONTROL,STABLE,NORMAL
QC-00499,LOT-0239,STN-T1,AUTO,Đường kính trục,12.47,12.3,12.6,OK,,2026-10-07T13:48:00,IN_CONTROL,STABLE,NORMAL
QC-00500,LOT-0239,STN-LAB,SAMPLE,Lực ép,187.9,170.0,230.0,OK,,2026-10-07T14:18:00,IN_CONTROL,STABLE,NORMAL
QC-00501,LOT-0240,STN-T1,AUTO,Đường kính trục,12.47,12.3,12.6,OK,,2026-10-07T22:36:00,IN_CONTROL,STABLE,NORMAL
QC-00502,LOT-0240,STN-LAB,SAMPLE,Lực ép,187.9,170.0,230.0,OK,,2026-10-07T23:06:00,IN_CONTROL,STABLE,NORMAL
QC-00503,LOT-0241,STN-T1,AUTO,Đường kính trục,12.47,12.3,12.6,OK,,2026-10-07T09:00:00,IN_CONTROL,STABLE,NORMAL
QC-00504,LOT-0241,STN-LAB,SAMPLE,Lực ép,187.9,170.0,230.0,OK,,2026-10-07T09:30:00,IN_CONTROL,STABLE,NORMAL
QC-00505,LOT-0242,STN-T1,AUTO,Đường kính trục,12.47,12.3,12.6,OK,,2026-10-07T17:48:00,IN_CONTROL,STABLE,NORMAL
QC-00506,LOT-0242,STN-LAB,SAMPLE,Lực ép,187.9,170.0,230.0,OK,,2026-10-07T18:18:00,IN_CONTROL,STABLE,NORMAL
QC-00507,LOT-0243,STN-T1,AUTO,Đường kính trục,12.47,12.3,12.6,OK,,2026-10-07T10:36:00,IN_CONTROL,STABLE,NORMAL
QC-00508,LOT-0243,STN-LAB,SAMPLE,Lực ép,187.9,170.0,230.0,OK,,2026-10-07T11:06:00,IN_CONTROL,STABLE,NORMAL
QC-00509,LOT-0244,STN-T1,AUTO,Đường kính trục,12.47,12.3,12.6,OK,,2026-10-07T19:24:00,IN_CONTROL,STABLE,NORMAL
QC-00510,LOT-0244,STN-LAB,SAMPLE,Lực ép,187.9,170.0,230.0,OK,,2026-10-07T19:54:00,IN_CONTROL,STABLE,NORMAL
QC-00511,LOT-0245,STN-T1,AUTO,Đường kính trục,12.47,12.3,12.6,OK,,2026-10-07T12:12:00,IN_CONTROL,STABLE,NORMAL
QC-00512,LOT-0245,STN-LAB,SAMPLE,Lực ép,187.9,170.0,230.0,OK,,2026-10-07T12:42:00,IN_CONTROL,STABLE,NORMAL
QC-00513,LOT-0246,STN-T1,AUTO,Đường kính trục,12.47,12.3,12.6,OK,,2026-10-07T21:00:00,IN_CONTROL,STABLE,NORMAL
QC-00514,LOT-0246,STN-LAB,SAMPLE,Lực ép,187.9,170.0,230.0,OK,,2026-10-07T21:30:00,IN_CONTROL,STABLE,NORMAL
QC-00515,LOT-0247,STN-T1,AUTO,Đường kính trục,12.47,12.3,12.6,OK,,2026-10-07T13:48:00,IN_CONTROL,STABLE,NORMAL
QC-00516,LOT-0247,STN-LAB,SAMPLE,Lực ép,187.9,170.0,230.0,OK,,2026-10-07T14:18:00,IN_CONTROL,STABLE,NORMAL
QC-00517,LOT-0248,STN-T1,AUTO,Đường kính trục,12.47,12.3,12.6,OK,,2026-10-07T22:36:00,IN_CONTROL,STABLE,NORMAL
QC-00518,LOT-0248,STN-LAB,SAMPLE,Lực ép,187.9,170.0,230.0,OK,,2026-10-07T23:06:00,IN_CONTROL,STABLE,NORMAL
QC-00519,LOT-0249,STN-T1,AUTO,Đường kính trục,12.47,12.3,12.6,OK,,2026-10-07T09:00:00,IN_CONTROL,STABLE,NORMAL
QC-00520,LOT-0249,STN-LAB,SAMPLE,Lực ép,187.9,170.0,230.0,OK,,2026-10-07T09:30:00,IN_CONTROL,STABLE,NORMAL
QC-00521,LOT-0250,STN-T1,AUTO,Đường kính trục,12.47,12.3,12.6,OK,,2026-10-07T17:48:00,IN_CONTROL,STABLE,NORMAL
QC-00522,LOT-0250,STN-LAB,SAMPLE,Lực ép,187.9,170.0,230.0,OK,,2026-10-07T18:18:00,IN_CONTROL,STABLE,NORMAL
QC-00523,LOT-0251,STN-T1,AUTO,Đường kính trục,12.47,12.3,12.6,OK,,2026-10-07T10:36:00,IN_CONTROL,STABLE,NORMAL
QC-00524,LOT-0251,STN-LAB,SAMPLE,Lực ép,187.9,170.0,230.0,OK,,2026-10-07T11:06:00,IN_CONTROL,STABLE,NORMAL
QC-00525,LOT-0252,STN-T1,AUTO,Đường kính trục,12.47,12.3,12.6,OK,,2026-10-07T19:24:00,IN_CONTROL,STABLE,NORMAL
QC-00526,LOT-0252,STN-LAB,SAMPLE,Lực ép,187.9,170.0,230.0,OK,,2026-10-07T19:54:00,IN_CONTROL,STABLE,NORMAL
QC-00527,LOT-0253,STN-T1,AUTO,Đường kính trục,12.47,12.3,12.6,OK,,2026-10-07T12:12:00,IN_CONTROL,STABLE,NORMAL
QC-00528,LOT-0253,STN-LAB,SAMPLE,Lực ép,187.9,170.0,230.0,OK,,2026-10-07T12:42:00,IN_CONTROL,STABLE,NORMAL
QC-00529,LOT-0254,STN-T1,AUTO,Đường kính trục,12.47,12.3,12.6,OK,,2026-10-07T21:00:00,IN_CONTROL,STABLE,NORMAL
QC-00530,LOT-0254,STN-LAB,SAMPLE,Lực ép,187.9,170.0,230.0,OK,,2026-10-07T21:30:00,IN_CONTROL,STABLE,NORMAL
QC-00531,LOT-0255,STN-T1,AUTO,Đường kính trục,12.47,12.3,12.6,OK,,2026-10-07T13:48:00,IN_CONTROL,STABLE,NORMAL
QC-00532,LOT-0255,STN-LAB,SAMPLE,Lực ép,187.9,170.0,230.0,OK,,2026-10-07T14:18:00,IN_CONTROL,STABLE,NORMAL
QC-00533,LOT-0256,STN-T1,AUTO,Đường kính trục,12.47,12.3,12.6,OK,,2026-10-07T22:36:00,IN_CONTROL,STABLE,NORMAL
QC-00534,LOT-0256,STN-LAB,SAMPLE,Lực ép,187.9,170.0,230.0,OK,,2026-10-07T23:06:00,IN_CONTROL,STABLE,NORMAL
QC-00535,LOT-0257,STN-T1,AUTO,Đường kính trục,12.47,12.3,12.6,OK,,2026-10-07T09:00:00,IN_CONTROL,STABLE,NORMAL
QC-00536,LOT-0257,STN-LAB,SAMPLE,Lực ép,187.9,170.0,230.0,OK,,2026-10-07T09:30:00,IN_CONTROL,STABLE,NORMAL
QC-00537,LOT-0258,STN-T1,AUTO,Đường kính trục,12.47,12.3,12.6,OK,,2026-10-07T17:48:00,IN_CONTROL,STABLE,NORMAL
QC-00538,LOT-0258,STN-LAB,SAMPLE,Lực ép,187.9,170.0,230.0,OK,,2026-10-07T18:18:00,IN_CONTROL,STABLE,NORMAL
QC-00539,LOT-0259,STN-T1,AUTO,Đường kính trục,12.47,12.3,12.6,OK,,2026-10-07T10:36:00,IN_CONTROL,STABLE,NORMAL
QC-00540,LOT-0259,STN-LAB,SAMPLE,Lực ép,187.9,170.0,230.0,OK,,2026-10-07T11:06:00,IN_CONTROL,STABLE,NORMAL
QC-00541,LOT-0260,STN-T1,AUTO,Đường kính trục,12.47,12.3,12.6,OK,,2026-10-07T19:24:00,IN_CONTROL,STABLE,NORMAL
QC-00542,LOT-0260,STN-LAB,SAMPLE,Lực ép,187.9,170.0,230.0,OK,,2026-10-07T19:54:00,IN_CONTROL,STABLE,NORMAL
QC-00543,LOT-0261,STN-T1,AUTO,Đường kính trục,12.47,12.3,12.6,OK,,2026-10-08T09:00:00,IN_CONTROL,STABLE,NORMAL
QC-00544,LOT-0261,STN-LAB,SAMPLE,Lực ép,187.9,170.0,230.0,OK,,2026-10-08T09:30:00,IN_CONTROL,STABLE,NORMAL
QC-00545,LOT-0262,STN-T1,AUTO,Đường kính trục,12.47,12.3,12.6,OK,,2026-10-08T17:48:00,IN_CONTROL,STABLE,NORMAL
QC-00546,LOT-0262,STN-LAB,SAMPLE,Lực ép,187.9,170.0,230.0,OK,,2026-10-08T18:18:00,IN_CONTROL,STABLE,NORMAL
QC-00547,LOT-0263,STN-T1,AUTO,Đường kính trục,12.47,12.3,12.6,OK,,2026-10-08T10:36:00,IN_CONTROL,STABLE,NORMAL
QC-00548,LOT-0263,STN-LAB,SAMPLE,Lực ép,187.9,170.0,230.0,OK,,2026-10-08T11:06:00,IN_CONTROL,STABLE,NORMAL
QC-00549,LOT-0264,STN-T1,AUTO,Đường kính trục,12.47,12.3,12.6,OK,,2026-10-08T19:24:00,IN_CONTROL,STABLE,NORMAL
QC-00550,LOT-0264,STN-LAB,SAMPLE,Lực ép,187.9,170.0,230.0,OK,,2026-10-08T19:54:00,IN_CONTROL,STABLE,NORMAL
QC-00551,LOT-0265,STN-T1,AUTO,Đường kính trục,12.47,12.3,12.6,OK,,2026-10-08T12:12:00,IN_CONTROL,STABLE,NORMAL
QC-00552,LOT-0265,STN-LAB,SAMPLE,Lực ép,187.9,170.0,230.0,OK,,2026-10-08T12:42:00,IN_CONTROL,STABLE,NORMAL
QC-00553,LOT-0266,STN-T1,AUTO,Đường kính trục,12.47,12.3,12.6,OK,,2026-10-08T21:00:00,IN_CONTROL,STABLE,NORMAL
QC-00554,LOT-0266,STN-LAB,SAMPLE,Lực ép,187.9,170.0,230.0,OK,,2026-10-08T21:30:00,IN_CONTROL,STABLE,NORMAL
QC-00555,LOT-0267,STN-T1,AUTO,Đường kính trục,12.47,12.3,12.6,OK,,2026-10-08T13:48:00,IN_CONTROL,STABLE,NORMAL
QC-00556,LOT-0267,STN-LAB,SAMPLE,Lực ép,187.9,170.0,230.0,OK,,2026-10-08T14:18:00,IN_CONTROL,STABLE,NORMAL
QC-00557,LOT-0268,STN-T1,AUTO,Đường kính trục,12.47,12.3,12.6,OK,,2026-10-08T22:36:00,IN_CONTROL,STABLE,NORMAL
QC-00558,LOT-0268,STN-LAB,SAMPLE,Lực ép,187.9,170.0,230.0,OK,,2026-10-08T23:06:00,IN_CONTROL,STABLE,NORMAL
QC-00559,LOT-0269,STN-T1,AUTO,Đường kính trục,12.47,12.3,12.6,OK,,2026-10-08T09:00:00,IN_CONTROL,STABLE,NORMAL
QC-00560,LOT-0269,STN-LAB,SAMPLE,Lực ép,187.9,170.0,230.0,OK,,2026-10-08T09:30:00,IN_CONTROL,STABLE,NORMAL
QC-00561,LOT-0270,STN-T1,AUTO,Đường kính trục,12.47,12.3,12.6,OK,,2026-10-08T17:48:00,IN_CONTROL,STABLE,NORMAL
QC-00562,LOT-0270,STN-LAB,SAMPLE,Lực ép,187.9,170.0,230.0,OK,,2026-10-08T18:18:00,IN_CONTROL,STABLE,NORMAL
QC-00563,LOT-0271,STN-T1,AUTO,Đường kính trục,12.47,12.3,12.6,OK,,2026-10-08T10:36:00,IN_CONTROL,STABLE,NORMAL
QC-00564,LOT-0271,STN-LAB,SAMPLE,Lực ép,187.9,170.0,230.0,OK,,2026-10-08T11:06:00,IN_CONTROL,STABLE,NORMAL
QC-00565,LOT-0272,STN-T1,AUTO,Đường kính trục,12.47,12.3,12.6,OK,,2026-10-08T19:24:00,IN_CONTROL,STABLE,NORMAL
QC-00566,LOT-0272,STN-LAB,SAMPLE,Lực ép,187.9,170.0,230.0,OK,,2026-10-08T19:54:00,IN_CONTROL,STABLE,NORMAL
QC-00567,LOT-0273,STN-T1,AUTO,Đường kính trục,12.47,12.3,12.6,OK,,2026-10-08T12:12:00,IN_CONTROL,STABLE,NORMAL
QC-00568,LOT-0273,STN-LAB,SAMPLE,Lực ép,187.9,170.0,230.0,OK,,2026-10-08T12:42:00,IN_CONTROL,STABLE,NORMAL
QC-00569,LOT-0274,STN-T1,AUTO,Đường kính trục,12.47,12.3,12.6,OK,,2026-10-08T21:00:00,IN_CONTROL,STABLE,NORMAL
QC-00570,LOT-0274,STN-LAB,SAMPLE,Lực ép,187.9,170.0,230.0,OK,,2026-10-08T21:30:00,IN_CONTROL,STABLE,NORMAL
QC-00571,LOT-0275,STN-T1,AUTO,Đường kính trục,12.47,12.3,12.6,OK,,2026-10-08T13:48:00,IN_CONTROL,STABLE,NORMAL
QC-00572,LOT-0275,STN-LAB,SAMPLE,Lực ép,187.9,170.0,230.0,OK,,2026-10-08T14:18:00,IN_CONTROL,STABLE,NORMAL
QC-00573,LOT-0276,STN-T1,AUTO,Đường kính trục,12.47,12.3,12.6,OK,,2026-10-08T22:36:00,IN_CONTROL,STABLE,NORMAL
QC-00574,LOT-0276,STN-LAB,SAMPLE,Lực ép,187.9,170.0,230.0,OK,,2026-10-08T23:06:00,IN_CONTROL,STABLE,NORMAL
QC-00575,LOT-0277,STN-T1,AUTO,Đường kính trục,12.47,12.3,12.6,OK,,2026-10-08T09:00:00,IN_CONTROL,STABLE,NORMAL
QC-00576,LOT-0277,STN-LAB,SAMPLE,Lực ép,187.9,170.0,230.0,OK,,2026-10-08T09:30:00,IN_CONTROL,STABLE,NORMAL
QC-00577,LOT-0278,STN-T1,AUTO,Đường kính trục,12.47,12.3,12.6,OK,,2026-10-08T17:48:00,IN_CONTROL,STABLE,NORMAL
QC-00578,LOT-0278,STN-LAB,SAMPLE,Lực ép,187.9,170.0,230.0,OK,,2026-10-08T18:18:00,IN_CONTROL,STABLE,NORMAL
QC-00579,LOT-0279,STN-T1,AUTO,Đường kính trục,12.47,12.3,12.6,OK,,2026-10-08T10:36:00,IN_CONTROL,STABLE,NORMAL
QC-00580,LOT-0279,STN-LAB,SAMPLE,Lực ép,187.9,170.0,230.0,OK,,2026-10-08T11:06:00,IN_CONTROL,STABLE,NORMAL
QC-00581,LOT-0280,STN-T1,AUTO,Đường kính trục,12.47,12.3,12.6,OK,,2026-10-08T19:24:00,IN_CONTROL,STABLE,NORMAL
QC-00582,LOT-0280,STN-LAB,SAMPLE,Lực ép,187.9,170.0,230.0,OK,,2026-10-08T19:54:00,IN_CONTROL,STABLE,NORMAL
QC-00583,LOT-0281,STN-T1,AUTO,Đường kính trục,12.47,12.3,12.6,OK,,2026-10-08T12:12:00,IN_CONTROL,STABLE,NORMAL
QC-00584,LOT-0281,STN-LAB,SAMPLE,Lực ép,187.9,170.0,230.0,OK,,2026-10-08T12:42:00,IN_CONTROL,STABLE,NORMAL
QC-00585,LOT-0282,STN-T1,AUTO,Đường kính trục,12.47,12.3,12.6,OK,,2026-10-08T21:00:00,IN_CONTROL,STABLE,NORMAL
QC-00586,LOT-0282,STN-LAB,SAMPLE,Lực ép,187.9,170.0,230.0,OK,,2026-10-08T21:30:00,IN_CONTROL,STABLE,NORMAL
QC-00587,LOT-0283,STN-T1,AUTO,Đường kính trục,12.47,12.3,12.6,OK,,2026-10-08T13:48:00,IN_CONTROL,STABLE,NORMAL
QC-00588,LOT-0283,STN-LAB,SAMPLE,Lực ép,187.9,170.0,230.0,OK,,2026-10-08T14:18:00,IN_CONTROL,STABLE,NORMAL
QC-00589,LOT-0284,STN-T1,AUTO,Đường kính trục,12.47,12.3,12.6,OK,,2026-10-08T22:36:00,IN_CONTROL,STABLE,NORMAL
QC-00590,LOT-0284,STN-LAB,SAMPLE,Lực ép,187.9,170.0,230.0,OK,,2026-10-08T23:06:00,IN_CONTROL,STABLE,NORMAL
QC-00591,LOT-0285,STN-T1,AUTO,Đường kính trục,12.47,12.3,12.6,OK,,2026-10-08T09:00:00,IN_CONTROL,STABLE,NORMAL
QC-00592,LOT-0285,STN-LAB,SAMPLE,Lực ép,187.9,170.0,230.0,OK,,2026-10-08T09:30:00,IN_CONTROL,STABLE,NORMAL
QC-00593,LOT-0286,STN-T1,AUTO,Đường kính trục,12.47,12.3,12.6,OK,,2026-10-08T17:48:00,IN_CONTROL,STABLE,NORMAL
QC-00594,LOT-0286,STN-LAB,SAMPLE,Lực ép,187.9,170.0,230.0,OK,,2026-10-08T18:18:00,IN_CONTROL,STABLE,NORMAL
QC-00595,LOT-0287,STN-T1,AUTO,Đường kính trục,12.47,12.3,12.6,OK,,2026-10-08T10:36:00,IN_CONTROL,STABLE,NORMAL
QC-00596,LOT-0287,STN-LAB,SAMPLE,Lực ép,187.9,170.0,230.0,OK,,2026-10-08T11:06:00,IN_CONTROL,STABLE,NORMAL
QC-00597,LOT-0288,STN-T1,AUTO,Đường kính trục,12.47,12.3,12.6,OK,,2026-10-08T19:24:00,IN_CONTROL,STABLE,NORMAL
QC-00598,LOT-0288,STN-LAB,SAMPLE,Lực ép,187.9,170.0,230.0,OK,,2026-10-08T19:54:00,IN_CONTROL,STABLE,NORMAL
QC-00599,LOT-0289,STN-T1,AUTO,Đường kính trục,12.47,12.3,12.6,OK,,2026-10-09T09:00:00,IN_CONTROL,STABLE,NORMAL
QC-00600,LOT-0289,STN-LAB,SAMPLE,Lực ép,187.9,170.0,230.0,OK,,2026-10-09T09:30:00,IN_CONTROL,STABLE,NORMAL
QC-00601,LOT-0290,STN-T1,AUTO,Đường kính trục,12.47,12.3,12.6,OK,,2026-10-09T17:48:00,IN_CONTROL,STABLE,NORMAL
QC-00602,LOT-0290,STN-LAB,SAMPLE,Lực ép,187.9,170.0,230.0,OK,,2026-10-09T18:18:00,IN_CONTROL,STABLE,NORMAL
QC-00603,LOT-0291,STN-T1,AUTO,Đường kính trục,12.47,12.3,12.6,OK,,2026-10-09T10:36:00,IN_CONTROL,STABLE,NORMAL
QC-00604,LOT-0291,STN-LAB,SAMPLE,Lực ép,187.9,170.0,230.0,OK,,2026-10-09T11:06:00,IN_CONTROL,STABLE,NORMAL
QC-00605,LOT-0292,STN-T1,AUTO,Đường kính trục,12.47,12.3,12.6,OK,,2026-10-09T19:24:00,IN_CONTROL,STABLE,NORMAL
QC-00606,LOT-0292,STN-LAB,SAMPLE,Lực ép,187.9,170.0,230.0,OK,,2026-10-09T19:54:00,IN_CONTROL,STABLE,NORMAL
QC-00607,LOT-0293,STN-T1,AUTO,Đường kính trục,12.47,12.3,12.6,OK,,2026-10-09T12:12:00,IN_CONTROL,STABLE,NORMAL
QC-00608,LOT-0293,STN-LAB,SAMPLE,Lực ép,187.9,170.0,230.0,OK,,2026-10-09T12:42:00,IN_CONTROL,STABLE,NORMAL
QC-00609,LOT-0294,STN-T1,AUTO,Đường kính trục,12.47,12.3,12.6,OK,,2026-10-09T21:00:00,IN_CONTROL,STABLE,NORMAL
QC-00610,LOT-0294,STN-LAB,SAMPLE,Lực ép,187.9,170.0,230.0,OK,,2026-10-09T21:30:00,IN_CONTROL,STABLE,NORMAL
QC-00611,LOT-0295,STN-T1,AUTO,Đường kính trục,12.47,12.3,12.6,OK,,2026-10-09T13:48:00,IN_CONTROL,STABLE,NORMAL
QC-00612,LOT-0295,STN-LAB,SAMPLE,Lực ép,187.9,170.0,230.0,OK,,2026-10-09T14:18:00,IN_CONTROL,STABLE,NORMAL
QC-00613,LOT-0296,STN-T1,AUTO,Đường kính trục,12.47,12.3,12.6,OK,,2026-10-09T22:36:00,IN_CONTROL,STABLE,NORMAL
QC-00614,LOT-0296,STN-LAB,SAMPLE,Lực ép,187.9,170.0,230.0,OK,,2026-10-09T23:06:00,IN_CONTROL,STABLE,NORMAL
QC-00615,LOT-0297,STN-T1,AUTO,Đường kính trục,12.47,12.3,12.6,OK,,2026-10-09T09:00:00,IN_CONTROL,STABLE,NORMAL
QC-00616,LOT-0297,STN-LAB,SAMPLE,Lực ép,187.9,170.0,230.0,OK,,2026-10-09T09:30:00,IN_CONTROL,STABLE,NORMAL
QC-00617,LOT-0298,STN-T1,AUTO,Đường kính trục,12.47,12.3,12.6,OK,,2026-10-09T17:48:00,IN_CONTROL,STABLE,NORMAL
QC-00618,LOT-0298,STN-LAB,SAMPLE,Lực ép,187.9,170.0,230.0,OK,,2026-10-09T18:18:00,IN_CONTROL,STABLE,NORMAL
QC-00619,LOT-0299,STN-T1,AUTO,Đường kính trục,12.47,12.3,12.6,OK,,2026-10-09T10:36:00,IN_CONTROL,STABLE,NORMAL
QC-00620,LOT-0299,STN-LAB,SAMPLE,Lực ép,187.9,170.0,230.0,OK,,2026-10-09T11:06:00,IN_CONTROL,STABLE,NORMAL
QC-00621,LOT-0300,STN-T1,AUTO,Đường kính trục,12.47,12.3,12.6,OK,,2026-10-09T19:24:00,IN_CONTROL,STABLE,NORMAL
QC-00622,LOT-0300,STN-LAB,SAMPLE,Lực ép,187.9,170.0,230.0,OK,,2026-10-09T19:54:00,IN_CONTROL,STABLE,NORMAL
QC-00623,LOT-0301,STN-T1,AUTO,Đường kính trục,12.47,12.3,12.6,OK,,2026-10-09T12:12:00,IN_CONTROL,STABLE,NORMAL
QC-00624,LOT-0301,STN-LAB,SAMPLE,Lực ép,187.9,170.0,230.0,OK,,2026-10-09T12:42:00,IN_CONTROL,STABLE,NORMAL
QC-00625,LOT-0302,STN-T1,AUTO,Đường kính trục,12.47,12.3,12.6,OK,,2026-10-09T21:00:00,IN_CONTROL,STABLE,NORMAL
QC-00626,LOT-0302,STN-LAB,SAMPLE,Lực ép,187.9,170.0,230.0,OK,,2026-10-09T21:30:00,IN_CONTROL,STABLE,NORMAL
QC-00627,LOT-0303,STN-T1,AUTO,Đường kính trục,12.47,12.3,12.6,OK,,2026-10-09T13:48:00,IN_CONTROL,STABLE,NORMAL
QC-00628,LOT-0303,STN-LAB,SAMPLE,Lực ép,187.9,170.0,230.0,OK,,2026-10-09T14:18:00,IN_CONTROL,STABLE,NORMAL
QC-00629,LOT-0304,STN-T1,AUTO,Đường kính trục,12.47,12.3,12.6,OK,,2026-10-09T22:36:00,IN_CONTROL,STABLE,NORMAL
QC-00630,LOT-0304,STN-LAB,SAMPLE,Lực ép,187.9,170.0,230.0,OK,,2026-10-09T23:06:00,IN_CONTROL,STABLE,NORMAL
QC-00631,LOT-0305,STN-T1,AUTO,Đường kính trục,12.47,12.3,12.6,OK,,2026-10-09T09:00:00,IN_CONTROL,STABLE,NORMAL
QC-00632,LOT-0305,STN-LAB,SAMPLE,Lực ép,187.9,170.0,230.0,OK,,2026-10-09T09:30:00,IN_CONTROL,STABLE,NORMAL
QC-00633,LOT-0306,STN-T1,AUTO,Đường kính trục,12.47,12.3,12.6,OK,,2026-10-09T17:48:00,IN_CONTROL,STABLE,NORMAL
QC-00634,LOT-0306,STN-LAB,SAMPLE,Lực ép,187.9,170.0,230.0,OK,,2026-10-09T18:18:00,IN_CONTROL,STABLE,NORMAL
QC-00635,LOT-0307,STN-T1,AUTO,Đường kính trục,12.47,12.3,12.6,OK,,2026-10-09T10:36:00,IN_CONTROL,STABLE,NORMAL
QC-00636,LOT-0307,STN-LAB,SAMPLE,Lực ép,187.9,170.0,230.0,OK,,2026-10-09T11:06:00,IN_CONTROL,STABLE,NORMAL
QC-00637,LOT-0308,STN-T1,AUTO,Đường kính trục,12.47,12.3,12.6,OK,,2026-10-09T19:24:00,IN_CONTROL,STABLE,NORMAL
QC-00638,LOT-0308,STN-LAB,SAMPLE,Lực ép,187.9,170.0,230.0,OK,,2026-10-09T19:54:00,IN_CONTROL,STABLE,NORMAL
QC-00639,LOT-0309,STN-T1,AUTO,Đường kính trục,12.47,12.3,12.6,OK,,2026-10-09T12:12:00,IN_CONTROL,STABLE,NORMAL
QC-00640,LOT-0309,STN-LAB,SAMPLE,Lực ép,187.9,170.0,230.0,OK,,2026-10-09T12:42:00,IN_CONTROL,STABLE,NORMAL
QC-00641,LOT-0310,STN-T1,AUTO,Đường kính trục,12.47,12.3,12.6,OK,,2026-10-09T21:00:00,IN_CONTROL,STABLE,NORMAL
QC-00642,LOT-0310,STN-LAB,SAMPLE,Lực ép,187.9,170.0,230.0,OK,,2026-10-09T21:30:00,IN_CONTROL,STABLE,NORMAL
QC-00643,LOT-0311,STN-T1,AUTO,Đường kính trục,12.47,12.3,12.6,OK,,2026-10-09T13:48:00,IN_CONTROL,STABLE,NORMAL
QC-00644,LOT-0311,STN-LAB,SAMPLE,Lực ép,187.9,170.0,230.0,OK,,2026-10-09T14:18:00,IN_CONTROL,STABLE,NORMAL
QC-00645,LOT-0312,STN-T1,AUTO,Đường kính trục,12.47,12.3,12.6,OK,,2026-10-09T22:36:00,IN_CONTROL,STABLE,NORMAL
QC-00646,LOT-0312,STN-LAB,SAMPLE,Lực ép,187.9,170.0,230.0,OK,,2026-10-09T23:06:00,IN_CONTROL,STABLE,NORMAL
QC-00647,LOT-0313,STN-T1,AUTO,Đường kính trục,12.47,12.3,12.6,OK,,2026-10-09T09:00:00,IN_CONTROL,STABLE,NORMAL
QC-00648,LOT-0313,STN-LAB,SAMPLE,Lực ép,187.9,170.0,230.0,OK,,2026-10-09T09:30:00,IN_CONTROL,STABLE,NORMAL
QC-00649,LOT-0314,STN-T1,AUTO,Đường kính trục,12.47,12.3,12.6,OK,,2026-10-09T17:48:00,IN_CONTROL,STABLE,NORMAL
QC-00650,LOT-0314,STN-LAB,SAMPLE,Lực ép,187.9,170.0,230.0,OK,,2026-10-09T18:18:00,IN_CONTROL,STABLE,NORMAL
QC-00651,LOT-0315,STN-T1,AUTO,Đường kính trục,12.47,12.3,12.6,OK,,2026-10-09T10:36:00,IN_CONTROL,STABLE,NORMAL
QC-00652,LOT-0315,STN-LAB,SAMPLE,Lực ép,187.9,170.0,230.0,OK,,2026-10-09T11:06:00,IN_CONTROL,STABLE,NORMAL
QC-00653,LOT-0316,STN-T1,AUTO,Đường kính trục,12.47,12.3,12.6,OK,,2026-10-09T19:24:00,IN_CONTROL,STABLE,NORMAL
QC-00654,LOT-0316,STN-LAB,SAMPLE,Lực ép,187.9,170.0,230.0,OK,,2026-10-09T19:54:00,IN_CONTROL,STABLE,NORMAL
QC-00655,LOT-0317,STN-T1,AUTO,Đường kính trục,12.47,12.3,12.6,OK,,2026-10-10T09:00:00,IN_CONTROL,STABLE,NORMAL
QC-00656,LOT-0317,STN-LAB,SAMPLE,Lực ép,187.9,170.0,230.0,OK,,2026-10-10T09:30:00,IN_CONTROL,STABLE,NORMAL
QC-00657,LOT-0318,STN-T1,AUTO,Đường kính trục,12.47,12.3,12.6,OK,,2026-10-10T17:48:00,IN_CONTROL,STABLE,NORMAL
QC-00658,LOT-0318,STN-LAB,SAMPLE,Lực ép,187.9,170.0,230.0,OK,,2026-10-10T18:18:00,IN_CONTROL,STABLE,NORMAL
QC-00659,LOT-0319,STN-T1,AUTO,Đường kính trục,12.47,12.3,12.6,OK,,2026-10-10T10:36:00,IN_CONTROL,STABLE,NORMAL
QC-00660,LOT-0319,STN-LAB,SAMPLE,Lực ép,187.9,170.0,230.0,OK,,2026-10-10T11:06:00,IN_CONTROL,STABLE,NORMAL
QC-00661,LOT-0320,STN-T1,AUTO,Đường kính trục,12.47,12.3,12.6,OK,,2026-10-10T19:24:00,IN_CONTROL,STABLE,NORMAL
QC-00662,LOT-0320,STN-LAB,SAMPLE,Lực ép,187.9,170.0,230.0,OK,,2026-10-10T19:54:00,IN_CONTROL,STABLE,NORMAL
QC-00663,LOT-0321,STN-T1,AUTO,Đường kính trục,12.47,12.3,12.6,OK,,2026-10-10T12:12:00,IN_CONTROL,STABLE,NORMAL
QC-00664,LOT-0321,STN-LAB,SAMPLE,Lực ép,187.9,170.0,230.0,OK,,2026-10-10T12:42:00,IN_CONTROL,STABLE,NORMAL
QC-00665,LOT-0322,STN-T1,AUTO,Đường kính trục,12.47,12.3,12.6,OK,,2026-10-10T21:00:00,IN_CONTROL,STABLE,NORMAL
QC-00666,LOT-0322,STN-LAB,SAMPLE,Lực ép,187.9,170.0,230.0,OK,,2026-10-10T21:30:00,IN_CONTROL,STABLE,NORMAL
QC-00667,LOT-0323,STN-T1,AUTO,Đường kính trục,12.47,12.3,12.6,OK,,2026-10-10T13:48:00,IN_CONTROL,STABLE,NORMAL
QC-00668,LOT-0323,STN-LAB,SAMPLE,Lực ép,187.9,170.0,230.0,OK,,2026-10-10T14:18:00,IN_CONTROL,STABLE,NORMAL
QC-00669,LOT-0324,STN-T1,AUTO,Đường kính trục,12.47,12.3,12.6,OK,,2026-10-10T22:36:00,IN_CONTROL,STABLE,NORMAL
QC-00670,LOT-0324,STN-LAB,SAMPLE,Lực ép,187.9,170.0,230.0,OK,,2026-10-10T23:06:00,IN_CONTROL,STABLE,NORMAL
QC-00671,LOT-0325,STN-T1,AUTO,Đường kính trục,12.47,12.3,12.6,OK,,2026-10-10T09:00:00,IN_CONTROL,STABLE,NORMAL
QC-00672,LOT-0325,STN-LAB,SAMPLE,Lực ép,187.9,170.0,230.0,OK,,2026-10-10T09:30:00,IN_CONTROL,STABLE,NORMAL
QC-00673,LOT-0326,STN-T1,AUTO,Đường kính trục,12.47,12.3,12.6,OK,,2026-10-10T17:48:00,IN_CONTROL,STABLE,NORMAL
QC-00674,LOT-0326,STN-LAB,SAMPLE,Lực ép,187.9,170.0,230.0,OK,,2026-10-10T18:18:00,IN_CONTROL,STABLE,NORMAL
QC-00675,LOT-0327,STN-T1,AUTO,Đường kính trục,12.47,12.3,12.6,OK,,2026-10-10T10:36:00,IN_CONTROL,STABLE,NORMAL
QC-00676,LOT-0327,STN-LAB,SAMPLE,Lực ép,187.9,170.0,230.0,OK,,2026-10-10T11:06:00,IN_CONTROL,STABLE,NORMAL
QC-00677,LOT-0328,STN-T1,AUTO,Đường kính trục,12.47,12.3,12.6,OK,,2026-10-10T19:24:00,IN_CONTROL,STABLE,NORMAL
QC-00678,LOT-0328,STN-LAB,SAMPLE,Lực ép,187.9,170.0,230.0,OK,,2026-10-10T19:54:00,IN_CONTROL,STABLE,NORMAL
QC-00679,LOT-0329,STN-T1,AUTO,Đường kính trục,12.47,12.3,12.6,OK,,2026-10-10T12:12:00,IN_CONTROL,STABLE,NORMAL
QC-00680,LOT-0329,STN-LAB,SAMPLE,Lực ép,187.9,170.0,230.0,OK,,2026-10-10T12:42:00,IN_CONTROL,STABLE,NORMAL
QC-00681,LOT-0330,STN-T1,AUTO,Đường kính trục,12.47,12.3,12.6,OK,,2026-10-10T21:00:00,IN_CONTROL,STABLE,NORMAL
QC-00682,LOT-0330,STN-LAB,SAMPLE,Lực ép,187.9,170.0,230.0,OK,,2026-10-10T21:30:00,IN_CONTROL,STABLE,NORMAL
QC-00683,LOT-0331,STN-T1,AUTO,Đường kính trục,12.47,12.3,12.6,OK,,2026-10-10T13:48:00,IN_CONTROL,STABLE,NORMAL
QC-00684,LOT-0331,STN-LAB,SAMPLE,Lực ép,187.9,170.0,230.0,OK,,2026-10-10T14:18:00,IN_CONTROL,STABLE,NORMAL
QC-00685,LOT-0332,STN-T1,AUTO,Đường kính trục,12.47,12.3,12.6,OK,,2026-10-10T22:36:00,IN_CONTROL,STABLE,NORMAL
QC-00686,LOT-0332,STN-LAB,SAMPLE,Lực ép,187.9,170.0,230.0,OK,,2026-10-10T23:06:00,IN_CONTROL,STABLE,NORMAL
QC-00687,LOT-0333,STN-T1,AUTO,Đường kính trục,12.47,12.3,12.6,OK,,2026-10-10T09:00:00,IN_CONTROL,STABLE,NORMAL
QC-00688,LOT-0333,STN-LAB,SAMPLE,Lực ép,187.9,170.0,230.0,OK,,2026-10-10T09:30:00,IN_CONTROL,STABLE,NORMAL
QC-00689,LOT-0334,STN-T1,AUTO,Đường kính trục,12.47,12.3,12.6,OK,,2026-10-10T17:48:00,IN_CONTROL,STABLE,NORMAL
QC-00690,LOT-0334,STN-LAB,SAMPLE,Lực ép,187.9,170.0,230.0,OK,,2026-10-10T18:18:00,IN_CONTROL,STABLE,NORMAL
QC-00691,LOT-0335,STN-T1,AUTO,Đường kính trục,12.47,12.3,12.6,OK,,2026-10-10T10:36:00,IN_CONTROL,STABLE,NORMAL
QC-00692,LOT-0335,STN-LAB,SAMPLE,Lực ép,187.9,170.0,230.0,OK,,2026-10-10T11:06:00,IN_CONTROL,STABLE,NORMAL
QC-00693,LOT-0336,STN-T1,AUTO,Đường kính trục,12.47,12.3,12.6,OK,,2026-10-10T19:24:00,IN_CONTROL,STABLE,NORMAL
QC-00694,LOT-0336,STN-LAB,SAMPLE,Lực ép,187.9,170.0,230.0,OK,,2026-10-10T19:54:00,IN_CONTROL,STABLE,NORMAL
QC-00695,LOT-0337,STN-T1,AUTO,Đường kính trục,12.47,12.3,12.6,OK,,2026-10-10T12:12:00,IN_CONTROL,STABLE,NORMAL
QC-00696,LOT-0337,STN-LAB,SAMPLE,Lực ép,187.9,170.0,230.0,OK,,2026-10-10T12:42:00,IN_CONTROL,STABLE,NORMAL
QC-00697,LOT-0338,STN-T1,AUTO,Đường kính trục,12.47,12.3,12.6,OK,,2026-10-10T21:00:00,IN_CONTROL,STABLE,NORMAL
QC-00698,LOT-0338,STN-LAB,SAMPLE,Lực ép,187.9,170.0,230.0,OK,,2026-10-10T21:30:00,IN_CONTROL,STABLE,NORMAL
QC-00699,LOT-0339,STN-T1,AUTO,Đường kính trục,12.47,12.3,12.6,OK,,2026-10-10T13:48:00,IN_CONTROL,STABLE,NORMAL
QC-00700,LOT-0339,STN-LAB,SAMPLE,Lực ép,187.9,170.0,230.0,OK,,2026-10-10T14:18:00,IN_CONTROL,STABLE,NORMAL
QC-00701,LOT-0340,STN-T1,AUTO,Đường kính trục,12.47,12.3,12.6,OK,,2026-10-10T22:36:00,IN_CONTROL,STABLE,NORMAL
QC-00702,LOT-0340,STN-LAB,SAMPLE,Lực ép,187.9,170.0,230.0,OK,,2026-10-10T23:06:00,IN_CONTROL,STABLE,NORMAL
QC-00703,LOT-0341,STN-T1,AUTO,Đường kính trục,12.47,12.3,12.6,OK,,2026-10-10T09:00:00,IN_CONTROL,STABLE,NORMAL
QC-00704,LOT-0341,STN-LAB,SAMPLE,Lực ép,187.9,170.0,230.0,OK,,2026-10-10T09:30:00,IN_CONTROL,STABLE,NORMAL
QC-00705,LOT-0342,STN-T1,AUTO,Đường kính trục,12.47,12.3,12.6,OK,,2026-10-10T17:48:00,IN_CONTROL,STABLE,NORMAL
QC-00706,LOT-0342,STN-LAB,SAMPLE,Lực ép,187.9,170.0,230.0,OK,,2026-10-10T18:18:00,IN_CONTROL,STABLE,NORMAL
QC-00707,LOT-0343,STN-T1,AUTO,Đường kính trục,12.47,12.3,12.6,OK,,2026-10-10T10:36:00,IN_CONTROL,STABLE,NORMAL
QC-00708,LOT-0343,STN-LAB,SAMPLE,Lực ép,187.9,170.0,230.0,OK,,2026-10-10T11:06:00,IN_CONTROL,STABLE,NORMAL
QC-00709,LOT-0344,STN-T1,AUTO,Đường kính trục,12.47,12.3,12.6,OK,,2026-10-10T19:24:00,IN_CONTROL,STABLE,NORMAL
QC-00710,LOT-0344,STN-LAB,SAMPLE,Lực ép,187.9,170.0,230.0,OK,,2026-10-10T19:54:00,IN_CONTROL,STABLE,NORMAL
QC-00711,LOT-0345,STN-T1,AUTO,Đường kính trục,12.47,12.3,12.6,OK,,2026-10-11T09:00:00,IN_CONTROL,STABLE,NORMAL
QC-00712,LOT-0345,STN-LAB,SAMPLE,Lực ép,187.9,170.0,230.0,OK,,2026-10-11T09:30:00,IN_CONTROL,STABLE,NORMAL
QC-00713,LOT-0346,STN-T1,AUTO,Đường kính trục,12.47,12.3,12.6,OK,,2026-10-11T17:48:00,IN_CONTROL,STABLE,NORMAL
QC-00714,LOT-0346,STN-LAB,SAMPLE,Lực ép,187.9,170.0,230.0,OK,,2026-10-11T18:18:00,IN_CONTROL,STABLE,NORMAL
QC-00715,LOT-0347,STN-T1,AUTO,Đường kính trục,12.47,12.3,12.6,OK,,2026-10-11T10:36:00,IN_CONTROL,STABLE,NORMAL
QC-00716,LOT-0347,STN-LAB,SAMPLE,Lực ép,187.9,170.0,230.0,OK,,2026-10-11T11:06:00,IN_CONTROL,STABLE,NORMAL
QC-00717,LOT-0348,STN-T1,AUTO,Đường kính trục,12.47,12.3,12.6,OK,,2026-10-11T19:24:00,IN_CONTROL,STABLE,NORMAL
QC-00718,LOT-0348,STN-LAB,SAMPLE,Lực ép,187.9,170.0,230.0,OK,,2026-10-11T19:54:00,IN_CONTROL,STABLE,NORMAL
QC-00719,LOT-0349,STN-T1,AUTO,Đường kính trục,12.47,12.3,12.6,OK,,2026-10-11T12:12:00,IN_CONTROL,STABLE,NORMAL
QC-00720,LOT-0349,STN-LAB,SAMPLE,Lực ép,187.9,170.0,230.0,OK,,2026-10-11T12:42:00,IN_CONTROL,STABLE,NORMAL
QC-00721,LOT-0350,STN-T1,AUTO,Đường kính trục,12.47,12.3,12.6,OK,,2026-10-11T21:00:00,IN_CONTROL,STABLE,NORMAL
QC-00722,LOT-0350,STN-LAB,SAMPLE,Lực ép,187.9,170.0,230.0,OK,,2026-10-11T21:30:00,IN_CONTROL,STABLE,NORMAL
QC-00723,LOT-0351,STN-T1,AUTO,Đường kính trục,12.47,12.3,12.6,OK,,2026-10-11T13:48:00,IN_CONTROL,STABLE,NORMAL
QC-00724,LOT-0351,STN-LAB,SAMPLE,Lực ép,187.9,170.0,230.0,OK,,2026-10-11T14:18:00,IN_CONTROL,STABLE,NORMAL
QC-00725,LOT-0352,STN-T1,AUTO,Đường kính trục,12.47,12.3,12.6,OK,,2026-10-11T22:36:00,IN_CONTROL,STABLE,NORMAL
QC-00726,LOT-0352,STN-LAB,SAMPLE,Lực ép,187.9,170.0,230.0,OK,,2026-10-11T23:06:00,IN_CONTROL,STABLE,NORMAL
QC-00727,LOT-0353,STN-T1,AUTO,Đường kính trục,12.47,12.3,12.6,OK,,2026-10-11T09:00:00,IN_CONTROL,STABLE,NORMAL
QC-00728,LOT-0353,STN-LAB,SAMPLE,Lực ép,187.9,170.0,230.0,OK,,2026-10-11T09:30:00,IN_CONTROL,STABLE,NORMAL
QC-00729,LOT-0354,STN-T1,AUTO,Đường kính trục,12.47,12.3,12.6,OK,,2026-10-11T17:48:00,IN_CONTROL,STABLE,NORMAL
QC-00730,LOT-0354,STN-LAB,SAMPLE,Lực ép,187.9,170.0,230.0,OK,,2026-10-11T18:18:00,IN_CONTROL,STABLE,NORMAL
QC-00731,LOT-0355,STN-T1,AUTO,Đường kính trục,12.47,12.3,12.6,OK,,2026-10-11T10:36:00,IN_CONTROL,STABLE,NORMAL
QC-00732,LOT-0355,STN-LAB,SAMPLE,Lực ép,187.9,170.0,230.0,OK,,2026-10-11T11:06:00,IN_CONTROL,STABLE,NORMAL
QC-00733,LOT-0356,STN-T1,AUTO,Đường kính trục,12.47,12.3,12.6,OK,,2026-10-11T19:24:00,IN_CONTROL,STABLE,NORMAL
QC-00734,LOT-0356,STN-LAB,SAMPLE,Lực ép,187.9,170.0,230.0,OK,,2026-10-11T19:54:00,IN_CONTROL,STABLE,NORMAL
QC-00735,LOT-0357,STN-T1,AUTO,Đường kính trục,12.47,12.3,12.6,OK,,2026-10-11T12:12:00,IN_CONTROL,STABLE,NORMAL
QC-00736,LOT-0357,STN-LAB,SAMPLE,Lực ép,187.9,170.0,230.0,OK,,2026-10-11T12:42:00,IN_CONTROL,STABLE,NORMAL
QC-00737,LOT-0358,STN-T1,AUTO,Đường kính trục,12.47,12.3,12.6,OK,,2026-10-11T21:00:00,IN_CONTROL,STABLE,NORMAL
QC-00738,LOT-0358,STN-LAB,SAMPLE,Lực ép,187.9,170.0,230.0,OK,,2026-10-11T21:30:00,IN_CONTROL,STABLE,NORMAL
QC-00739,LOT-0359,STN-T1,AUTO,Đường kính trục,12.47,12.3,12.6,OK,,2026-10-11T13:48:00,IN_CONTROL,STABLE,NORMAL
QC-00740,LOT-0359,STN-LAB,SAMPLE,Lực ép,187.9,170.0,230.0,OK,,2026-10-11T14:18:00,IN_CONTROL,STABLE,NORMAL
QC-00741,LOT-0360,STN-T1,AUTO,Đường kính trục,12.47,12.3,12.6,OK,,2026-10-11T22:36:00,IN_CONTROL,STABLE,NORMAL
QC-00742,LOT-0360,STN-LAB,SAMPLE,Lực ép,187.9,170.0,230.0,OK,,2026-10-11T23:06:00,IN_CONTROL,STABLE,NORMAL
QC-00743,LOT-0361,STN-T1,AUTO,Đường kính trục,12.47,12.3,12.6,OK,,2026-10-11T09:00:00,IN_CONTROL,STABLE,NORMAL
QC-00744,LOT-0361,STN-LAB,SAMPLE,Lực ép,187.9,170.0,230.0,OK,,2026-10-11T09:30:00,IN_CONTROL,STABLE,NORMAL
QC-00745,LOT-0362,STN-T1,AUTO,Đường kính trục,12.47,12.3,12.6,OK,,2026-10-11T17:48:00,IN_CONTROL,STABLE,NORMAL
QC-00746,LOT-0362,STN-LAB,SAMPLE,Lực ép,187.9,170.0,230.0,OK,,2026-10-11T18:18:00,IN_CONTROL,STABLE,NORMAL
QC-00747,LOT-0363,STN-T1,AUTO,Đường kính trục,12.47,12.3,12.6,OK,,2026-10-11T10:36:00,IN_CONTROL,STABLE,NORMAL
QC-00748,LOT-0363,STN-LAB,SAMPLE,Lực ép,187.9,170.0,230.0,OK,,2026-10-11T11:06:00,IN_CONTROL,STABLE,NORMAL
QC-00749,LOT-0364,STN-T1,AUTO,Đường kính trục,12.47,12.3,12.6,OK,,2026-10-11T19:24:00,IN_CONTROL,STABLE,NORMAL
QC-00750,LOT-0364,STN-LAB,SAMPLE,Lực ép,187.9,170.0,230.0,OK,,2026-10-11T19:54:00,IN_CONTROL,STABLE,NORMAL
QC-00751,LOT-0365,STN-T1,AUTO,Đường kính trục,12.47,12.3,12.6,OK,,2026-10-11T12:12:00,IN_CONTROL,STABLE,NORMAL
QC-00752,LOT-0365,STN-LAB,SAMPLE,Lực ép,187.9,170.0,230.0,OK,,2026-10-11T12:42:00,IN_CONTROL,STABLE,NORMAL
QC-00753,LOT-0366,STN-T1,AUTO,Đường kính trục,12.47,12.3,12.6,OK,,2026-10-11T21:00:00,IN_CONTROL,STABLE,NORMAL
QC-00754,LOT-0366,STN-LAB,SAMPLE,Lực ép,187.9,170.0,230.0,OK,,2026-10-11T21:30:00,IN_CONTROL,STABLE,NORMAL
QC-00755,LOT-0367,STN-T1,AUTO,Đường kính trục,12.47,12.3,12.6,OK,,2026-10-11T13:48:00,IN_CONTROL,STABLE,NORMAL
QC-00756,LOT-0367,STN-LAB,SAMPLE,Lực ép,187.9,170.0,230.0,OK,,2026-10-11T14:18:00,IN_CONTROL,STABLE,NORMAL
QC-00757,LOT-0368,STN-T1,AUTO,Đường kính trục,12.47,12.3,12.6,OK,,2026-10-11T22:36:00,IN_CONTROL,STABLE,NORMAL
QC-00758,LOT-0368,STN-LAB,SAMPLE,Lực ép,187.9,170.0,230.0,OK,,2026-10-11T23:06:00,IN_CONTROL,STABLE,NORMAL
QC-00759,LOT-0369,STN-T1,AUTO,Đường kính trục,12.47,12.3,12.6,OK,,2026-10-11T09:00:00,IN_CONTROL,STABLE,NORMAL
QC-00760,LOT-0369,STN-LAB,SAMPLE,Lực ép,187.9,170.0,230.0,OK,,2026-10-11T09:30:00,IN_CONTROL,STABLE,NORMAL
QC-00761,LOT-0370,STN-T1,AUTO,Đường kính trục,12.47,12.3,12.6,OK,,2026-10-11T17:48:00,IN_CONTROL,STABLE,NORMAL
QC-00762,LOT-0370,STN-LAB,SAMPLE,Lực ép,187.9,170.0,230.0,OK,,2026-10-11T18:18:00,IN_CONTROL,STABLE,NORMAL
QC-00763,LOT-0371,STN-T1,AUTO,Đường kính trục,12.47,12.3,12.6,OK,,2026-10-11T10:36:00,IN_CONTROL,STABLE,NORMAL
QC-00764,LOT-0371,STN-LAB,SAMPLE,Lực ép,187.9,170.0,230.0,OK,,2026-10-11T11:06:00,IN_CONTROL,STABLE,NORMAL
QC-00765,LOT-0372,STN-T1,AUTO,Đường kính trục,12.47,12.3,12.6,OK,,2026-10-11T19:24:00,IN_CONTROL,STABLE,NORMAL
QC-00766,LOT-0372,STN-LAB,SAMPLE,Lực ép,187.9,170.0,230.0,OK,,2026-10-11T19:54:00,IN_CONTROL,STABLE,NORMAL
QC-00767,LOT-0373,STN-T1,AUTO,Đường kính trục,12.47,12.3,12.6,OK,,2026-10-12T09:00:00,IN_CONTROL,STABLE,NORMAL
QC-00768,LOT-0373,STN-LAB,SAMPLE,Lực ép,187.9,170.0,230.0,OK,,2026-10-12T09:30:00,IN_CONTROL,STABLE,NORMAL
QC-00769,LOT-0374,STN-T1,AUTO,Đường kính trục,12.47,12.3,12.6,OK,,2026-10-12T17:48:00,IN_CONTROL,STABLE,NORMAL
QC-00770,LOT-0374,STN-LAB,SAMPLE,Lực ép,187.9,170.0,230.0,OK,,2026-10-12T18:18:00,IN_CONTROL,STABLE,NORMAL
QC-00771,LOT-0375,STN-T1,AUTO,Đường kính trục,12.47,12.3,12.6,OK,,2026-10-12T10:36:00,IN_CONTROL,STABLE,NORMAL
QC-00772,LOT-0375,STN-LAB,SAMPLE,Lực ép,187.9,170.0,230.0,OK,,2026-10-12T11:06:00,IN_CONTROL,STABLE,NORMAL
QC-00773,LOT-0376,STN-T1,AUTO,Đường kính trục,12.47,12.3,12.6,OK,,2026-10-12T19:24:00,IN_CONTROL,STABLE,NORMAL
QC-00774,LOT-0376,STN-LAB,SAMPLE,Lực ép,187.9,170.0,230.0,OK,,2026-10-12T19:54:00,IN_CONTROL,STABLE,NORMAL
QC-00775,LOT-0377,STN-T1,AUTO,Đường kính trục,12.47,12.3,12.6,OK,,2026-10-12T12:12:00,IN_CONTROL,STABLE,NORMAL
QC-00776,LOT-0377,STN-LAB,SAMPLE,Lực ép,187.9,170.0,230.0,OK,,2026-10-12T12:42:00,IN_CONTROL,STABLE,NORMAL
QC-00777,LOT-0378,STN-T1,AUTO,Đường kính trục,12.47,12.3,12.6,OK,,2026-10-12T21:00:00,IN_CONTROL,STABLE,NORMAL
QC-00778,LOT-0378,STN-LAB,SAMPLE,Lực ép,187.9,170.0,230.0,OK,,2026-10-12T21:30:00,IN_CONTROL,STABLE,NORMAL
QC-00779,LOT-0379,STN-T1,AUTO,Đường kính trục,12.47,12.3,12.6,OK,,2026-10-12T13:48:00,IN_CONTROL,STABLE,NORMAL
QC-00780,LOT-0379,STN-LAB,SAMPLE,Lực ép,187.9,170.0,230.0,OK,,2026-10-12T14:18:00,IN_CONTROL,STABLE,NORMAL
QC-00781,LOT-0380,STN-T1,AUTO,Đường kính trục,12.47,12.3,12.6,OK,,2026-10-12T22:36:00,IN_CONTROL,STABLE,NORMAL
QC-00782,LOT-0380,STN-LAB,SAMPLE,Lực ép,187.9,170.0,230.0,OK,,2026-10-12T23:06:00,IN_CONTROL,STABLE,NORMAL
QC-00783,LOT-0381,STN-T1,AUTO,Đường kính trục,12.47,12.3,12.6,OK,,2026-10-12T09:00:00,IN_CONTROL,STABLE,NORMAL
QC-00784,LOT-0381,STN-LAB,SAMPLE,Lực ép,187.9,170.0,230.0,OK,,2026-10-12T09:30:00,IN_CONTROL,STABLE,NORMAL
QC-00785,LOT-0382,STN-T1,AUTO,Đường kính trục,12.47,12.3,12.6,OK,,2026-10-12T17:48:00,IN_CONTROL,STABLE,NORMAL
QC-00786,LOT-0382,STN-LAB,SAMPLE,Lực ép,187.9,170.0,230.0,OK,,2026-10-12T18:18:00,IN_CONTROL,STABLE,NORMAL
QC-00787,LOT-0383,STN-T1,AUTO,Đường kính trục,12.47,12.3,12.6,OK,,2026-10-12T10:36:00,IN_CONTROL,STABLE,NORMAL
QC-00788,LOT-0383,STN-LAB,SAMPLE,Lực ép,187.9,170.0,230.0,OK,,2026-10-12T11:06:00,IN_CONTROL,STABLE,NORMAL
QC-00789,LOT-0384,STN-T1,AUTO,Đường kính trục,12.47,12.3,12.6,OK,,2026-10-12T19:24:00,IN_CONTROL,STABLE,NORMAL
QC-00790,LOT-0384,STN-LAB,SAMPLE,Lực ép,187.9,170.0,230.0,OK,,2026-10-12T19:54:00,IN_CONTROL,STABLE,NORMAL
QC-00791,LOT-0385,STN-T1,AUTO,Đường kính trục,12.47,12.3,12.6,OK,,2026-10-12T12:12:00,IN_CONTROL,STABLE,NORMAL
QC-00792,LOT-0385,STN-LAB,SAMPLE,Lực ép,187.9,170.0,230.0,OK,,2026-10-12T12:42:00,IN_CONTROL,STABLE,NORMAL
QC-00793,LOT-0386,STN-T1,AUTO,Đường kính trục,12.47,12.3,12.6,OK,,2026-10-12T21:00:00,IN_CONTROL,STABLE,NORMAL
QC-00794,LOT-0386,STN-LAB,SAMPLE,Lực ép,187.9,170.0,230.0,OK,,2026-10-12T21:30:00,IN_CONTROL,STABLE,NORMAL
QC-00795,LOT-0387,STN-T1,AUTO,Đường kính trục,12.47,12.3,12.6,OK,,2026-10-12T13:48:00,IN_CONTROL,STABLE,NORMAL
QC-00796,LOT-0387,STN-LAB,SAMPLE,Lực ép,187.9,170.0,230.0,OK,,2026-10-12T14:18:00,IN_CONTROL,STABLE,NORMAL
QC-00797,LOT-0388,STN-T1,AUTO,Đường kính trục,12.47,12.3,12.6,OK,,2026-10-12T22:36:00,IN_CONTROL,STABLE,NORMAL
QC-00798,LOT-0388,STN-LAB,SAMPLE,Lực ép,187.9,170.0,230.0,OK,,2026-10-12T23:06:00,IN_CONTROL,STABLE,NORMAL
QC-00799,LOT-0389,STN-T1,AUTO,Đường kính trục,12.47,12.3,12.6,OK,,2026-10-12T09:00:00,IN_CONTROL,STABLE,NORMAL
QC-00800,LOT-0389,STN-LAB,SAMPLE,Lực ép,187.9,170.0,230.0,OK,,2026-10-12T09:30:00,IN_CONTROL,STABLE,NORMAL
QC-00801,LOT-0390,STN-T1,AUTO,Đường kính trục,12.47,12.3,12.6,OK,,2026-10-12T17:48:00,IN_CONTROL,STABLE,NORMAL
QC-00802,LOT-0390,STN-LAB,SAMPLE,Lực ép,187.9,170.0,230.0,OK,,2026-10-12T18:18:00,IN_CONTROL,STABLE,NORMAL
QC-00803,LOT-0391,STN-T1,AUTO,Đường kính trục,12.47,12.3,12.6,OK,,2026-10-12T10:36:00,IN_CONTROL,STABLE,NORMAL
QC-00804,LOT-0391,STN-LAB,SAMPLE,Lực ép,187.9,170.0,230.0,OK,,2026-10-12T11:06:00,IN_CONTROL,STABLE,NORMAL
QC-00805,LOT-0392,STN-T1,AUTO,Đường kính trục,12.47,12.3,12.6,OK,,2026-10-12T19:24:00,IN_CONTROL,STABLE,NORMAL
QC-00806,LOT-0392,STN-LAB,SAMPLE,Lực ép,187.9,170.0,230.0,OK,,2026-10-12T19:54:00,IN_CONTROL,STABLE,NORMAL
QC-00807,LOT-0393,STN-T1,AUTO,Đường kính trục,12.47,12.3,12.6,OK,,2026-10-12T12:12:00,IN_CONTROL,STABLE,NORMAL
QC-00808,LOT-0393,STN-LAB,SAMPLE,Lực ép,187.9,170.0,230.0,OK,,2026-10-12T12:42:00,IN_CONTROL,STABLE,NORMAL
QC-00809,LOT-0394,STN-T1,AUTO,Đường kính trục,12.47,12.3,12.6,OK,,2026-10-12T21:00:00,IN_CONTROL,STABLE,NORMAL
QC-00810,LOT-0394,STN-LAB,SAMPLE,Lực ép,187.9,170.0,230.0,OK,,2026-10-12T21:30:00,IN_CONTROL,STABLE,NORMAL
QC-00811,LOT-0395,STN-T1,AUTO,Đường kính trục,12.47,12.3,12.6,OK,,2026-10-12T13:48:00,IN_CONTROL,STABLE,NORMAL
QC-00812,LOT-0395,STN-LAB,SAMPLE,Lực ép,187.9,170.0,230.0,OK,,2026-10-12T14:18:00,IN_CONTROL,STABLE,NORMAL
QC-00813,LOT-0396,STN-T1,AUTO,Đường kính trục,12.47,12.3,12.6,OK,,2026-10-12T22:36:00,IN_CONTROL,STABLE,NORMAL
QC-00814,LOT-0396,STN-LAB,SAMPLE,Lực ép,187.9,170.0,230.0,OK,,2026-10-12T23:06:00,IN_CONTROL,STABLE,NORMAL
QC-00815,LOT-0397,STN-T1,AUTO,Đường kính trục,12.47,12.3,12.6,OK,,2026-10-12T09:00:00,IN_CONTROL,STABLE,NORMAL
QC-00816,LOT-0397,STN-LAB,SAMPLE,Lực ép,187.9,170.0,230.0,OK,,2026-10-12T09:30:00,IN_CONTROL,STABLE,NORMAL
QC-00817,LOT-0398,STN-T1,AUTO,Đường kính trục,12.47,12.3,12.6,OK,,2026-10-12T17:48:00,IN_CONTROL,STABLE,NORMAL
QC-00818,LOT-0398,STN-LAB,SAMPLE,Lực ép,187.9,170.0,230.0,OK,,2026-10-12T18:18:00,IN_CONTROL,STABLE,NORMAL
QC-00819,LOT-0399,STN-T1,AUTO,Đường kính trục,12.47,12.3,12.6,OK,,2026-10-12T10:36:00,IN_CONTROL,STABLE,NORMAL
QC-00820,LOT-0399,STN-LAB,SAMPLE,Lực ép,187.9,170.0,230.0,OK,,2026-10-12T11:06:00,IN_CONTROL,STABLE,NORMAL
QC-00821,LOT-0400,STN-T1,AUTO,Đường kính trục,12.47,12.3,12.6,OK,,2026-10-12T19:24:00,IN_CONTROL,STABLE,NORMAL
QC-00822,LOT-0400,STN-LAB,SAMPLE,Lực ép,187.9,170.0,230.0,OK,,2026-10-12T19:54:00,IN_CONTROL,STABLE,NORMAL
