record_id,local_lot_label,model_code,line_code,qty_ok,qty_ng,actual_rate_per_h,event_ts,ts_format
REC_000001,A0001,P1,A,200,0,400.0,29/09/2026 06:25,DD/MM/YYYY HH:MM
REC_000002,A0002,P1,A,200,0,400.0,29/09/2026 15:13,DD/MM/YYYY HH:MM
REC_000003,A0003,P1,B,200,0,400.0,29/09/2026 07:58,DD/MM/YYYY HH:MM
REC_000004,A0004,P1,B,200,0,400.0,29/09/2026 16:46,DD/MM/YYYY HH:MM
REC_000005,A0005,P1,A,200,0,400.0,29/09/2026 09:37,DD/MM/YYYY HH:MM
REC_000006,A0006,P1,A,200,0,400.0,29/09/2026 18:25,DD/MM/YYYY HH:MM
REC_000007,A0007,P1,B,200,0,400.0,29/09/2026 11:10,DD/MM/YYYY HH:MM
REC_000008,A0008,P1,B,200,0,400.0,29/09/2026 19:58,DD/MM/YYYY HH:MM
REC_000009,A0009,P1,A,200,0,400.0,29/09/2026 06:25,DD/MM/YYYY HH:MM
REC_000010,A0010,P1,A,198,2,396.0,29/09/2026 15:13,DD/MM/YYYY HH:MM
REC_000011,A0011,P1,B,200,0,400.0,29/09/2026 07:58,DD/MM/YYYY HH:MM
REC_000012,A0012,P1,B,200,0,400.0,29/09/2026 16:46,DD/MM/YYYY HH:MM
REC_000013,A0013,P1,A,200,0,400.0,29/09/2026 09:37,DD/MM/YYYY HH:MM
REC_000014,A0014,P1,A,200,0,400.0,29/09/2026 18:25,DD/MM/YYYY HH:MM
REC_000015,A0015,P1,B,200,0,400.0,29/09/2026 11:10,DD/MM/YYYY HH:MM
REC_000016,A0016,P1,B,200,0,400.0,29/09/2026 19:58,DD/MM/YYYY HH:MM
REC_000017,A0017,P1,A,200,0,400.0,29/09/2026 06:25,DD/MM/YYYY HH:MM
REC_000018,A0018,P1,A,200,0,400.0,29/09/2026 15:13,DD/MM/YYYY HH:MM
REC_000019,A0019,P1,B,200,0,400.0,29/09/2026 07:58,DD/MM/YYYY HH:MM
REC_000020,A0020,P1,B,200,0,400.0,29/09/2026 16:46,DD/MM/YYYY HH:MM
REC_000021,A0021,P1,A,200,0,400.0,29/09/2026 09:37,DD/MM/YYYY HH:MM
REC_000022,A0022,P1,A,200,0,400.0,29/09/2026 18:25,DD/MM/YYYY HH:MM
REC_000023,A0023,P1,B,200,0,400.0,29/09/2026 11:10,DD/MM/YYYY HH:MM
REC_000024,A0024,P1,B,200,0,400.0,29/09/2026 19:58,DD/MM/YYYY HH:MM
REC_000025,A0025,P1,A,200,0,400.0,29/09/2026 06:25,DD/MM/YYYY HH:MM
REC_000026,A0026,P1,A,200,0,400.0,29/09/2026 15:13,DD/MM/YYYY HH:MM
REC_000027,A0027,P1,B,200,0,400.0,29/09/2026 07:58,DD/MM/YYYY HH:MM
REC_000028,A0028,P1,B,200,0,400.0,29/09/2026 16:46,DD/MM/YYYY HH:MM
REC_000029,A0029,P1,A,200,0,400.0,29/09/2026 09:37,DD/MM/YYYY HH:MM
REC_000030,A0030,P1,A,200,0,400.0,30/09/2026 06:25,DD/MM/YYYY HH:MM
REC_000031,A0031,P1,B,200,0,400.0,30/09/2026 15:10,DD/MM/YYYY HH:MM
REC_000032,A0032,P1,B,200,0,400.0,30/09/2026 07:58,DD/MM/YYYY HH:MM
REC_000033,A0033,P1,A,200,0,400.0,30/09/2026 16:49,DD/MM/YYYY HH:MM
REC_000034,A0034,P1,A,200,0,400.0,30/09/2026 09:37,DD/MM/YYYY HH:MM
REC_000035,A0035,P1,B,200,0,400.0,30/09/2026 18:22,DD/MM/YYYY HH:MM
REC_000036,A0036,P1,B,200,0,400.0,30/09/2026 11:10,DD/MM/YYYY HH:MM
REC_000037,A0037,P1,A,200,0,400.0,30/09/2026 20:01,DD/MM/YYYY HH:MM
REC_000038,A0038,P1,A,200,0,400.0,30/09/2026 06:25,DD/MM/YYYY HH:MM
REC_000039,A0039,P1,B,200,0,400.0,30/09/2026 15:10,DD/MM/YYYY HH:MM
REC_000040,A0040,P1,B,200,0,400.0,30/09/2026 07:58,DD/MM/YYYY HH:MM
REC_000041,A0041,P1,A,200,0,400.0,30/09/2026 16:49,DD/MM/YYYY HH:MM
REC_000042,A0042,P1,A,200,0,400.0,30/09/2026 09:37,DD/MM/YYYY HH:MM
REC_000043,A0043,P1,B,200,0,400.0,30/09/2026 18:22,DD/MM/YYYY HH:MM
REC_000044,A0044,P1,B,198,2,396.0,30/09/2026 11:10,DD/MM/YYYY HH:MM
REC_000045,A0045,P1,A,200,0,400.0,30/09/2026 20:01,DD/MM/YYYY HH:MM
REC_000046,A0046,P1,A,200,0,400.0,30/09/2026 06:25,DD/MM/YYYY HH:MM
REC_000047,A0047,P1,B,200,0,400.0,30/09/2026 15:10,DD/MM/YYYY HH:MM
REC_000048,A0048,P1,B,200,0,400.0,30/09/2026 07:58,DD/MM/YYYY HH:MM
REC_000049,A0049,P1,A,200,0,400.0,30/09/2026 16:49,DD/MM/YYYY HH:MM
REC_000050,A0050,P1,A,200,0,400.0,30/09/2026 09:37,DD/MM/YYYY HH:MM
REC_000051,A0051,P1,B,200,0,400.0,30/09/2026 18:22,DD/MM/YYYY HH:MM
REC_000052,A0052,P1,B,200,0,400.0,30/09/2026 11:10,DD/MM/YYYY HH:MM
REC_000053,A0053,P1,A,200,0,400.0,30/09/2026 20:01,DD/MM/YYYY HH:MM
REC_000054,A0054,P1,A,200,0,400.0,30/09/2026 06:25,DD/MM/YYYY HH:MM
REC_000055,A0055,P1,B,200,0,400.0,30/09/2026 15:10,DD/MM/YYYY HH:MM
REC_000056,A0056,P1,B,200,0,400.0,30/09/2026 07:58,DD/MM/YYYY HH:MM
REC_000057,A0057,P1,A,200,0,400.0,30/09/2026 16:49,DD/MM/YYYY HH:MM
REC_000058,A0058,P1,A,200,0,400.0,30/09/2026 09:37,DD/MM/YYYY HH:MM
REC_000059,A0401,P1,A,200,0,400.0,30/09/2026 10:25,DD/MM/YYYY HH:MM
REC_000060,A0402,P1,A,200,0,400.0,30/09/2026 10:30,DD/MM/YYYY HH:MM
REC_000061,A0403,P1,A,200,0,400.0,30/09/2026 10:35,DD/MM/YYYY HH:MM
REC_000062,A0404,P1,A,200,0,400.0,30/09/2026 10:40,DD/MM/YYYY HH:MM
REC_000063,A0405,P1,A,200,0,400.0,30/09/2026 10:45,DD/MM/YYYY HH:MM
REC_000064,A0059,P1,B,200,0,400.0,01/10/2026 06:22,DD/MM/YYYY HH:MM
REC_000065,A0060,P1,B,200,0,400.0,01/10/2026 15:10,DD/MM/YYYY HH:MM
REC_000066,A0061,P1,A,200,0,400.0,01/10/2026 08:01,DD/MM/YYYY HH:MM
REC_000067,A0062,P1,A,200,0,400.0,01/10/2026 16:49,DD/MM/YYYY HH:MM
REC_000068,A0063,P1,B,200,0,400.0,01/10/2026 09:34,DD/MM/YYYY HH:MM
REC_000069,A0064,P1,B,200,0,400.0,01/10/2026 18:22,DD/MM/YYYY HH:MM
REC_000070,A0065,P1,A,200,0,400.0,01/10/2026 11:13,DD/MM/YYYY HH:MM
REC_000071,A0066,P1,A,200,0,400.0,01/10/2026 20:01,DD/MM/YYYY HH:MM
REC_000072,A0067,P1,B,200,0,400.0,01/10/2026 06:22,DD/MM/YYYY HH:MM
REC_000073,A0068,P1,B,200,0,400.0,01/10/2026 15:10,DD/MM/YYYY HH:MM
REC_000074,A0069,P1,A,200,0,400.0,01/10/2026 08:01,DD/MM/YYYY HH:MM
REC_000075,A0070,P1,A,200,0,400.0,01/10/2026 16:49,DD/MM/YYYY HH:MM
REC_000076,A0071,P1,B,200,0,400.0,01/10/2026 09:34,DD/MM/YYYY HH:MM
REC_000077,A0072,P1,B,200,0,400.0,01/10/2026 18:22,DD/MM/YYYY HH:MM
REC_000078,A0073,P1,A,200,0,400.0,01/10/2026 11:13,DD/MM/YYYY HH:MM
REC_000079,A0074,P1,A,200,0,400.0,01/10/2026 20:01,DD/MM/YYYY HH:MM
REC_000080,A0075,P1,B,200,0,400.0,01/10/2026 06:22,DD/MM/YYYY HH:MM
REC_000081,A0076,P1,B,200,0,400.0,01/10/2026 15:10,DD/MM/YYYY HH:MM
REC_000082,A0077,P1,A,200,0,400.0,01/10/2026 08:01,DD/MM/YYYY HH:MM
REC_000083,A0078,P1,A,200,0,400.0,01/10/2026 16:49,DD/MM/YYYY HH:MM
REC_000084,A0079,P1,B,200,0,400.0,01/10/2026 09:34,DD/MM/YYYY HH:MM
REC_000085,A0080,P1,B,200,0,400.0,01/10/2026 18:22,DD/MM/YYYY HH:MM
REC_000086,A0081,P1,A,200,0,400.0,01/10/2026 11:13,DD/MM/YYYY HH:MM
REC_000087,A0082,P1,A,200,0,400.0,01/10/2026 20:01,DD/MM/YYYY HH:MM
REC_000088,A0083,P1,B,200,0,400.0,01/10/2026 06:22,DD/MM/YYYY HH:MM
REC_000089,A0084,P1,B,200,0,400.0,01/10/2026 15:10,DD/MM/YYYY HH:MM
REC_000090,A0085,P1,A,200,0,400.0,01/10/2026 08:01,DD/MM/YYYY HH:MM
REC_000091,A0086,P1,A,200,0,400.0,01/10/2026 16:49,DD/MM/YYYY HH:MM
REC_000092,A0087,P1,B,198,2,396.0,01/10/2026 09:34,DD/MM/YYYY HH:MM
REC_000093,A0088,P1,B,200,0,400.0,02/10/2026 06:22,DD/MM/YYYY HH:MM
REC_000094,A0089,P1,A,198,2,396.0,02/10/2026 15:13,DD/MM/YYYY HH:MM
REC_000095,A0090,P1,A,200,0,400.0,02/10/2026 08:01,DD/MM/YYYY HH:MM
REC_000096,A0091,P1,B,200,0,400.0,02/10/2026 16:46,DD/MM/YYYY HH:MM
REC_000097,A0092,P1,B,200,0,400.0,02/10/2026 09:34,DD/MM/YYYY HH:MM
REC_000098,A0093,P1,A,200,0,400.0,02/10/2026 18:25,DD/MM/YYYY HH:MM
REC_000099,A0094,P1,A,200,0,400.0,02/10/2026 11:13,DD/MM/YYYY HH:MM
REC_000100,A0095,P1,B,198,2,396.0,02/10/2026 19:58,DD/MM/YYYY HH:MM
REC_000101,A0096,P1,B,200,0,400.0,02/10/2026 06:22,DD/MM/YYYY HH:MM
REC_000102,A0097,P1,A,200,0,400.0,02/10/2026 15:13,DD/MM/YYYY HH:MM
REC_000103,A0098,P1,A,200,0,400.0,02/10/2026 08:01,DD/MM/YYYY HH:MM
REC_000104,A0099,P1,B,200,0,400.0,02/10/2026 16:46,DD/MM/YYYY HH:MM
REC_000105,A0100,P1,B,200,0,400.0,02/10/2026 09:34,DD/MM/YYYY HH:MM
REC_000106,A0101,P1,A,200,0,400.0,02/10/2026 18:25,DD/MM/YYYY HH:MM
REC_000107,A0102,P1,A,200,0,400.0,02/10/2026 11:13,DD/MM/YYYY HH:MM
REC_000108,A0103,P1,B,200,0,400.0,02/10/2026 19:58,DD/MM/YYYY HH:MM
REC_000109,A0104,P1,B,200,0,400.0,02/10/2026 06:22,DD/MM/YYYY HH:MM
REC_000110,A0105,P1,A,200,0,400.0,02/10/2026 15:13,DD/MM/YYYY HH:MM
REC_000111,A0106,P1,A,200,0,400.0,02/10/2026 08:01,DD/MM/YYYY HH:MM
REC_000112,A0107,P1,B,200,0,400.0,02/10/2026 16:46,DD/MM/YYYY HH:MM
REC_000113,A0108,P1,B,200,0,400.0,02/10/2026 09:34,DD/MM/YYYY HH:MM
REC_000114,A0109,P1,A,200,0,400.0,02/10/2026 18:25,DD/MM/YYYY HH:MM
REC_000115,A0110,P1,A,200,0,400.0,02/10/2026 11:13,DD/MM/YYYY HH:MM
REC_000116,A0111,P1,B,200,0,400.0,02/10/2026 19:58,DD/MM/YYYY HH:MM
REC_000117,A0112,P1,B,200,0,400.0,02/10/2026 06:22,DD/MM/YYYY HH:MM
REC_000118,A0113,P1,A,200,0,400.0,02/10/2026 15:13,DD/MM/YYYY HH:MM
REC_000119,A0114,P1,A,200,0,400.0,02/10/2026 08:01,DD/MM/YYYY HH:MM
REC_000120,A0115,P1,B,200,0,400.0,02/10/2026 16:46,DD/MM/YYYY HH:MM
REC_000121,A0116,P1,B,200,0,400.0,02/10/2026 09:34,DD/MM/YYYY HH:MM
REC_000122,A0406,P1,A,200,0,400.0,02/10/2026 10:25,DD/MM/YYYY HH:MM
REC_000123,A0407,P1,A,200,0,400.0,02/10/2026 10:30,DD/MM/YYYY HH:MM
REC_000124,A0408,P1,A,200,0,400.0,02/10/2026 10:35,DD/MM/YYYY HH:MM
REC_000125,A0409,P1,A,200,0,400.0,02/10/2026 10:40,DD/MM/YYYY HH:MM
REC_000126,A0410,P1,A,200,0,400.0,02/10/2026 10:45,DD/MM/YYYY HH:MM
REC_000127,A0117,P1,A,200,0,400.0,03/10/2026 06:25,DD/MM/YYYY HH:MM
REC_000128,A0118,P1,A,200,0,400.0,03/10/2026 15:13,DD/MM/YYYY HH:MM
REC_000129,A0119,P1,B,200,0,400.0,03/10/2026 07:58,DD/MM/YYYY HH:MM
REC_000130,A0120,P1,B,200,0,400.0,03/10/2026 16:46,DD/MM/YYYY HH:MM
REC_000131,A0121,P1,A,200,0,400.0,03/10/2026 09:37,DD/MM/YYYY HH:MM
REC_000132,A0122,P1,A,200,0,400.0,03/10/2026 18:25,DD/MM/YYYY HH:MM
REC_000133,A0123,P1,B,200,0,400.0,03/10/2026 11:10,DD/MM/YYYY HH:MM
REC_000134,A0124,P1,B,200,0,400.0,03/10/2026 19:58,DD/MM/YYYY HH:MM
REC_000135,A0125,P1,A,200,0,400.0,03/10/2026 06:25,DD/MM/YYYY HH:MM
REC_000136,A0126,P1,A,200,0,400.0,03/10/2026 15:13,DD/MM/YYYY HH:MM
REC_000137,A0127,P1,B,200,0,400.0,03/10/2026 07:58,DD/MM/YYYY HH:MM
REC_000138,A0128,P1,B,200,0,400.0,03/10/2026 16:46,DD/MM/YYYY HH:MM
REC_000139,A0129,P1,A,200,0,400.0,03/10/2026 09:37,DD/MM/YYYY HH:MM
REC_000140,A0130,P1,A,200,0,400.0,03/10/2026 18:25,DD/MM/YYYY HH:MM
REC_000141,A0131,P1,B,200,0,400.0,03/10/2026 11:10,DD/MM/YYYY HH:MM
REC_000142,A0132,P1,B,198,2,396.0,03/10/2026 19:58,DD/MM/YYYY HH:MM
REC_000143,A0133,P1,A,200,0,400.0,03/10/2026 06:25,DD/MM/YYYY HH:MM
REC_000144,A0134,P1,A,200,0,400.0,03/10/2026 15:13,DD/MM/YYYY HH:MM
REC_000145,A0135,P1,B,200,0,400.0,03/10/2026 07:58,DD/MM/YYYY HH:MM
REC_000146,A0136,P1,B,200,0,400.0,03/10/2026 16:46,DD/MM/YYYY HH:MM
REC_000147,A0137,P1,A,200,0,400.0,03/10/2026 09:37,DD/MM/YYYY HH:MM
REC_000148,A0138,P1,A,200,0,400.0,03/10/2026 18:25,DD/MM/YYYY HH:MM
REC_000149,A0139,P1,B,200,0,400.0,03/10/2026 11:10,DD/MM/YYYY HH:MM
REC_000150,A0140,P1,B,200,0,400.0,03/10/2026 19:58,DD/MM/YYYY HH:MM
REC_000151,A0141,P1,A,200,0,400.0,03/10/2026 06:25,DD/MM/YYYY HH:MM
REC_000152,A0142,P1,A,200,0,400.0,03/10/2026 15:13,DD/MM/YYYY HH:MM
REC_000153,A0143,P1,B,200,0,400.0,03/10/2026 07:58,DD/MM/YYYY HH:MM
REC_000154,A0144,P1,B,200,0,400.0,03/10/2026 16:46,DD/MM/YYYY HH:MM
REC_000155,A0145,P1,A,200,0,400.0,03/10/2026 09:37,DD/MM/YYYY HH:MM
REC_000156,A0146,P1,A,200,0,400.0,04/10/2026 06:25,DD/MM/YYYY HH:MM
REC_000157,A0147,P1,B,198,2,396.0,04/10/2026 15:10,DD/MM/YYYY HH:MM
REC_000158,A0148,P1,B,200,0,400.0,04/10/2026 07:58,DD/MM/YYYY HH:MM
REC_000159,A0149,P1,A,200,0,400.0,04/10/2026 16:49,DD/MM/YYYY HH:MM
REC_000160,A0150,P1,A,200,0,400.0,04/10/2026 09:37,DD/MM/YYYY HH:MM
REC_000161,A0151,P1,B,200,0,400.0,04/10/2026 18:22,DD/MM/YYYY HH:MM
REC_000162,A0152,P1,B,200,0,400.0,04/10/2026 11:10,DD/MM/YYYY HH:MM
REC_000163,A0153,P1,A,200,0,400.0,04/10/2026 20:01,DD/MM/YYYY HH:MM
REC_000164,A0154,P1,A,200,0,400.0,04/10/2026 06:25,DD/MM/YYYY HH:MM
REC_000165,A0155,P1,B,200,0,400.0,04/10/2026 15:10,DD/MM/YYYY HH:MM
REC_000166,A0156,P1,B,200,0,400.0,04/10/2026 07:58,DD/MM/YYYY HH:MM
REC_000167,A0157,P1,A,200,0,400.0,04/10/2026 16:49,DD/MM/YYYY HH:MM
REC_000168,A0158,P1,A,200,0,400.0,04/10/2026 09:37,DD/MM/YYYY HH:MM
REC_000169,A0159,P1,B,200,0,400.0,04/10/2026 18:22,DD/MM/YYYY HH:MM
REC_000170,A0160,P1,B,200,0,400.0,04/10/2026 11:10,DD/MM/YYYY HH:MM
REC_000171,A0161,P1,A,200,0,400.0,04/10/2026 20:01,DD/MM/YYYY HH:MM
REC_000172,A0162,P1,A,200,0,400.0,04/10/2026 06:25,DD/MM/YYYY HH:MM
REC_000173,A0163,P1,B,200,0,400.0,04/10/2026 15:10,DD/MM/YYYY HH:MM
REC_000174,A0164,P1,B,200,0,400.0,04/10/2026 07:58,DD/MM/YYYY HH:MM
REC_000175,A0165,P1,A,200,0,400.0,04/10/2026 16:49,DD/MM/YYYY HH:MM
REC_000176,A0166,P1,A,200,0,400.0,04/10/2026 09:37,DD/MM/YYYY HH:MM
REC_000177,A0167,P1,B,200,0,400.0,04/10/2026 18:22,DD/MM/YYYY HH:MM
REC_000178,A0168,P1,B,200,0,400.0,04/10/2026 11:10,DD/MM/YYYY HH:MM
REC_000179,A0169,P1,A,200,0,400.0,04/10/2026 20:01,DD/MM/YYYY HH:MM
REC_000180,A0170,P1,A,198,2,396.0,04/10/2026 06:25,DD/MM/YYYY HH:MM
REC_000181,A0171,P1,B,200,0,400.0,04/10/2026 15:10,DD/MM/YYYY HH:MM
REC_000182,A0172,P1,B,200,0,400.0,04/10/2026 07:58,DD/MM/YYYY HH:MM
REC_000183,A0173,P1,A,200,0,400.0,04/10/2026 16:49,DD/MM/YYYY HH:MM
REC_000184,A0174,P1,A,200,0,400.0,04/10/2026 09:37,DD/MM/YYYY HH:MM
REC_000185,A0175,P1,B,200,0,400.0,05/10/2026 06:22,DD/MM/YYYY HH:MM
REC_000186,A0176,P1,B,200,0,400.0,05/10/2026 15:10,DD/MM/YYYY HH:MM
REC_000187,A0177,P1,A,200,0,400.0,05/10/2026 08:01,DD/MM/YYYY HH:MM
REC_000188,A0178,P1,A,200,0,400.0,05/10/2026 16:49,DD/MM/YYYY HH:MM
REC_000189,A0179,P1,B,200,0,400.0,05/10/2026 09:34,DD/MM/YYYY HH:MM
REC_000190,A0180,P1,B,200,0,400.0,05/10/2026 18:22,DD/MM/YYYY HH:MM
REC_000191,A0181,P1,A,200,0,400.0,05/10/2026 11:13,DD/MM/YYYY HH:MM
REC_000192,A0182,P1,A,200,0,400.0,05/10/2026 20:01,DD/MM/YYYY HH:MM
REC_000193,A0183,P1,B,200,0,400.0,05/10/2026 06:22,DD/MM/YYYY HH:MM
REC_000194,A0184,P1,B,200,0,400.0,05/10/2026 15:10,DD/MM/YYYY HH:MM
REC_000195,A0185,P1,A,200,0,400.0,05/10/2026 08:01,DD/MM/YYYY HH:MM
REC_000196,A0186,P1,A,200,0,400.0,05/10/2026 16:49,DD/MM/YYYY HH:MM
REC_000197,A0187,P1,B,200,0,400.0,05/10/2026 09:34,DD/MM/YYYY HH:MM
REC_000198,A0188,P1,B,200,0,400.0,05/10/2026 18:22,DD/MM/YYYY HH:MM
REC_000199,A0189,P1,A,200,0,400.0,05/10/2026 11:13,DD/MM/YYYY HH:MM
REC_000200,A0190,P1,A,200,0,400.0,05/10/2026 20:01,DD/MM/YYYY HH:MM
REC_000201,A0191,P1,B,200,0,400.0,05/10/2026 06:22,DD/MM/YYYY HH:MM
REC_000202,A0192,P1,B,200,0,400.0,05/10/2026 15:10,DD/MM/YYYY HH:MM
REC_000203,A0193,P1,A,200,0,400.0,05/10/2026 08:01,DD/MM/YYYY HH:MM
REC_000204,A0194,P1,A,200,0,400.0,05/10/2026 16:49,DD/MM/YYYY HH:MM
REC_000205,A0195,P1,B,200,0,400.0,05/10/2026 09:34,DD/MM/YYYY HH:MM
REC_000206,A0196,P1,B,200,0,400.0,05/10/2026 18:22,DD/MM/YYYY HH:MM
REC_000207,A0197,P1,A,200,0,400.0,05/10/2026 11:13,DD/MM/YYYY HH:MM
REC_000208,A0198,P1,A,200,0,400.0,05/10/2026 20:01,DD/MM/YYYY HH:MM
REC_000209,A0199,P1,B,200,0,400.0,05/10/2026 06:22,DD/MM/YYYY HH:MM
REC_000210,A0200,P1,B,200,0,400.0,05/10/2026 15:10,DD/MM/YYYY HH:MM
REC_000211,A0201,P1,A,200,0,400.0,05/10/2026 08:01,DD/MM/YYYY HH:MM
REC_000212,A0202,P1,A,200,0,400.0,05/10/2026 16:49,DD/MM/YYYY HH:MM
REC_000213,A0203,P1,B,200,0,400.0,05/10/2026 09:34,DD/MM/YYYY HH:MM
REC_000214,A0204,P1,B,200,0,400.0,06/10/2026 06:22,DD/MM/YYYY HH:MM
REC_000215,A0205,P1,A,200,0,400.0,06/10/2026 15:13,DD/MM/YYYY HH:MM
REC_000216,A0206,P1,A,200,0,400.0,06/10/2026 08:01,DD/MM/YYYY HH:MM
REC_000217,A0207,P1,B,200,0,400.0,06/10/2026 16:46,DD/MM/YYYY HH:MM
REC_000218,A0208,P1,B,200,0,400.0,06/10/2026 09:34,DD/MM/YYYY HH:MM
REC_000219,A0209,P1,A,200,0,400.0,06/10/2026 18:25,DD/MM/YYYY HH:MM
REC_000220,A0210,P1,A,200,0,400.0,06/10/2026 11:13,DD/MM/YYYY HH:MM
REC_000221,A0211,P1,B,200,0,400.0,06/10/2026 19:58,DD/MM/YYYY HH:MM
REC_000222,A0212,P1,B,200,0,400.0,06/10/2026 06:22,DD/MM/YYYY HH:MM
REC_000223,A0213,P1,A,200,0,400.0,06/10/2026 15:13,DD/MM/YYYY HH:MM
REC_000224,A0214,P1,A,200,0,400.0,06/10/2026 08:01,DD/MM/YYYY HH:MM
REC_000225,A0215,P1,B,200,0,400.0,06/10/2026 16:46,DD/MM/YYYY HH:MM
REC_000226,A0216,P1,B,200,0,400.0,06/10/2026 09:34,DD/MM/YYYY HH:MM
REC_000227,A0217,P1,A,200,0,400.0,06/10/2026 18:25,DD/MM/YYYY HH:MM
REC_000228,A0218,P1,A,200,0,400.0,06/10/2026 11:13,DD/MM/YYYY HH:MM
REC_000229,A0219,P1,B,200,0,400.0,06/10/2026 19:58,DD/MM/YYYY HH:MM
REC_000230,A0220,P1,B,200,0,400.0,06/10/2026 06:22,DD/MM/YYYY HH:MM
REC_000231,A0221,P1,A,200,0,400.0,06/10/2026 15:13,DD/MM/YYYY HH:MM
REC_000232,A0222,P1,A,200,0,400.0,06/10/2026 08:01,DD/MM/YYYY HH:MM
REC_000233,A0223,P1,B,200,0,400.0,06/10/2026 16:46,DD/MM/YYYY HH:MM
REC_000234,A0224,P1,B,200,0,400.0,06/10/2026 09:34,DD/MM/YYYY HH:MM
REC_000235,A0225,P1,A,200,0,400.0,06/10/2026 18:25,DD/MM/YYYY HH:MM
REC_000236,A0226,P1,A,200,0,400.0,06/10/2026 11:13,DD/MM/YYYY HH:MM
REC_000237,A0227,P1,B,200,0,400.0,06/10/2026 19:58,DD/MM/YYYY HH:MM
REC_000238,A0228,P1,B,200,0,400.0,06/10/2026 06:22,DD/MM/YYYY HH:MM
REC_000239,A0229,P1,A,200,0,400.0,06/10/2026 15:13,DD/MM/YYYY HH:MM
REC_000240,A0230,P1,A,200,0,400.0,06/10/2026 08:01,DD/MM/YYYY HH:MM
REC_000241,A0231,P1,B,200,0,400.0,06/10/2026 16:46,DD/MM/YYYY HH:MM
REC_000242,A0232,P1,B,200,0,400.0,06/10/2026 09:34,DD/MM/YYYY HH:MM
REC_000243,A0233,P1,A,200,0,400.0,07/10/2026 06:25,DD/MM/YYYY HH:MM
REC_000244,A0234,P1,A,200,0,400.0,07/10/2026 15:13,DD/MM/YYYY HH:MM
REC_000245,A0235,P1,B,200,0,400.0,07/10/2026 07:58,DD/MM/YYYY HH:MM
REC_000246,A0236,P1,B,200,0,400.0,07/10/2026 16:46,DD/MM/YYYY HH:MM
REC_000247,A0237,P1,A,200,0,400.0,07/10/2026 09:37,DD/MM/YYYY HH:MM
REC_000248,A0238,P1,A,200,0,400.0,07/10/2026 18:25,DD/MM/YYYY HH:MM
REC_000249,A0239,P1,B,200,0,400.0,07/10/2026 11:10,DD/MM/YYYY HH:MM
REC_000250,A0240,P1,B,200,0,400.0,07/10/2026 19:58,DD/MM/YYYY HH:MM
REC_000251,A0241,P1,A,200,0,400.0,07/10/2026 06:25,DD/MM/YYYY HH:MM
REC_000252,A0242,P1,A,200,0,400.0,07/10/2026 15:13,DD/MM/YYYY HH:MM
REC_000253,A0243,P1,B,200,0,400.0,07/10/2026 07:58,DD/MM/YYYY HH:MM
REC_000254,A0244,P1,B,200,0,400.0,07/10/2026 16:46,DD/MM/YYYY HH:MM
REC_000255,A0245,P1,A,200,0,400.0,07/10/2026 09:37,DD/MM/YYYY HH:MM
REC_000256,A0246,P1,A,200,0,400.0,07/10/2026 18:25,DD/MM/YYYY HH:MM
REC_000257,A0247,P1,B,200,0,400.0,07/10/2026 11:10,DD/MM/YYYY HH:MM
REC_000258,A0248,P1,B,200,0,400.0,07/10/2026 19:58,DD/MM/YYYY HH:MM
REC_000259,A0249,P1,A,200,0,400.0,07/10/2026 06:25,DD/MM/YYYY HH:MM
REC_000260,A0250,P1,A,200,0,400.0,07/10/2026 15:13,DD/MM/YYYY HH:MM
REC_000261,A0251,P1,B,200,0,400.0,07/10/2026 07:58,DD/MM/YYYY HH:MM
REC_000262,A0252,P1,B,198,2,396.0,07/10/2026 16:46,DD/MM/YYYY HH:MM
REC_000263,A0253,P1,A,200,0,400.0,07/10/2026 09:37,DD/MM/YYYY HH:MM
REC_000264,A0254,P1,A,200,0,400.0,07/10/2026 18:25,DD/MM/YYYY HH:MM
REC_000265,A0255,P1,B,200,0,400.0,07/10/2026 11:10,DD/MM/YYYY HH:MM
REC_000266,A0256,P1,B,200,0,400.0,07/10/2026 19:58,DD/MM/YYYY HH:MM
REC_000267,A0257,P1,A,200,0,400.0,07/10/2026 06:25,DD/MM/YYYY HH:MM
REC_000268,A0258,P1,A,200,0,400.0,07/10/2026 15:13,DD/MM/YYYY HH:MM
REC_000269,A0259,P1,B,200,0,400.0,07/10/2026 07:58,DD/MM/YYYY HH:MM
REC_000270,A0260,P1,B,200,0,400.0,07/10/2026 16:46,DD/MM/YYYY HH:MM
REC_000271,A0261,P1,A,200,0,400.0,08/10/2026 06:25,DD/MM/YYYY HH:MM
REC_000272,A0262,P1,A,200,0,400.0,08/10/2026 15:13,DD/MM/YYYY HH:MM
REC_000273,A0263,P1,B,200,0,400.0,08/10/2026 07:58,DD/MM/YYYY HH:MM
REC_000274,A0264,P1,B,200,0,400.0,08/10/2026 16:46,DD/MM/YYYY HH:MM
REC_000275,A0265,P1,A,200,0,400.0,08/10/2026 09:37,DD/MM/YYYY HH:MM
REC_000276,A0266,P1,A,200,0,400.0,08/10/2026 18:25,DD/MM/YYYY HH:MM
REC_000277,A0267,P1,B,200,0,400.0,08/10/2026 11:10,DD/MM/YYYY HH:MM
REC_000278,A0268,P1,B,200,0,400.0,08/10/2026 19:58,DD/MM/YYYY HH:MM
REC_000279,A0269,P1,A,200,0,400.0,08/10/2026 06:25,DD/MM/YYYY HH:MM
REC_000280,A0270,P1,A,200,0,400.0,08/10/2026 15:13,DD/MM/YYYY HH:MM
REC_000281,A0271,P1,B,200,0,400.0,08/10/2026 07:58,DD/MM/YYYY HH:MM
REC_000282,A0272,P1,B,200,0,400.0,08/10/2026 16:46,DD/MM/YYYY HH:MM
REC_000283,A0273,P1,A,200,0,400.0,08/10/2026 09:37,DD/MM/YYYY HH:MM
REC_000284,A0274,P1,A,200,0,400.0,08/10/2026 18:25,DD/MM/YYYY HH:MM
REC_000285,A0275,P1,B,200,0,400.0,08/10/2026 11:10,DD/MM/YYYY HH:MM
REC_000286,A0276,P1,B,200,0,400.0,08/10/2026 19:58,DD/MM/YYYY HH:MM
REC_000287,A0277,P1,A,200,0,400.0,08/10/2026 06:25,DD/MM/YYYY HH:MM
REC_000288,A0278,P1,A,200,0,400.0,08/10/2026 15:13,DD/MM/YYYY HH:MM
REC_000289,A0279,P1,B,200,0,400.0,08/10/2026 07:58,DD/MM/YYYY HH:MM
REC_000290,A0280,P1,B,200,0,400.0,08/10/2026 16:46,DD/MM/YYYY HH:MM
REC_000291,A0281,P1,A,200,0,400.0,08/10/2026 09:37,DD/MM/YYYY HH:MM
REC_000292,A0282,P1,A,200,0,400.0,08/10/2026 18:25,DD/MM/YYYY HH:MM
REC_000293,A0283,P1,B,200,0,400.0,08/10/2026 11:10,DD/MM/YYYY HH:MM
REC_000294,A0284,P1,B,200,0,400.0,08/10/2026 19:58,DD/MM/YYYY HH:MM
REC_000295,A0285,P1,A,200,0,400.0,08/10/2026 06:25,DD/MM/YYYY HH:MM
REC_000296,A0286,P1,A,200,0,400.0,08/10/2026 15:13,DD/MM/YYYY HH:MM
REC_000297,A0287,P1,B,198,2,396.0,08/10/2026 07:58,DD/MM/YYYY HH:MM
REC_000298,A0288,P1,B,200,0,400.0,08/10/2026 16:46,DD/MM/YYYY HH:MM
REC_000299,A0289,P1,A,200,0,400.0,09/10/2026 06:25,DD/MM/YYYY HH:MM
REC_000300,A0290,P1,A,200,0,400.0,09/10/2026 15:13,DD/MM/YYYY HH:MM
REC_000301,A0291,P1,B,200,0,400.0,09/10/2026 07:58,DD/MM/YYYY HH:MM
REC_000302,A0292,P1,B,200,0,400.0,09/10/2026 16:46,DD/MM/YYYY HH:MM
REC_000303,A0293,P1,A,200,0,400.0,09/10/2026 09:37,DD/MM/YYYY HH:MM
REC_000304,A0294,P1,A,200,0,400.0,09/10/2026 18:25,DD/MM/YYYY HH:MM
REC_000305,A0295,P1,B,200,0,400.0,09/10/2026 11:10,DD/MM/YYYY HH:MM
REC_000306,A0296,P1,B,200,0,400.0,09/10/2026 19:58,DD/MM/YYYY HH:MM
REC_000307,A0297,P1,A,200,0,400.0,09/10/2026 06:25,DD/MM/YYYY HH:MM
REC_000308,A0298,P1,A,200,0,400.0,09/10/2026 15:13,DD/MM/YYYY HH:MM
REC_000309,A0299,P1,B,200,0,400.0,09/10/2026 07:58,DD/MM/YYYY HH:MM
REC_000310,A0300,P1,B,200,0,400.0,09/10/2026 16:46,DD/MM/YYYY HH:MM
REC_000311,A0301,P1,A,200,0,400.0,09/10/2026 09:37,DD/MM/YYYY HH:MM
REC_000312,A0302,P1,A,200,0,400.0,09/10/2026 18:25,DD/MM/YYYY HH:MM
REC_000313,A0303,P1,B,200,0,400.0,09/10/2026 11:10,DD/MM/YYYY HH:MM
REC_000314,A0304,P1,B,200,0,400.0,09/10/2026 19:58,DD/MM/YYYY HH:MM
REC_000315,A0305,P1,A,200,0,400.0,09/10/2026 06:25,DD/MM/YYYY HH:MM
REC_000316,A0306,P1,A,200,0,400.0,09/10/2026 15:13,DD/MM/YYYY HH:MM
REC_000317,A0307,P1,B,200,0,400.0,09/10/2026 07:58,DD/MM/YYYY HH:MM
REC_000318,A0308,P1,B,200,0,400.0,09/10/2026 16:46,DD/MM/YYYY HH:MM
REC_000319,A0309,P1,A,200,0,400.0,09/10/2026 09:37,DD/MM/YYYY HH:MM
REC_000320,A0310,P1,A,200,0,400.0,09/10/2026 18:25,DD/MM/YYYY HH:MM
REC_000321,A0311,P1,B,200,0,400.0,09/10/2026 11:10,DD/MM/YYYY HH:MM
REC_000322,A0312,P1,B,200,0,400.0,09/10/2026 19:58,DD/MM/YYYY HH:MM
REC_000323,A0313,P1,A,200,0,400.0,09/10/2026 06:25,DD/MM/YYYY HH:MM
REC_000324,A0314,P1,A,200,0,400.0,09/10/2026 15:13,DD/MM/YYYY HH:MM
REC_000325,A0315,P1,B,200,0,400.0,09/10/2026 07:58,DD/MM/YYYY HH:MM
REC_000326,A0316,P1,B,200,0,400.0,09/10/2026 16:46,DD/MM/YYYY HH:MM
REC_000327,A0317,P1,A,200,0,400.0,10/10/2026 06:25,DD/MM/YYYY HH:MM
REC_000328,A0318,P1,A,200,0,400.0,10/10/2026 15:13,DD/MM/YYYY HH:MM
REC_000329,A0319,P1,B,200,0,400.0,10/10/2026 07:58,DD/MM/YYYY HH:MM
REC_000330,A0320,P1,B,200,0,400.0,10/10/2026 16:46,DD/MM/YYYY HH:MM
REC_000331,A0321,P1,A,200,0,400.0,10/10/2026 09:37,DD/MM/YYYY HH:MM
REC_000332,A0322,P1,A,200,0,400.0,10/10/2026 18:25,DD/MM/YYYY HH:MM
REC_000333,A0323,P1,B,200,0,400.0,10/10/2026 11:10,DD/MM/YYYY HH:MM
REC_000334,A0324,P1,B,200,0,400.0,10/10/2026 19:58,DD/MM/YYYY HH:MM
REC_000335,A0325,P1,A,200,0,400.0,10/10/2026 06:25,DD/MM/YYYY HH:MM
REC_000336,A0326,P1,A,200,0,400.0,10/10/2026 15:13,DD/MM/YYYY HH:MM
REC_000337,A0327,P1,B,200,0,400.0,10/10/2026 07:58,DD/MM/YYYY HH:MM
REC_000338,A0328,P1,B,200,0,400.0,10/10/2026 16:46,DD/MM/YYYY HH:MM
REC_000339,A0329,P1,A,200,0,400.0,10/10/2026 09:37,DD/MM/YYYY HH:MM
REC_000340,A0330,P1,A,200,0,400.0,10/10/2026 18:25,DD/MM/YYYY HH:MM
REC_000341,A0331,P1,B,200,0,400.0,10/10/2026 11:10,DD/MM/YYYY HH:MM
REC_000342,A0332,P1,B,200,0,400.0,10/10/2026 19:58,DD/MM/YYYY HH:MM
REC_000343,A0333,P1,A,200,0,400.0,10/10/2026 06:25,DD/MM/YYYY HH:MM
REC_000344,A0334,P1,A,200,0,400.0,10/10/2026 15:13,DD/MM/YYYY HH:MM
REC_000345,A0335,P1,B,200,0,400.0,10/10/2026 07:58,DD/MM/YYYY HH:MM
REC_000346,A0336,P1,B,200,0,400.0,10/10/2026 16:46,DD/MM/YYYY HH:MM
REC_000347,A0337,P1,A,200,0,400.0,10/10/2026 09:37,DD/MM/YYYY HH:MM
REC_000348,A0338,P1,A,200,0,400.0,10/10/2026 18:25,DD/MM/YYYY HH:MM
REC_000349,A0339,P1,B,200,0,400.0,10/10/2026 11:10,DD/MM/YYYY HH:MM
REC_000350,A0340,P1,B,200,0,400.0,10/10/2026 19:58,DD/MM/YYYY HH:MM
REC_000351,A0341,P1,A,200,0,400.0,10/10/2026 06:25,DD/MM/YYYY HH:MM
REC_000352,A0342,P1,A,200,0,400.0,10/10/2026 15:13,DD/MM/YYYY HH:MM
REC_000353,A0343,P1,B,198,2,396.0,10/10/2026 07:58,DD/MM/YYYY HH:MM
REC_000354,A0344,P1,B,200,0,400.0,10/10/2026 16:46,DD/MM/YYYY HH:MM
REC_000355,A0345,P1,A,200,0,400.0,11/10/2026 06:25,DD/MM/YYYY HH:MM
REC_000356,A0346,P1,A,200,0,400.0,11/10/2026 15:13,DD/MM/YYYY HH:MM
REC_000357,A0347,P1,B,200,0,400.0,11/10/2026 07:58,DD/MM/YYYY HH:MM
REC_000358,A0348,P1,B,200,0,400.0,11/10/2026 16:46,DD/MM/YYYY HH:MM
REC_000359,A0349,P1,A,200,0,400.0,11/10/2026 09:37,DD/MM/YYYY HH:MM
REC_000360,A0350,P1,A,200,0,400.0,11/10/2026 18:25,DD/MM/YYYY HH:MM
REC_000361,A0351,P1,B,198,2,396.0,11/10/2026 11:10,DD/MM/YYYY HH:MM
REC_000362,A0352,P1,B,200,0,400.0,11/10/2026 19:58,DD/MM/YYYY HH:MM
REC_000363,A0353,P1,A,200,0,400.0,11/10/2026 06:25,DD/MM/YYYY HH:MM
REC_000364,A0354,P1,A,200,0,400.0,11/10/2026 15:13,DD/MM/YYYY HH:MM
REC_000365,A0355,P1,B,200,0,400.0,11/10/2026 07:58,DD/MM/YYYY HH:MM
REC_000366,A0356,P1,B,200,0,400.0,11/10/2026 16:46,DD/MM/YYYY HH:MM
REC_000367,A0357,P1,A,200,0,400.0,11/10/2026 09:37,DD/MM/YYYY HH:MM
REC_000368,A0358,P1,A,200,0,400.0,11/10/2026 18:25,DD/MM/YYYY HH:MM
REC_000369,A0359,P1,B,200,0,400.0,11/10/2026 11:10,DD/MM/YYYY HH:MM
REC_000370,A0360,P1,B,200,0,400.0,11/10/2026 19:58,DD/MM/YYYY HH:MM
REC_000371,A0361,P1,A,200,0,400.0,11/10/2026 06:25,DD/MM/YYYY HH:MM
REC_000372,A0362,P1,A,200,0,400.0,11/10/2026 15:13,DD/MM/YYYY HH:MM
REC_000373,A0363,P1,B,200,0,400.0,11/10/2026 07:58,DD/MM/YYYY HH:MM
REC_000374,A0364,P1,B,200,0,400.0,11/10/2026 16:46,DD/MM/YYYY HH:MM
REC_000375,A0365,P1,A,200,0,400.0,11/10/2026 09:37,DD/MM/YYYY HH:MM
REC_000376,A0366,P1,A,200,0,400.0,11/10/2026 18:25,DD/MM/YYYY HH:MM
REC_000377,A0367,P1,B,200,0,400.0,11/10/2026 11:10,DD/MM/YYYY HH:MM
REC_000378,A0368,P1,B,200,0,400.0,11/10/2026 19:58,DD/MM/YYYY HH:MM
REC_000379,A0369,P1,A,200,0,400.0,11/10/2026 06:25,DD/MM/YYYY HH:MM
REC_000380,A0370,P1,A,200,0,400.0,11/10/2026 15:13,DD/MM/YYYY HH:MM
REC_000381,A0371,P1,B,200,0,400.0,11/10/2026 07:58,DD/MM/YYYY HH:MM
REC_000382,A0372,P1,B,200,0,400.0,11/10/2026 16:46,DD/MM/YYYY HH:MM
REC_000383,A0373,P1,A,200,0,400.0,12/10/2026 06:25,DD/MM/YYYY HH:MM
REC_000384,A0374,P1,A,198,2,396.0,12/10/2026 15:13,DD/MM/YYYY HH:MM
REC_000385,A0375,P1,B,200,0,400.0,12/10/2026 07:58,DD/MM/YYYY HH:MM
REC_000386,A0376,P1,B,200,0,400.0,12/10/2026 16:46,DD/MM/YYYY HH:MM
REC_000387,A0377,P1,A,200,0,400.0,12/10/2026 09:37,DD/MM/YYYY HH:MM
REC_000388,A0378,P1,A,200,0,400.0,12/10/2026 18:25,DD/MM/YYYY HH:MM
REC_000389,A0379,P1,B,200,0,400.0,12/10/2026 11:10,DD/MM/YYYY HH:MM
REC_000390,A0380,P1,B,200,0,400.0,12/10/2026 19:58,DD/MM/YYYY HH:MM
REC_000391,A0381,P1,A,200,0,400.0,12/10/2026 06:25,DD/MM/YYYY HH:MM
REC_000392,A0382,P1,A,200,0,400.0,12/10/2026 15:13,DD/MM/YYYY HH:MM
REC_000393,A0383,P1,B,200,0,400.0,12/10/2026 07:58,DD/MM/YYYY HH:MM
REC_000394,A0384,P1,B,200,0,400.0,12/10/2026 16:46,DD/MM/YYYY HH:MM
REC_000395,A0385,P1,A,200,0,400.0,12/10/2026 09:37,DD/MM/YYYY HH:MM
REC_000396,A0386,P1,A,200,0,400.0,12/10/2026 18:25,DD/MM/YYYY HH:MM
REC_000397,A0387,P1,B,200,0,400.0,12/10/2026 11:10,DD/MM/YYYY HH:MM
REC_000398,A0388,P1,B,200,0,400.0,12/10/2026 19:58,DD/MM/YYYY HH:MM
REC_000399,A0389,P1,A,200,0,400.0,12/10/2026 06:25,DD/MM/YYYY HH:MM
REC_000400,A0390,P1,A,200,0,400.0,12/10/2026 15:13,DD/MM/YYYY HH:MM
REC_000401,A0391,P1,B,200,0,400.0,12/10/2026 07:58,DD/MM/YYYY HH:MM
REC_000402,A0392,P1,B,200,0,400.0,12/10/2026 16:46,DD/MM/YYYY HH:MM
REC_000403,A0393,P1,A,200,0,400.0,12/10/2026 09:37,DD/MM/YYYY HH:MM
REC_000404,A0394,P1,A,200,0,400.0,12/10/2026 18:25,DD/MM/YYYY HH:MM
REC_000405,A0395,P1,B,200,0,400.0,12/10/2026 11:10,DD/MM/YYYY HH:MM
REC_000406,A0396,P1,B,200,0,400.0,12/10/2026 19:58,DD/MM/YYYY HH:MM
REC_000407,A0397,P1,A,200,0,400.0,12/10/2026 06:25,DD/MM/YYYY HH:MM
REC_000408,A0398,P1,A,200,0,400.0,12/10/2026 15:13,DD/MM/YYYY HH:MM
REC_000409,A0399,P1,B,200,0,400.0,12/10/2026 07:58,DD/MM/YYYY HH:MM
REC_000410,A0400,P1,B,200,0,400.0,12/10/2026 16:46,DD/MM/YYYY HH:MM
