source_order_no;model_code;source_line_code;qty;due_date_raw;ts_format;priority;customer_code;status
JT-0001;P1;A;1300;30/09/2026;DD/MM/YYYY;NORMAL;KHACH_X;OPEN
JT-0002;P2;A;600;30/09/2026;DD/MM/YYYY;NORMAL;KHACH_X;OPEN
JT-0003;P3;B;900;01/10/2026;DD/MM/YYYY;NORMAL;KHACH_X;OPEN
JT-0004;P4;B;600;01/10/2026;DD/MM/YYYY;NORMAL;KHACH_X;OPEN
JT-0005;P1;A;900;01/10/2026;DD/MM/YYYY;NORMAL;KHACH_X;OPEN
JT-0006;P2;A;600;02/10/2026;DD/MM/YYYY;NORMAL;KHACH_X;OPEN
JT-0007;P3;B;900;02/10/2026;DD/MM/YYYY;NORMAL;KHACH_X;OPEN
JT-0008;P4;B;600;02/10/2026;DD/MM/YYYY;NORMAL;KHACH_X;OPEN
JT-0009;P1;A;900;03/10/2026;DD/MM/YYYY;NORMAL;KHACH_X;OPEN
JT-0010;P2;A;600;03/10/2026;DD/MM/YYYY;NORMAL;KHACH_X;OPEN
JT-0011;P3;B;900;03/10/2026;DD/MM/YYYY;NORMAL;KHACH_X;OPEN
JT-0012;P4;B;600;04/10/2026;DD/MM/YYYY;URGENT;KHACH_X;OPEN
JT-0013;P1;A;900;04/10/2026;DD/MM/YYYY;NORMAL;KHACH_X;OPEN
JT-0014;P2;A;600;04/10/2026;DD/MM/YYYY;NORMAL;KHACH_X;OPEN
JT-0015;P3;B;900;05/10/2026;DD/MM/YYYY;NORMAL;KHACH_X;OPEN
JT-0016;P4;B;600;05/10/2026;DD/MM/YYYY;NORMAL;KHACH_X;OPEN
JT-0017;P1;A;900;05/10/2026;DD/MM/YYYY;NORMAL;KHACH_X;OPEN
JT-0018;P2;A;600;06/10/2026;DD/MM/YYYY;NORMAL;KHACH_X;OPEN
JT-0019;P3;B;900;06/10/2026;DD/MM/YYYY;NORMAL;KHACH_X;OPEN
JT-0020;P4;B;600;06/10/2026;DD/MM/YYYY;NORMAL;KHACH_X;OPEN
JT-0021;P1;A;900;07/10/2026;DD/MM/YYYY;NORMAL;KHACH_X;OPEN
JT-0022;P2;A;600;07/10/2026;DD/MM/YYYY;NORMAL;KHACH_X;OPEN
JT-0023;P3;B;900;07/10/2026;DD/MM/YYYY;NORMAL;KHACH_X;OPEN
JT-0024;P4;B;600;08/10/2026;DD/MM/YYYY;NORMAL;KHACH_X;OPEN
JT-0025;P1;A;900;08/10/2026;DD/MM/YYYY;NORMAL;KHACH_X;OPEN
JT-0026;P2;A;600;08/10/2026;DD/MM/YYYY;NORMAL;KHACH_X;OPEN
JT-0027;P3;B;900;09/10/2026;DD/MM/YYYY;NORMAL;KHACH_X;OPEN
JT-0028;P4;B;600;09/10/2026;DD/MM/YYYY;NORMAL;KHACH_X;OPEN
JT-0029;P1;A;900;09/10/2026;DD/MM/YYYY;NORMAL;KHACH_X;OPEN
JT-0030;P2;A;600;10/10/2026;DD/MM/YYYY;NORMAL;KHACH_X;OPEN
JT-0031;P3;B;900;10/10/2026;DD/MM/YYYY;NORMAL;KHACH_X;OPEN
JT-0032;P4;B;600;10/10/2026;DD/MM/YYYY;NORMAL;KHACH_X;OPEN
JT-0033;P1;A;900;11/10/2026;DD/MM/YYYY;NORMAL;KHACH_X;OPEN
JT-0034;P2;A;600;11/10/2026;DD/MM/YYYY;NORMAL;KHACH_X;OPEN
JT-0035;P3;B;900;11/10/2026;DD/MM/YYYY;NORMAL;KHACH_X;OPEN
JT-0036;P4;B;600;12/10/2026;DD/MM/YYYY;NORMAL;KHACH_X;OPEN
JT-0037;P1;A;900;12/10/2026;DD/MM/YYYY;NORMAL;KHACH_X;OPEN
JT-0038;P2;A;600;12/10/2026;DD/MM/YYYY;NORMAL;KHACH_X;OPEN
JT-0039;P3;B;900;12/10/2026;DD/MM/YYYY;NORMAL;KHACH_X;OPEN
JT-0040;P4;B;600;12/10/2026;DD/MM/YYYY;NORMAL;KHACH_X;OPEN
JT-0041;P1;A;900;12/10/2026;DD/MM/YYYY;NORMAL;KHACH_X;OPEN
JT-0042;P2;A;600;12/10/2026;DD/MM/YYYY;NORMAL;KHACH_X;OPEN
JT-0043;P3;B;900;12/10/2026;DD/MM/YYYY;NORMAL;KHACH_X;OPEN
JT-0044;P4;B;600;12/10/2026;DD/MM/YYYY;NORMAL;KHACH_X;OPEN
JT-0045;P1;A;900;12/10/2026;DD/MM/YYYY;NORMAL;KHACH_X;OPEN
